{
	"url": "https://www.tech.gov.sg/media/events/",
	"pageTitle": "Media",
	"totalItems": 638,
	"mustFix": {
		"totalItems": 1,
		"rules": {
			"listitem": {
				"description": "<li> elements must be contained in a <ul> or <ol>",
				"helpUrl": "https://dequeuniversity.com/rules/axe/4.7/listitem?application=purple-hats",
				"conformance": [
					"wcag2a",
					"wcag131"
				],
				"totalItems": 1,
				"items": [
					{
						"html": "<li class=\"navbar-item\"><a href=\"/contact-us/\" class=\"is-uppercase\">Contact Us</a><div class=\"selector  is-hidden-touch\"></div>\n                    </li>",
						"message": "Fix any of the following:\n  List item does not have a <ul>, <ol> parent element"
					}
				]
			}
		}
	},
	"goodToFix": {
		"totalItems": 29,
		"rules": {
			"duplicate-id": {
				"description": "id attribute value must be unique",
				"helpUrl": "https://dequeuniversity.com/rules/axe/4.7/duplicate-id?application=purple-hats",
				"conformance": [
					"wcag2a",
					"wcag411"
				],
				"totalItems": 6,
				"items": [
					{
						"html": "<span class=\"sgds-icon sgds-icon-chevron-down is-size-4 has-text-black\" id=\"filter-arrow\"></span>",
						"message": "Fix any of the following:\n  Document has multiple static elements with the same id attribute: filter-arrow"
					},
					{
						"html": "<a id=\"2018\" class=\"bp-dropdown-item padding--top--sm padding--bottom--none\"><p>2018</p></a>",
						"message": "Fix any of the following:\n  Document has multiple static elements with the same id attribute: 2018"
					},
					{
						"html": "<a id=\"2019\" class=\"bp-dropdown-item padding--top--sm padding--bottom--none\"><p>2019</p></a>",
						"message": "Fix any of the following:\n  Document has multiple static elements with the same id attribute: 2019"
					},
					{
						"html": "<a id=\"2020\" class=\"bp-dropdown-item padding--top--sm padding--bottom--none\"><p>2020</p></a>",
						"message": "Fix any of the following:\n  Document has multiple static elements with the same id attribute: 2020"
					},
					{
						"html": "<a id=\"2022\" class=\"bp-dropdown-item padding--top--sm padding--bottom--none\"><p>2022</p></a>",
						"message": "Fix any of the following:\n  Document has multiple static elements with the same id attribute: 2022"
					},
					{
						"html": "<a id=\"2023\" class=\"bp-dropdown-item padding--top--sm padding--bottom--none\"><p>2023</p></a>",
						"message": "Fix any of the following:\n  Document has multiple static elements with the same id attribute: 2023"
					}
				]
			},
			"heading-order": {
				"description": "Heading levels should only increase by one",
				"helpUrl": "https://dequeuniversity.com/rules/axe/4.7/heading-order?application=purple-hats",
				"conformance": [
					"best-practice"
				],
				"totalItems": 1,
				"items": [
					{
						"html": "<h5 class=\"has-text-white\"><b>GovTech STACKx Data &amp; AI 2023</b></h5>",
						"message": "Fix any of the following:\n  Heading order invalid"
					}
				]
			},
			"landmark-no-duplicate-contentinfo": {
				"description": "Document should not have more than one contentinfo landmark",
				"helpUrl": "https://dequeuniversity.com/rules/axe/4.7/landmark-no-duplicate-contentinfo?application=purple-hats",
				"conformance": [
					"best-practice"
				],
				"totalItems": 1,
				"items": [
					{
						"html": "<footer class=\"bp-footer top-section\" onclick=\"\">",
						"message": "Fix any of the following:\n  Document has more than one contentinfo landmark"
					}
				]
			},
			"landmark-one-main": {
				"description": "Document should have one main landmark",
				"helpUrl": "https://dequeuniversity.com/rules/axe/4.7/landmark-one-main?application=purple-hats",
				"conformance": [
					"best-practice"
				],
				"totalItems": 1,
				"items": [
					{
						"html": "<html lang=\"en\" class=\" js flexbox flexboxlegacy canvas canvastext webgl no-touch geolocation postmessage websqldatabase indexeddb hashchange history draganddrop websockets rgba hsla multiplebgs backgroundsize borderimage borderradius boxshadow textshadow opacity cssanimations csscolumns cssgradients cssreflections csstransforms csstransforms3d csstransitions fontface generatedcontent video audio localstorage sessionstorage webworkers no-applicationcache svg inlinesvg smil svgclippaths\">",
						"message": "Fix all of the following:\n  Document does not have a main landmark"
					}
				]
			},
			"landmark-unique": {
				"description": "Ensures landmarks are unique",
				"helpUrl": "https://dequeuniversity.com/rules/axe/4.7/landmark-unique?application=purple-hats",
				"conformance": [
					"best-practice"
				],
				"totalItems": 1,
				"items": [
					{
						"html": "<footer class=\"bp-footer top-section\" onclick=\"\">",
						"message": "Fix any of the following:\n  The landmark must have a unique aria-label, aria-labelledby, or title to make landmarks distinguishable"
					}
				]
			},
			"region": {
				"description": "All page content should be contained by landmarks",
				"helpUrl": "https://dequeuniversity.com/rules/axe/4.7/region?application=purple-hats",
				"conformance": [
					"best-practice"
				],
				"totalItems": 19,
				"items": [
					{
						"html": "<div class=\"masthead-layout\" id=\"bp-masthead\">",
						"message": "Fix any of the following:\n  Some page content is not contained by landmarks"
					},
					{
						"html": "<div class=\"bp-container \">\n        <div class=\"row\">\n            <div class=\"col\">\n                <h1 class=\"has-text-white\"><b>Media</b></h1>\n            </div>\n        </div>\n    </div>",
						"message": "Fix any of the following:\n  Some page content is not contained by landmarks"
					},
					{
						"html": "<div class=\"col is-three-quarters-desktop is-fullwidth bp-overflow-buttons padding--left--none padding--right--none\">",
						"message": "Fix any of the following:\n  Some page content is not contained by landmarks"
					},
					{
						"html": "<a class=\"bp-dropdown-button hero-dropdown is-centered padding--none\" aria-haspopup=\"true\" aria-controls=\"hero-dropdown-menu\">",
						"message": "Fix any of the following:\n  Some page content is not contained by landmarks"
					},
					{
						"html": "<div class=\"col is-one-quarter-widescreen is-one-third-desktop is-half-tablet resource-card-element\" id=\"2023\">",
						"message": "Fix any of the following:\n  Some page content is not contained by landmarks"
					},
					{
						"html": "<div class=\"col is-one-quarter-widescreen is-one-third-desktop is-half-tablet resource-card-element\" id=\"2023\">",
						"message": "Fix any of the following:\n  Some page content is not contained by landmarks"
					},
					{
						"html": "<div class=\"col is-one-quarter-widescreen is-one-third-desktop is-half-tablet resource-card-element\" id=\"2022\">",
						"message": "Fix any of the following:\n  Some page content is not contained by landmarks"
					},
					{
						"html": "<div class=\"col is-one-quarter-widescreen is-one-third-desktop is-half-tablet resource-card-element\" id=\"2022\">",
						"message": "Fix any of the following:\n  Some page content is not contained by landmarks"
					},
					{
						"html": "<div class=\"col is-one-quarter-widescreen is-one-third-desktop is-half-tablet resource-card-element\" id=\"2020\">",
						"message": "Fix any of the following:\n  Some page content is not contained by landmarks"
					},
					{
						"html": "<div class=\"col is-one-quarter-widescreen is-one-third-desktop is-half-tablet resource-card-element\" id=\"2020\">",
						"message": "Fix any of the following:\n  Some page content is not contained by landmarks"
					},
					{
						"html": "<div class=\"col is-one-quarter-widescreen is-one-third-desktop is-half-tablet resource-card-element\" id=\"2020\">",
						"message": "Fix any of the following:\n  Some page content is not contained by landmarks"
					},
					{
						"html": "<div class=\"col is-one-quarter-widescreen is-one-third-desktop is-half-tablet resource-card-element\" id=\"2019\">",
						"message": "Fix any of the following:\n  Some page content is not contained by landmarks"
					},
					{
						"html": "<div class=\"col is-one-quarter-widescreen is-one-third-desktop is-half-tablet resource-card-element\" id=\"2019\">",
						"message": "Fix any of the following:\n  Some page content is not contained by landmarks"
					},
					{
						"html": "<div class=\"col is-one-quarter-widescreen is-one-third-desktop is-half-tablet resource-card-element\" id=\"2019\">",
						"message": "Fix any of the following:\n  Some page content is not contained by landmarks"
					},
					{
						"html": "<div class=\"col is-one-quarter-widescreen is-one-third-desktop is-half-tablet resource-card-element\" id=\"2019\">",
						"message": "Fix any of the following:\n  Some page content is not contained by landmarks"
					},
					{
						"html": "<div class=\"col is-one-quarter-widescreen is-one-third-desktop is-half-tablet resource-card-element\" id=\"2018\">",
						"message": "Fix any of the following:\n  Some page content is not contained by landmarks"
					},
					{
						"html": "<div class=\"search pagination padding--bottom--xl\" style=\"display: flex;\">",
						"message": "Fix any of the following:\n  Some page content is not contained by landmarks"
					},
					{
						"html": "<div class=\"sc-EHOje hclKXJ\">Chat with Gayle!</div>",
						"message": "Fix any of the following:\n  Some page content is not contained by landmarks"
					},
					{
						"html": "<div class=\"sc-bwzfXH cRwaRu\"><img alt=\"Bot Launcher\" src=\"https://www.tech.gov.sg/images/AskGayle-gif.gif\" class=\"sc-htpNat iUqtne\"></div>",
						"message": "Fix any of the following:\n  Some page content is not contained by landmarks"
					}
				]
			}
		}
	},
	"passed": {
		"totalItems": 608,
		"rules": {
			"aria-allowed-attr": {
				"description": "Elements must only use allowed ARIA attributes",
				"helpUrl": "https://dequeuniversity.com/rules/axe/4.7/aria-allowed-attr?application=purple-hats",
				"conformance": [
					"wcag2a",
					"wcag412"
				],
				"totalItems": 2,
				"items": [
					{
						"html": "<nav class=\"bp-breadcrumb\" aria-label=\"breadcrumbs\">\n    <ul>\n        <li><a href=\"/\"><small>HOME</small></a></li><li><a href=\"/media/\"><small>MEDIA</small></a></li><li><a href=\"/media/events/\"><small>EVENTS</small></a></li></ul>\n</nav>"
					},
					{
						"html": "<a class=\"bp-dropdown-button hero-dropdown is-centered padding--none\" aria-haspopup=\"true\" aria-controls=\"hero-dropdown-menu\">"
					}
				]
			},
			"aria-allowed-role": {
				"description": "ARIA role should be appropriate for the element",
				"helpUrl": "https://dequeuniversity.com/rules/axe/4.7/aria-allowed-role?application=purple-hats",
				"conformance": [
					"best-practice"
				],
				"totalItems": 1,
				"items": [
					{
						"html": "<div class=\"bp-dropdown-menu has-text-left\" id=\"hero-dropdown-menu\" role=\"menu\">"
					}
				]
			},
			"aria-hidden-body": {
				"description": "aria-hidden='true' must not be present on the document body",
				"helpUrl": "https://dequeuniversity.com/rules/axe/4.7/aria-hidden-body?application=purple-hats",
				"conformance": [
					"wcag2a",
					"wcag412"
				],
				"totalItems": 1,
				"items": [
					{
						"html": "<body>"
					}
				]
			},
			"aria-hidden-focus": {
				"description": "ARIA hidden element must not be focusable or contain focusable elements",
				"helpUrl": "https://dequeuniversity.com/rules/axe/4.7/aria-hidden-focus?application=purple-hats",
				"conformance": [
					"wcag2a",
					"wcag412"
				],
				"totalItems": 6,
				"items": [
					{
						"html": "<svg class=\"webchat-MuiSvgIcon-root webchat-MuiSvgIcon-fontSizeInherit\" focusable=\"false\" viewBox=\"0 0 24 24\" aria-hidden=\"true\"><path d=\"M19 6.41L17.59 5 12 10.59 6.41 5 5 6.41 10.59 12 5 17.59 6.41 19 12 13.41 17.59 19 19 17.59 13.41 12z\"></path></svg>"
					},
					{
						"html": "<svg class=\"webchat-MuiSvgIcon-root sc-hMqMXs hIhkfF webchat-MuiSvgIcon-fontSizeLarge\" focusable=\"false\" viewBox=\"0 0 24 24\" aria-hidden=\"true\"><path d=\"M6 19h12v2H6z\"></path></svg>"
					},
					{
						"html": "<svg class=\"webchat-MuiSvgIcon-root sc-kEYyzF hDYwcu webchat-MuiSvgIcon-fontSizeLarge\" focusable=\"false\" viewBox=\"0 0 24 24\" aria-hidden=\"true\"><path d=\"M19 6.41L17.59 5 12 10.59 6.41 5 5 6.41 10.59 12 5 17.59 6.41 19 12 13.41 17.59 19 19 17.59 13.41 12z\"></path></svg>"
					},
					{
						"html": "<svg class=\"webchat-MuiSvgIcon-root webchat-MuiSvgIcon-fontSizeSmall\" focusable=\"false\" viewBox=\"0 0 24 24\" color=\"white\" aria-hidden=\"true\"><path d=\"M2.01 21L23 12 2.01 3 2 10l15 2-15 2z\"></path></svg>"
					},
					{
						"html": "<svg class=\"webchat-MuiSvgIcon-root sc-cEvuZC eDihvL\" focusable=\"false\" viewBox=\"0 0 24 24\" aria-hidden=\"true\">"
					},
					{
						"html": "<svg class=\"webchat-MuiSvgIcon-root sc-kXeGPI bHMygo\" focusable=\"false\" viewBox=\"0 0 24 24\" aria-hidden=\"true\"><path d=\"M12 16.5l4-4h-3v-9h-2v9H8l4 4zm9-13h-6v1.99h6v14.03H3V5.49h6V3.5H3c-1.1 0-2 .9-2 2v14c0 1.1.9 2 2 2h18c1.1 0 2-.9 2-2v-14c0-1.1-.9-2-2-2z\"></path></svg>"
					}
				]
			},
			"aria-valid-attr-value": {
				"description": "ARIA attributes must conform to valid values",
				"helpUrl": "https://dequeuniversity.com/rules/axe/4.7/aria-valid-attr-value?application=purple-hats",
				"conformance": [
					"wcag2a",
					"wcag412"
				],
				"totalItems": 2,
				"items": [
					{
						"html": "<nav class=\"bp-breadcrumb\" aria-label=\"breadcrumbs\">\n    <ul>\n        <li><a href=\"/\"><small>HOME</small></a></li><li><a href=\"/media/\"><small>MEDIA</small></a></li><li><a href=\"/media/events/\"><small>EVENTS</small></a></li></ul>\n</nav>"
					},
					{
						"html": "<a class=\"bp-dropdown-button hero-dropdown is-centered padding--none\" aria-haspopup=\"true\" aria-controls=\"hero-dropdown-menu\">"
					}
				]
			},
			"aria-valid-attr": {
				"description": "ARIA attributes must conform to valid names",
				"helpUrl": "https://dequeuniversity.com/rules/axe/4.7/aria-valid-attr?application=purple-hats",
				"conformance": [
					"wcag2a",
					"wcag412"
				],
				"totalItems": 2,
				"items": [
					{
						"html": "<nav class=\"bp-breadcrumb\" aria-label=\"breadcrumbs\">\n    <ul>\n        <li><a href=\"/\"><small>HOME</small></a></li><li><a href=\"/media/\"><small>MEDIA</small></a></li><li><a href=\"/media/events/\"><small>EVENTS</small></a></li></ul>\n</nav>"
					},
					{
						"html": "<a class=\"bp-dropdown-button hero-dropdown is-centered padding--none\" aria-haspopup=\"true\" aria-controls=\"hero-dropdown-menu\">"
					}
				]
			},
			"avoid-inline-spacing": {
				"description": "Inline text spacing must be adjustable with custom stylesheets",
				"helpUrl": "https://dequeuniversity.com/rules/axe/4.7/avoid-inline-spacing?application=purple-hats",
				"conformance": [
					"wcag21aa",
					"wcag1412"
				],
				"totalItems": 7,
				"items": [
					{
						"html": "<span class=\"sgds-icon sgds-icon-sg-crest is-size-5\" style=\"color:red\"></span>"
					},
					{
						"html": "<span style=\"display: table-cell; vertical-align: middle\">"
					},
					{
						"html": "<img src=\"https://d33wubrfki0l68.cloudfront.net/7b7e8b84b8180770131a2838266cc18409b22293/545c3/images/logo_govtech_hort.gif\" alt=\"Homepage\" style=\"max-height:75px;max-width:200px;height:auto;width:auto;\">"
					},
					{
						"html": "<a class=\"bp-button is-text is-large\" style=\"text-decoration: none\" id=\"search-activate\">\n                        <span class=\"sgds-icon sgds-icon-search is-size-4\"></span>\n                    </a>"
					},
					{
						"html": "<div class=\"search pagination padding--bottom--xl\" style=\"display: flex;\">"
					},
					{
						"html": "<span class=\"selected-page\" style=\"display: inline-block; pointer-events: none;\">1</span>"
					},
					{
						"html": "<span class=\"\" style=\"display: inline-block;\">2</span>"
					}
				]
			},
			"bypass": {
				"description": "Page must have means to bypass repeated blocks",
				"helpUrl": "https://dequeuniversity.com/rules/axe/4.7/bypass?application=purple-hats",
				"conformance": [
					"wcag2a",
					"wcag241"
				],
				"totalItems": 1,
				"items": [
					{
						"html": "<html lang=\"en\" class=\" js flexbox flexboxlegacy canvas canvastext webgl no-touch geolocation postmessage websqldatabase indexeddb hashchange history draganddrop websockets rgba hsla multiplebgs backgroundsize borderimage borderradius boxshadow textshadow opacity cssanimations csscolumns cssgradients cssreflections csstransforms csstransforms3d csstransitions fontface generatedcontent video audio localstorage sessionstorage webworkers no-applicationcache svg inlinesvg smil svgclippaths\">"
					}
				]
			},
			"color-contrast": {
				"description": "Elements must meet minimum color contrast ratio thresholds",
				"helpUrl": "https://dequeuniversity.com/rules/axe/4.7/color-contrast?application=purple-hats",
				"conformance": [
					"wcag2aa",
					"wcag143"
				],
				"totalItems": 103,
				"items": [
					{
						"html": "<span class=\"is-text\">\n                                A Singapore Government Agency Website \n                            </span>"
					},
					{
						"html": "<span class=\"is-text bp-masthead-button-text\">\n                                    How to identify\n                                </span>"
					},
					{
						"html": "<input class=\"input is-fullwidth\" id=\"search-box-mobile\" type=\"text\" placeholder=\"What are you looking for?\" name=\"query\">"
					},
					{
						"html": "<a class=\"navbar-link is-uppercase\" href=\"/digital-government-transformation/\">Digital Gov Transformation</a>"
					},
					{
						"html": "<a class=\"navbar-link is-uppercase\" href=\"/who-we-are/our-role/\">Who We Are</a>"
					},
					{
						"html": "<a class=\"navbar-link is-uppercase\" href=\"/careers/overview\">Careers</a>"
					},
					{
						"html": "<a class=\"navbar-link is-uppercase\" href=\"/media/\">Media</a>"
					},
					{
						"html": "<a href=\"/contact-us/\" class=\"is-uppercase\">Contact Us</a>"
					},
					{
						"html": "<input class=\"input is-fullwidth is-large\" id=\"search-box\" type=\"text\" placeholder=\"What are you looking for?\" name=\"query\" autocomplete=\"off\">"
					},
					{
						"html": "<small>HOME</small>"
					},
					{
						"html": "<small>MEDIA</small>"
					},
					{
						"html": "<small>EVENTS</small>"
					},
					{
						"html": "<b>Media</b>"
					},
					{
						"html": "<b>ALL</b>"
					},
					{
						"html": "<b>media releases</b>"
					},
					{
						"html": "<b>speeches</b>"
					},
					{
						"html": "<b>technews</b>"
					},
					{
						"html": "<b>corporate publications</b>"
					},
					{
						"html": "<b>events</b>"
					},
					{
						"html": "<b>advisory</b>"
					},
					{
						"html": "<b>awards</b>"
					},
					{
						"html": "<div class=\"sgds-selector has-text-black\" id=\"sgds-selector-text-desktop\">Recent</div>"
					},
					{
						"html": "<select id=\"year-filter-mobile\" class=\"sgds-selector\">"
					},
					{
						"html": "<small class=\"has-text-white padding--bottom\">EVENTS</small>"
					},
					{
						"html": "<b>GovTech STACKx Data &amp; AI 2023</b>"
					},
					{
						"html": "<small class=\"has-text-white is-inline\">16 MAY 2023</small>"
					},
					{
						"html": "<small class=\"has-text-white padding--bottom\">EVENTS</small>"
					},
					{
						"html": "<b>Smart Nation &amp; Digital Government Industry Briefing 2023</b>"
					},
					{
						"html": "<small class=\"has-text-white is-inline\">18 APR 2023</small>"
					},
					{
						"html": "<small class=\"has-text-white padding--bottom\">EVENTS</small>"
					},
					{
						"html": "<b>GovTech STACK Developer Conference 2022</b>"
					},
					{
						"html": "<small class=\"has-text-white is-inline\">20 SEP 2022</small>"
					},
					{
						"html": "<small class=\"has-text-white padding--bottom\">EVENTS</small>"
					},
					{
						"html": "<b>TechHunt 2022</b>"
					},
					{
						"html": "<small class=\"has-text-white is-inline\">25 JUL 2022</small>"
					},
					{
						"html": "<small class=\"has-text-white padding--bottom\">EVENTS</small>"
					},
					{
						"html": "<b>STACK Developer Conference 2020</b>"
					},
					{
						"html": "<small class=\"has-text-white is-inline\">27 OCT 2020</small>"
					},
					{
						"html": "<small class=\"has-text-white padding--bottom\">EVENTS</small>"
					},
					{
						"html": "<b>SG:D Techblazer Awards 2020</b>"
					},
					{
						"html": "<small class=\"has-text-white is-inline\">01 JUL 2020</small>"
					},
					{
						"html": "<small class=\"has-text-white padding--bottom\">EVENTS</small>"
					},
					{
						"html": "<b>Smart Nation and Digital Government Industry Briefing 2020 -  Re-Engineering the Government Operating System</b>"
					},
					{
						"html": "<small class=\"has-text-white is-inline\">01 JUL 2020</small>"
					},
					{
						"html": "<small class=\"has-text-white padding--bottom\">EVENTS</small>"
					},
					{
						"html": "<b>TechHunt @ GovTech (27 November)</b>"
					},
					{
						"html": "<small class=\"has-text-white is-inline\">11 NOV 2019</small>"
					},
					{
						"html": "<small class=\"has-text-white padding--bottom\">EVENTS</small>"
					},
					{
						"html": "<b>STACK-X: Experience Reimagined</b>"
					},
					{
						"html": "<small class=\"has-text-white is-inline\">25 JUL 2019</small>"
					},
					{
						"html": "<small class=\"has-text-white padding--bottom\">EVENTS</small>"
					},
					{
						"html": "<b>SG:D Techblazer Awards 2019</b>"
					},
					{
						"html": "<small class=\"has-text-white is-inline\">05 JUL 2019</small>"
					},
					{
						"html": "<small class=\"has-text-white padding--bottom\">EVENTS</small>"
					},
					{
						"html": "<b>Smart Nation &amp; Digital Government Industry Briefing 2019 (28 May)</b>"
					},
					{
						"html": "<small class=\"has-text-white is-inline\">20 APR 2019</small>"
					},
					{
						"html": "<small class=\"has-text-white padding--bottom\">EVENTS</small>"
					},
					{
						"html": "<b>STACK 2018 Developer Conference</b>"
					},
					{
						"html": "<small class=\"has-text-white is-inline\">03 OCT 2018</small>"
					},
					{
						"html": "<span class=\"selected-page\" style=\"display: inline-block; pointer-events: none;\">1</span>"
					},
					{
						"html": "<span class=\"\" style=\"display: inline-block;\">2</span>"
					},
					{
						"html": "<b>Government Technology Agency</b>"
					},
					{
						"html": "<a class=\"has-text-white\" href=\"/digital-government-transformation/\">Digital Gov Transformation</a>"
					},
					{
						"html": "<a href=\"/digital-government-transformation/\">Overview</a>"
					},
					{
						"html": "<a href=\"/digital-government-blueprint/\">Digital Government Blueprint</a>"
					},
					{
						"html": "<a href=\"/singapore-digital-government-journey/\">Singapore Digital Government Journey</a>"
					},
					{
						"html": "<a href=\"/international-partnerships/\">International Partnerships</a>"
					},
					{
						"html": "<a href=\"/products-and-services/\">Products and Services</a>"
					},
					{
						"html": "<a href=\"/digital-standards-and-guides/\">Digital Standards and Guides</a>"
					},
					{
						"html": "<a href=\"/get-involved/\">Get Involved</a>"
					},
					{
						"html": "<a class=\"has-text-white\" href=\"/who-we-are/our-role/\">Who We Are</a>"
					},
					{
						"html": "<a href=\"/who-we-are/our-role/\">Our Role</a>"
					},
					{
						"html": "<a href=\"/who-we-are/our-journey/\">Our Journey</a>"
					},
					{
						"html": "<a href=\"/who-we-are/our-culture-and-values/\">Our Culture and Values</a>"
					},
					{
						"html": "<a href=\"/who-we-are/our-digital-government-rankings/\">Our Digital Government Rankings</a>"
					},
					{
						"html": "<a href=\"/who-we-are/our-statistics/\">Our Statistics</a>"
					},
					{
						"html": "<a href=\"/who-we-are/our-team/\">Our Team</a>"
					},
					{
						"html": "<a class=\"has-text-white\" href=\"/careers/overview\">Careers</a>"
					},
					{
						"html": "<a href=\"/careers/how-we-hire/\">How We Hire</a>"
					},
					{
						"html": "<a href=\"/careers/how-we-work/\">How We Work</a>"
					},
					{
						"html": "<a href=\"/careers/students-and-graduates/\">Students and Graduates</a>"
					},
					{
						"html": "<a href=\"/careers/smart-nation-fellowship-programme/\">Smart Nation Fellowship Programme</a>"
					},
					{
						"html": "<a href=\"/careers/the-govtech-network/\">Our Alumni Network</a>"
					},
					{
						"html": "<a href=\"https://go.gov.sg/govtechjobs\" target=\"_blank\" rel=\"noreferrer\">Apply Now</a>"
					},
					{
						"html": "<a class=\"has-text-white\" href=\"/media/\">Media</a>"
					},
					{
						"html": "<a href=\"/media/\">All</a>"
					},
					{
						"html": "<a href=\"/media/corporate-publications/\">Corporate Publications</a>"
					},
					{
						"html": "<a href=\"/media/events/\">Events</a>"
					},
					{
						"html": "<a href=\"/media/media-releases/\">Media Releases</a>"
					},
					{
						"html": "<a href=\"/media/speeches/\">Speeches</a>"
					},
					{
						"html": "<a href=\"/media/technews/\">TechNews</a>"
					},
					{
						"html": "<a href=\"/media/blogs/listing\">Blogs</a>"
					},
					{
						"html": "<a href=\"/media/advisory/\">Advisory</a>"
					},
					{
						"html": "<a href=\"/media/awards/\">Awards</a>"
					},
					{
						"html": "<a href=\"https://www.tech.gov.sg/report_vulnerability/\">Report Vulnerability</a>"
					},
					{
						"html": "<a href=\"/privacy/\">Privacy Statement</a>"
					},
					{
						"html": "<a href=\"/terms-of-use/\">Terms of Use</a>"
					},
					{
						"html": "<a href=\"/contact-us/\">Contact Us</a>"
					},
					{
						"html": "<a href=\"https://www.isomer.gov.sg/\" target=\"_blank\" rel=\"noreferrer\">Created with <img src=\"https://d33wubrfki0l68.cloudfront.net/7bc26ce7839bcc7a936ec9c308ac45665449bc82/52d82/assets/img/isomer_logo.svg\" alt=\"Isomer Logo\"></a>"
					},
					{
						"html": "<a href=\"https://www.open.gov.sg/\" target=\"_blank\" rel=\"noreferrer\">Built by <img src=\"https://d33wubrfki0l68.cloudfront.net/c2bb36a32e45d17d45480da41cb77ed18a9d0c76/58074/assets/img/ogp_logo.svg\" alt=\"Open Government Products Logo\"></a>"
					},
					{
						"html": "<p class=\"footer-credits\">\n                      © 2023\n                          Government Technology Agency, Last Updated 08 Aug 2023</p>"
					},
					{
						"html": "<div class=\"sc-EHOje hclKXJ\">Chat with Gayle!</div>"
					},
					{
						"html": "<textarea rows=\"1\" placeholder=\"Type your message here\" maxlength=\"256\" class=\"sc-jrIrqw hnSPhv\"></textarea>"
					}
				]
			},
			"document-title": {
				"description": "Documents must have <title> element to aid in navigation",
				"helpUrl": "https://dequeuniversity.com/rules/axe/4.7/document-title?application=purple-hats",
				"conformance": [
					"wcag2a",
					"wcag242"
				],
				"totalItems": 1,
				"items": [
					{
						"html": "<html lang=\"en\" class=\" js flexbox flexboxlegacy canvas canvastext webgl no-touch geolocation postmessage websqldatabase indexeddb hashchange history draganddrop websockets rgba hsla multiplebgs backgroundsize borderimage borderradius boxshadow textshadow opacity cssanimations csscolumns cssgradients cssreflections csstransforms csstransforms3d csstransitions fontface generatedcontent video audio localstorage sessionstorage webworkers no-applicationcache svg inlinesvg smil svgclippaths\">"
					}
				]
			},
			"duplicate-id-aria": {
				"description": "IDs used in ARIA and labels must be unique",
				"helpUrl": "https://dequeuniversity.com/rules/axe/4.7/duplicate-id-aria?application=purple-hats",
				"conformance": [
					"wcag2a",
					"wcag411"
				],
				"totalItems": 1,
				"items": [
					{
						"html": "<div class=\"bp-dropdown-menu has-text-left\" id=\"hero-dropdown-menu\" role=\"menu\">"
					}
				]
			},
			"duplicate-id": {
				"description": "id attribute value must be unique",
				"helpUrl": "https://dequeuniversity.com/rules/axe/4.7/duplicate-id?application=purple-hats",
				"conformance": [
					"wcag2a",
					"wcag411"
				],
				"totalItems": 23,
				"items": [
					{
						"html": "<div class=\"masthead-container\" id=\"navbar\" onclick=\"\">"
					},
					{
						"html": "<div class=\"masthead-layout\" id=\"bp-masthead\">"
					},
					{
						"html": "<span class=\"bp-masthead-button\" id=\"masthead-dropdown-button\">"
					},
					{
						"html": "<span class=\"sgds-icon sgds-icon-chevron-down is-size-7\" id=\"masthead-chevron\"></span>"
					},
					{
						"html": "<div class=\"masthead-divider is-hidden\" id=\"masthead-divider\" style=\"padding-left: -12px; padding-right:-12px;\"></div>"
					},
					{
						"html": "<div class=\"col banner-content-layout is-hidden\" id=\"banner-content\">"
					},
					{
						"html": "<div id=\"navbarExampleTransparentExample\" class=\"bp-container is-fluid margin--none navbar-menu\">"
					},
					{
						"html": "<input class=\"input is-fullwidth\" id=\"search-box-mobile\" type=\"text\" placeholder=\"What are you looking for?\" name=\"query\">"
					},
					{
						"html": "<a class=\"bp-button is-text is-large\" style=\"text-decoration: none\" id=\"search-activate\">\n                        <span class=\"sgds-icon sgds-icon-search is-size-4\"></span>\n                    </a>"
					},
					{
						"html": "<div class=\"bp-container hide is-hidden-touch is-hidden-desktop-only search-bar\" id=\"search-bar\">"
					},
					{
						"html": "<input class=\"input is-fullwidth is-large\" id=\"search-box\" type=\"text\" placeholder=\"What are you looking for?\" name=\"query\" autocomplete=\"off\">"
					},
					{
						"html": "<div id=\"main-content\" onclick=\"\">"
					},
					{
						"html": "<div class=\"sgds-selector has-text-black\" id=\"sgds-selector-text-desktop\">Recent</div>"
					},
					{
						"html": "<div id=\"year-filter-desktop\" class=\"bp-dropdown-content is-centered\">"
					},
					{
						"html": "<a class=\"bp-dropdown-item padding--top--sm padding--bottom--none\" id=\"apply-filter-recent\">\n                            <p>Recent</p>\n                        </a>"
					},
					{
						"html": "<select id=\"year-filter-mobile\" class=\"sgds-selector\">"
					},
					{
						"html": "<div id=\"paginator-pages\"><span class=\"selected-page\" style=\"display: inline-block; pointer-events: none;\">1</span><span class=\"\" style=\"display: inline-block;\">2</span></div>"
					},
					{
						"html": "<div class=\"col is-one-fifth is-hidden-mobile is-hidden-tablet-only\" id=\"social-link-desktop\">"
					},
					{
						"html": "<div class=\"col is-one-quarter is-hidden-mobile is-hidden-desktop\" id=\"social-link-tablet\">"
					},
					{
						"html": "<script type=\"text/javascript\" id=\"\">"
					},
					{
						"html": "<div id=\"webchat\" app-id=\"gt-ask-gayle\" app-name=\"AskGayle\" app-color=\"#B41E8E\" app-icon=\"https://www.tech.gov.sg/images/AskGayle-gif.gif\" app-subtitle=\"\" app-welcome-message=\"Chat with Gayle!\" app-base-font-size=\"16\" app-position-right=\"40\" app-position-bottom=\"40\" app-enable-auto-complete=\"true\" app-enable-recommendations=\"false\" app-auto-launch=\"false\" app-bot-response-trigger-event=\"false\" app-quick-launch-event=\"welcome\" app-foreground-color1=\"#F5F5F5\" app-foreground-color-2=\"#4D4D4F\" app-background-color2=\"#F5F5F5\" app-canvas-background-color=\"#E3E3E3\" app-button-border-color=\"#B41E8E\" app-quick-reply-button-background-color=\"#F5F5F5\" app-auto-complete-background-color=\"#E5CFE0\" app-auto-complete-foreground-color=\"#4D4D4F\" app-auto-complete-hover-color=\"#E2ABD4\" app-auto-complete-divider-color=\"#B41E8E\" app-recommendations-background-color=\"#E5CFE0\" app-recommendations-foreground-color=\"#4D4D4F\" app-recommendations-hover-color=\"#E2ABD4\" app-launcher-animation-iteration=\"0\" app-orchestrator-timeout=\"8000\" app-font-family=\"Lato\">"
					},
					{
						"html": "<div id=\"webchat-container\">"
					},
					{
						"html": "<div id=\"wog--sentiments-content\"><link href=\"https://assets.wogaa.sg/fonts/stylesheet/3.0.0-657/production/sentiments.css\" rel=\"stylesheet\"><wog-floating-action-button></wog-floating-action-button></div>"
					}
				]
			},
			"empty-heading": {
				"description": "Headings should not be empty",
				"helpUrl": "https://dequeuniversity.com/rules/axe/4.7/empty-heading?application=purple-hats",
				"conformance": [
					"best-practice"
				],
				"totalItems": 14,
				"items": [
					{
						"html": "<h1 class=\"has-text-white\"><b>Media</b></h1>"
					},
					{
						"html": "<h5 class=\"has-text-white\"><b>GovTech STACKx Data &amp; AI 2023</b></h5>"
					},
					{
						"html": "<h5 class=\"has-text-white\"><b>Smart Nation &amp; Digital Government Industry Briefing 2023</b></h5>"
					},
					{
						"html": "<h5 class=\"has-text-white\"><b>GovTech STACK Developer Conference 2022</b></h5>"
					},
					{
						"html": "<h5 class=\"has-text-white\"><b>TechHunt 2022</b></h5>"
					},
					{
						"html": "<h5 class=\"has-text-white\"><b>STACK Developer Conference 2020</b></h5>"
					},
					{
						"html": "<h5 class=\"has-text-white\"><b>SG:D Techblazer Awards 2020</b></h5>"
					},
					{
						"html": "<h5 class=\"has-text-white\"><b>Smart Nation and Digital Government Industry Briefing 2020 -  Re-Engineering the Government Operating System</b></h5>"
					},
					{
						"html": "<h5 class=\"has-text-white\"><b>TechHunt @ GovTech (27 November)</b></h5>"
					},
					{
						"html": "<h5 class=\"has-text-white\"><b>STACK-X: Experience Reimagined</b></h5>"
					},
					{
						"html": "<h5 class=\"has-text-white\"><b>SG:D Techblazer Awards 2019</b></h5>"
					},
					{
						"html": "<h5 class=\"has-text-white\"><b>Smart Nation &amp; Digital Government Industry Briefing 2019 (28 May)</b></h5>"
					},
					{
						"html": "<h5 class=\"has-text-white\"><b>STACK 2018 Developer Conference</b></h5>"
					},
					{
						"html": "<h5 class=\"sub-header has-text-white\"><b>Government Technology Agency</b></h5>"
					}
				]
			},
			"heading-order": {
				"description": "Heading levels should only increase by one",
				"helpUrl": "https://dequeuniversity.com/rules/axe/4.7/heading-order?application=purple-hats",
				"conformance": [
					"best-practice"
				],
				"totalItems": 13,
				"items": [
					{
						"html": "<h1 class=\"has-text-white\"><b>Media</b></h1>"
					},
					{
						"html": "<h5 class=\"has-text-white\"><b>Smart Nation &amp; Digital Government Industry Briefing 2023</b></h5>"
					},
					{
						"html": "<h5 class=\"has-text-white\"><b>GovTech STACK Developer Conference 2022</b></h5>"
					},
					{
						"html": "<h5 class=\"has-text-white\"><b>TechHunt 2022</b></h5>"
					},
					{
						"html": "<h5 class=\"has-text-white\"><b>STACK Developer Conference 2020</b></h5>"
					},
					{
						"html": "<h5 class=\"has-text-white\"><b>SG:D Techblazer Awards 2020</b></h5>"
					},
					{
						"html": "<h5 class=\"has-text-white\"><b>Smart Nation and Digital Government Industry Briefing 2020 -  Re-Engineering the Government Operating System</b></h5>"
					},
					{
						"html": "<h5 class=\"has-text-white\"><b>TechHunt @ GovTech (27 November)</b></h5>"
					},
					{
						"html": "<h5 class=\"has-text-white\"><b>STACK-X: Experience Reimagined</b></h5>"
					},
					{
						"html": "<h5 class=\"has-text-white\"><b>SG:D Techblazer Awards 2019</b></h5>"
					},
					{
						"html": "<h5 class=\"has-text-white\"><b>Smart Nation &amp; Digital Government Industry Briefing 2019 (28 May)</b></h5>"
					},
					{
						"html": "<h5 class=\"has-text-white\"><b>STACK 2018 Developer Conference</b></h5>"
					},
					{
						"html": "<h5 class=\"sub-header has-text-white\"><b>Government Technology Agency</b></h5>"
					}
				]
			},
			"html-has-lang": {
				"description": "<html> element must have a lang attribute",
				"helpUrl": "https://dequeuniversity.com/rules/axe/4.7/html-has-lang?application=purple-hats",
				"conformance": [
					"wcag2a",
					"wcag311"
				],
				"totalItems": 1,
				"items": [
					{
						"html": "<html lang=\"en\" class=\" js flexbox flexboxlegacy canvas canvastext webgl no-touch geolocation postmessage websqldatabase indexeddb hashchange history draganddrop websockets rgba hsla multiplebgs backgroundsize borderimage borderradius boxshadow textshadow opacity cssanimations csscolumns cssgradients cssreflections csstransforms csstransforms3d csstransitions fontface generatedcontent video audio localstorage sessionstorage webworkers no-applicationcache svg inlinesvg smil svgclippaths\">"
					}
				]
			},
			"html-lang-valid": {
				"description": "<html> element must have a valid value for the lang attribute",
				"helpUrl": "https://dequeuniversity.com/rules/axe/4.7/html-lang-valid?application=purple-hats",
				"conformance": [
					"wcag2a",
					"wcag311"
				],
				"totalItems": 1,
				"items": [
					{
						"html": "<html lang=\"en\" class=\" js flexbox flexboxlegacy canvas canvastext webgl no-touch geolocation postmessage websqldatabase indexeddb hashchange history draganddrop websockets rgba hsla multiplebgs backgroundsize borderimage borderradius boxshadow textshadow opacity cssanimations csscolumns cssgradients cssreflections csstransforms csstransforms3d csstransitions fontface generatedcontent video audio localstorage sessionstorage webworkers no-applicationcache svg inlinesvg smil svgclippaths\">"
					}
				]
			},
			"image-alt": {
				"description": "Images must have alternate text",
				"helpUrl": "https://dequeuniversity.com/rules/axe/4.7/image-alt?application=purple-hats",
				"conformance": [
					"wcag2a",
					"wcag111"
				],
				"totalItems": 4,
				"items": [
					{
						"html": "<img src=\"https://d33wubrfki0l68.cloudfront.net/7b7e8b84b8180770131a2838266cc18409b22293/545c3/images/logo_govtech_hort.gif\" alt=\"Homepage\" style=\"max-height:75px;max-width:200px;height:auto;width:auto;\">"
					},
					{
						"html": "<img src=\"https://d33wubrfki0l68.cloudfront.net/7bc26ce7839bcc7a936ec9c308ac45665449bc82/52d82/assets/img/isomer_logo.svg\" alt=\"Isomer Logo\">"
					},
					{
						"html": "<img src=\"https://d33wubrfki0l68.cloudfront.net/c2bb36a32e45d17d45480da41cb77ed18a9d0c76/58074/assets/img/ogp_logo.svg\" alt=\"Open Government Products Logo\">"
					},
					{
						"html": "<img alt=\"Bot Launcher\" src=\"https://www.tech.gov.sg/images/AskGayle-gif.gif\" class=\"sc-htpNat iUqtne\">"
					}
				]
			},
			"image-redundant-alt": {
				"description": "Alternative text of images should not be repeated as text",
				"helpUrl": "https://dequeuniversity.com/rules/axe/4.7/image-redundant-alt?application=purple-hats",
				"conformance": [
					"best-practice"
				],
				"totalItems": 4,
				"items": [
					{
						"html": "<img src=\"https://d33wubrfki0l68.cloudfront.net/7b7e8b84b8180770131a2838266cc18409b22293/545c3/images/logo_govtech_hort.gif\" alt=\"Homepage\" style=\"max-height:75px;max-width:200px;height:auto;width:auto;\">"
					},
					{
						"html": "<img src=\"https://d33wubrfki0l68.cloudfront.net/7bc26ce7839bcc7a936ec9c308ac45665449bc82/52d82/assets/img/isomer_logo.svg\" alt=\"Isomer Logo\">"
					},
					{
						"html": "<img src=\"https://d33wubrfki0l68.cloudfront.net/c2bb36a32e45d17d45480da41cb77ed18a9d0c76/58074/assets/img/ogp_logo.svg\" alt=\"Open Government Products Logo\">"
					},
					{
						"html": "<img alt=\"Bot Launcher\" src=\"https://www.tech.gov.sg/images/AskGayle-gif.gif\" class=\"sc-htpNat iUqtne\">"
					}
				]
			},
			"landmark-contentinfo-is-top-level": {
				"description": "Contentinfo landmark should not be contained in another landmark",
				"helpUrl": "https://dequeuniversity.com/rules/axe/4.7/landmark-contentinfo-is-top-level?application=purple-hats",
				"conformance": [
					"best-practice"
				],
				"totalItems": 2,
				"items": [
					{
						"html": "<footer class=\"bp-footer top-section\" onclick=\"\">"
					},
					{
						"html": "<footer class=\"bp-footer bottom-section\" onclick=\"\">"
					}
				]
			},
			"landmark-unique": {
				"description": "Ensures landmarks are unique",
				"helpUrl": "https://dequeuniversity.com/rules/axe/4.7/landmark-unique?application=purple-hats",
				"conformance": [
					"best-practice"
				],
				"totalItems": 2,
				"items": [
					{
						"html": "<nav class=\"navbar is-transparent\">"
					},
					{
						"html": "<nav class=\"bp-breadcrumb\" aria-label=\"breadcrumbs\">\n    <ul>\n        <li><a href=\"/\"><small>HOME</small></a></li><li><a href=\"/media/\"><small>MEDIA</small></a></li><li><a href=\"/media/events/\"><small>EVENTS</small></a></li></ul>\n</nav>"
					}
				]
			},
			"link-name": {
				"description": "Links must have discernible text",
				"helpUrl": "https://dequeuniversity.com/rules/axe/4.7/link-name?application=purple-hats",
				"conformance": [
					"wcag2a",
					"wcag412",
					"wcag244"
				],
				"totalItems": 72,
				"items": [
					{
						"html": "<a class=\"navbar-item\" href=\"/\">\n                <img src=\"https://d33wubrfki0l68.cloudfront.net/7b7e8b84b8180770131a2838266cc18409b22293/545c3/images/logo_govtech_hort.gif\" alt=\"Homepage\" style=\"max-height:75px;max-width:200px;height:auto;width:auto;\">\n            </a>"
					},
					{
						"html": "<a class=\"navbar-link is-uppercase\" href=\"/digital-government-transformation/\">Digital Gov Transformation</a>"
					},
					{
						"html": "<a class=\"navbar-link is-uppercase\" href=\"/who-we-are/our-role/\">Who We Are</a>"
					},
					{
						"html": "<a class=\"navbar-link is-uppercase\" href=\"/careers/overview\">Careers</a>"
					},
					{
						"html": "<a class=\"navbar-link is-uppercase\" href=\"/media/\">Media</a>"
					},
					{
						"html": "<a href=\"/contact-us/\" class=\"is-uppercase\">Contact Us</a>"
					},
					{
						"html": "<a href=\"/\"><small>HOME</small></a>"
					},
					{
						"html": "<a href=\"/media/\"><small>MEDIA</small></a>"
					},
					{
						"html": "<a href=\"/media/events/\"><small>EVENTS</small></a>"
					},
					{
						"html": "<a href=\"/media/\" class=\"is-uppercase media-category-button\"><b>ALL</b></a>"
					},
					{
						"html": "<a href=\"/media/media-releases/\" class=\"is-uppercase media-category-button\"><b>media releases</b></a>"
					},
					{
						"html": "<a href=\"/media/speeches/\" class=\"is-uppercase media-category-button\"><b>speeches</b></a>"
					},
					{
						"html": "<a href=\"/media/technews/\" class=\"is-uppercase media-category-button\"><b>technews</b></a>"
					},
					{
						"html": "<a href=\"/media/corporate-publications/\" class=\"is-uppercase media-category-button\"><b>corporate publications</b></a>"
					},
					{
						"html": "<a href=\"/media/events/\" class=\"is-uppercase media-category-button selected\"><b>events</b></a>"
					},
					{
						"html": "<a href=\"/media/advisory/\" class=\"is-uppercase media-category-button\"><b>advisory</b></a>"
					},
					{
						"html": "<a href=\"/media/awards/\" class=\"is-uppercase media-category-button\"><b>awards</b></a>"
					},
					{
						"html": "<a href=\"/media/events/stackx-data-and-ai-2023\" class=\"is-media-card\">"
					},
					{
						"html": "<a href=\"/media/events/industry-briefing-2023\" class=\"is-media-card\">"
					},
					{
						"html": "<a href=\"/media/events/stack-developer-conference-2022\" class=\"is-media-card\">"
					},
					{
						"html": "<a href=\"/media/events/techhunt2022\" class=\"is-media-card\">"
					},
					{
						"html": "<a href=\"/media/events/stack-2020\" class=\"is-media-card\">"
					},
					{
						"html": "<a href=\"/media/events/sg-digital-techblazer-awards-2020\" class=\"is-media-card\">"
					},
					{
						"html": "<a href=\"/media/events/ib2020\" class=\"is-media-card\">"
					},
					{
						"html": "<a href=\"/media/events/techhunt-at-govtech\" class=\"is-media-card\">"
					},
					{
						"html": "<a href=\"/media/events/stackx-experience-reimagined\" class=\"is-media-card\">"
					},
					{
						"html": "<a href=\"/media/events/sg-digital-techblazer-awards-2019\" class=\"is-media-card\">"
					},
					{
						"html": "<a href=\"/media/events/smart-nation-and-digital-government-industry-briefing-2019\" class=\"is-media-card\">"
					},
					{
						"html": "<a href=\"/media/events/stack-2018-developer-conference\" class=\"is-media-card\">"
					},
					{
						"html": "<a class=\"has-text-white\" href=\"/digital-government-transformation/\">Digital Gov Transformation</a>"
					},
					{
						"html": "<a href=\"/digital-government-transformation/\">Overview</a>"
					},
					{
						"html": "<a href=\"/digital-government-blueprint/\">Digital Government Blueprint</a>"
					},
					{
						"html": "<a href=\"/singapore-digital-government-journey/\">Singapore Digital Government Journey</a>"
					},
					{
						"html": "<a href=\"/international-partnerships/\">International Partnerships</a>"
					},
					{
						"html": "<a href=\"/products-and-services/\">Products and Services</a>"
					},
					{
						"html": "<a href=\"/digital-standards-and-guides/\">Digital Standards and Guides</a>"
					},
					{
						"html": "<a href=\"/get-involved/\">Get Involved</a>"
					},
					{
						"html": "<a class=\"has-text-white\" href=\"/who-we-are/our-role/\">Who We Are</a>"
					},
					{
						"html": "<a href=\"/who-we-are/our-role/\">Our Role</a>"
					},
					{
						"html": "<a href=\"/who-we-are/our-journey/\">Our Journey</a>"
					},
					{
						"html": "<a href=\"/who-we-are/our-culture-and-values/\">Our Culture and Values</a>"
					},
					{
						"html": "<a href=\"/who-we-are/our-digital-government-rankings/\">Our Digital Government Rankings</a>"
					},
					{
						"html": "<a href=\"/who-we-are/our-statistics/\">Our Statistics</a>"
					},
					{
						"html": "<a href=\"/who-we-are/our-team/\">Our Team</a>"
					},
					{
						"html": "<a class=\"has-text-white\" href=\"/careers/overview\">Careers</a>"
					},
					{
						"html": "<a href=\"/careers/how-we-hire/\">How We Hire</a>"
					},
					{
						"html": "<a href=\"/careers/how-we-work/\">How We Work</a>"
					},
					{
						"html": "<a href=\"/careers/students-and-graduates/\">Students and Graduates</a>"
					},
					{
						"html": "<a href=\"/careers/smart-nation-fellowship-programme/\">Smart Nation Fellowship Programme</a>"
					},
					{
						"html": "<a href=\"/careers/the-govtech-network/\">Our Alumni Network</a>"
					},
					{
						"html": "<a href=\"https://go.gov.sg/govtechjobs\" target=\"_blank\" rel=\"noreferrer\">Apply Now</a>"
					},
					{
						"html": "<a class=\"has-text-white\" href=\"/media/\">Media</a>"
					},
					{
						"html": "<a href=\"/media/\">All</a>"
					},
					{
						"html": "<a href=\"/media/corporate-publications/\">Corporate Publications</a>"
					},
					{
						"html": "<a href=\"/media/events/\">Events</a>"
					},
					{
						"html": "<a href=\"/media/media-releases/\">Media Releases</a>"
					},
					{
						"html": "<a href=\"/media/speeches/\">Speeches</a>"
					},
					{
						"html": "<a href=\"/media/technews/\">TechNews</a>"
					},
					{
						"html": "<a href=\"/media/blogs/listing\">Blogs</a>"
					},
					{
						"html": "<a href=\"/media/advisory/\">Advisory</a>"
					},
					{
						"html": "<a href=\"/media/awards/\">Awards</a>"
					},
					{
						"html": "<a href=\"https://www.facebook.com/GovTechSG\" target=\"_blank\" class=\"social-link padding--right padding--bottom is-inline-block\" rel=\"noreferrer\"><span class=\"sgds-icon sgds-icon-facebook is-size-4\" title=\"Facebook\"></span></a>"
					},
					{
						"html": "<a href=\"https://www.twitter.com/GovTechSG\" target=\"_blank\" class=\"social-link padding--right padding--bottom is-inline-block\" rel=\"noreferrer\"><span class=\"sgds-icon sgds-icon-twitter is-size-4\" title=\"Twitter\"></span></a>"
					},
					{
						"html": "<a href=\"https://www.youtube.com/GovTechSG\" target=\"_blank\" class=\"social-link padding--right padding--bottom is-inline-block\" rel=\"noreferrer\"><span class=\"sgds-icon sgds-icon-youtube is-size-4\" title=\"YouTube\"></span></a>"
					},
					{
						"html": "<a href=\"https://www.instagram.com/govtechsg/?hl=en\" target=\"_blank\" class=\"social-link padding--right padding--bottom is-inline-block\" rel=\"noreferrer\"><span class=\"sgds-icon sgds-icon-instagram is-size-4\" title=\"Instagram\"></span></a>"
					},
					{
						"html": "<a href=\"https://www.linkedin.com/company/GovTech-Singapore\" target=\"_blank\" class=\"social-link padding--bottom is-inline-block\" rel=\"noreferrer\"><span class=\"sgds-icon sgds-icon-linkedin is-size-4\" title=\"LinkedIn\"></span></a>"
					},
					{
						"html": "<a href=\"https://www.tech.gov.sg/report_vulnerability/\">Report Vulnerability</a>"
					},
					{
						"html": "<a href=\"/privacy/\">Privacy Statement</a>"
					},
					{
						"html": "<a href=\"/terms-of-use/\">Terms of Use</a>"
					},
					{
						"html": "<a href=\"/contact-us/\">Contact Us</a>"
					},
					{
						"html": "<a href=\"https://www.isomer.gov.sg/\" target=\"_blank\" rel=\"noreferrer\">Created with <img src=\"https://d33wubrfki0l68.cloudfront.net/7bc26ce7839bcc7a936ec9c308ac45665449bc82/52d82/assets/img/isomer_logo.svg\" alt=\"Isomer Logo\"></a>"
					},
					{
						"html": "<a href=\"https://www.open.gov.sg/\" target=\"_blank\" rel=\"noreferrer\">Built by <img src=\"https://d33wubrfki0l68.cloudfront.net/c2bb36a32e45d17d45480da41cb77ed18a9d0c76/58074/assets/img/ogp_logo.svg\" alt=\"Open Government Products Logo\"></a>"
					}
				]
			},
			"list": {
				"description": "<ul> and <ol> must only directly contain <li>, <script> or <template> elements",
				"helpUrl": "https://dequeuniversity.com/rules/axe/4.7/list?application=purple-hats",
				"conformance": [
					"wcag2a",
					"wcag131"
				],
				"totalItems": 3,
				"items": [
					{
						"html": "<ul>\n        <li><a href=\"/\"><small>HOME</small></a></li><li><a href=\"/media/\"><small>MEDIA</small></a></li><li><a href=\"/media/events/\"><small>EVENTS</small></a></li></ul>"
					},
					{
						"html": "<ul>"
					},
					{
						"html": "<ul>"
					}
				]
			},
			"listitem": {
				"description": "<li> elements must be contained in a <ul> or <ol>",
				"helpUrl": "https://dequeuniversity.com/rules/axe/4.7/listitem?application=purple-hats",
				"conformance": [
					"wcag2a",
					"wcag131"
				],
				"totalItems": 9,
				"items": [
					{
						"html": "<li><a href=\"/\"><small>HOME</small></a></li>"
					},
					{
						"html": "<li><a href=\"/media/\"><small>MEDIA</small></a></li>"
					},
					{
						"html": "<li><a href=\"/media/events/\"><small>EVENTS</small></a></li>"
					},
					{
						"html": "<li><a href=\"https://www.tech.gov.sg/report_vulnerability/\">Report Vulnerability</a></li>"
					},
					{
						"html": "<li><a href=\"/privacy/\">Privacy Statement</a></li>"
					},
					{
						"html": "<li><a href=\"/terms-of-use/\">Terms of Use</a></li>"
					},
					{
						"html": "<li class=\"is-inline-block-desktop-only\">\n                  <p><a href=\"/contact-us/\">Contact Us</a></p>\n              </li>"
					},
					{
						"html": "<li>"
					},
					{
						"html": "<li>"
					}
				]
			},
			"meta-viewport-large": {
				"description": "Users should be able to zoom and scale the text up to 500%",
				"helpUrl": "https://dequeuniversity.com/rules/axe/4.7/meta-viewport-large?application=purple-hats",
				"conformance": [
					"best-practice"
				],
				"totalItems": 1,
				"items": [
					{
						"html": "<meta name=\"viewport\" content=\"width=device-width, user-scalable=yes, initial-scale=1.0\">"
					}
				]
			},
			"meta-viewport": {
				"description": "Zooming and scaling must not be disabled",
				"helpUrl": "https://dequeuniversity.com/rules/axe/4.7/meta-viewport?application=purple-hats",
				"conformance": [
					"wcag2aa",
					"wcag144"
				],
				"totalItems": 1,
				"items": [
					{
						"html": "<meta name=\"viewport\" content=\"width=device-width, user-scalable=yes, initial-scale=1.0\">"
					}
				]
			},
			"nested-interactive": {
				"description": "Interactive controls must not be nested",
				"helpUrl": "https://dequeuniversity.com/rules/axe/4.7/nested-interactive?application=purple-hats",
				"conformance": [
					"wcag2a",
					"wcag412"
				],
				"totalItems": 4,
				"items": [
					{
						"html": "<img src=\"https://d33wubrfki0l68.cloudfront.net/7b7e8b84b8180770131a2838266cc18409b22293/545c3/images/logo_govtech_hort.gif\" alt=\"Homepage\" style=\"max-height:75px;max-width:200px;height:auto;width:auto;\">"
					},
					{
						"html": "<img src=\"https://d33wubrfki0l68.cloudfront.net/7bc26ce7839bcc7a936ec9c308ac45665449bc82/52d82/assets/img/isomer_logo.svg\" alt=\"Isomer Logo\">"
					},
					{
						"html": "<img src=\"https://d33wubrfki0l68.cloudfront.net/c2bb36a32e45d17d45480da41cb77ed18a9d0c76/58074/assets/img/ogp_logo.svg\" alt=\"Open Government Products Logo\">"
					},
					{
						"html": "<img alt=\"Bot Launcher\" src=\"https://www.tech.gov.sg/images/AskGayle-gif.gif\" class=\"sc-htpNat iUqtne\">"
					}
				]
			},
			"page-has-heading-one": {
				"description": "Page should contain a level-one heading",
				"helpUrl": "https://dequeuniversity.com/rules/axe/4.7/page-has-heading-one?application=purple-hats",
				"conformance": [
					"best-practice"
				],
				"totalItems": 1,
				"items": [
					{
						"html": "<html lang=\"en\" class=\" js flexbox flexboxlegacy canvas canvastext webgl no-touch geolocation postmessage websqldatabase indexeddb hashchange history draganddrop websockets rgba hsla multiplebgs backgroundsize borderimage borderradius boxshadow textshadow opacity cssanimations csscolumns cssgradients cssreflections csstransforms csstransforms3d csstransitions fontface generatedcontent video audio localstorage sessionstorage webworkers no-applicationcache svg inlinesvg smil svgclippaths\">"
					}
				]
			},
			"region": {
				"description": "All page content should be contained by landmarks",
				"helpUrl": "https://dequeuniversity.com/rules/axe/4.7/region?application=purple-hats",
				"conformance": [
					"best-practice"
				],
				"totalItems": 325,
				"items": [
					{
						"html": "<div class=\"masthead-container\" id=\"navbar\" onclick=\"\">"
					},
					{
						"html": "<section class=\"bp-section bp-masthead\">"
					},
					{
						"html": "<div class=\"bp-container\">"
					},
					{
						"html": "<div class=\"row is-multiline is-vcentered masthead-layout-container\">"
					},
					{
						"html": "<div class=\"col is-9-desktop is-12-touch has-text-centered-touch\">"
					},
					{
						"html": "<span class=\"sgds-icon sgds-icon-sg-crest is-size-5\" style=\"color:red\"></span>"
					},
					{
						"html": "<span style=\"display: table-cell; vertical-align: middle\">"
					},
					{
						"html": "<span class=\"banner-text-layout\">"
					},
					{
						"html": "<span class=\"is-text\">\n                                A Singapore Government Agency Website \n                            </span>"
					},
					{
						"html": "<span class=\"bp-masthead-button\" id=\"masthead-dropdown-button\">"
					},
					{
						"html": "<span class=\"is-text bp-masthead-button-text\">\n                                    How to identify\n                                </span>"
					},
					{
						"html": "<span class=\"sgds-icon sgds-icon-chevron-down is-size-7\" id=\"masthead-chevron\"></span>"
					},
					{
						"html": "<nav class=\"navbar is-transparent\">"
					},
					{
						"html": "<div class=\"bp-container\">"
					},
					{
						"html": "<div class=\"navbar-brand\">"
					},
					{
						"html": "<a class=\"navbar-item\" href=\"/\">\n                <img src=\"https://d33wubrfki0l68.cloudfront.net/7b7e8b84b8180770131a2838266cc18409b22293/545c3/images/logo_govtech_hort.gif\" alt=\"Homepage\" style=\"max-height:75px;max-width:200px;height:auto;width:auto;\">\n            </a>"
					},
					{
						"html": "<img src=\"https://d33wubrfki0l68.cloudfront.net/7b7e8b84b8180770131a2838266cc18409b22293/545c3/images/logo_govtech_hort.gif\" alt=\"Homepage\" style=\"max-height:75px;max-width:200px;height:auto;width:auto;\">"
					},
					{
						"html": "<div id=\"navbarExampleTransparentExample\" class=\"bp-container is-fluid margin--none navbar-menu\">"
					},
					{
						"html": "<div class=\"navbar-start\">"
					},
					{
						"html": "<div class=\"navbar-item has-dropdown is-hoverable\">"
					},
					{
						"html": "<a class=\"navbar-link is-uppercase\" href=\"/digital-government-transformation/\">Digital Gov Transformation</a>"
					},
					{
						"html": "<div class=\"selector  is-hidden-touch is-hidden-desktop-only\"></div>"
					},
					{
						"html": "<div class=\"navbar-item has-dropdown is-hoverable\">"
					},
					{
						"html": "<a class=\"navbar-link is-uppercase\" href=\"/who-we-are/our-role/\">Who We Are</a>"
					},
					{
						"html": "<div class=\"selector  is-hidden-touch is-hidden-desktop-only\"></div>"
					},
					{
						"html": "<div class=\"navbar-item has-dropdown is-hoverable\">"
					},
					{
						"html": "<a class=\"navbar-link is-uppercase\" href=\"/careers/overview\">Careers</a>"
					},
					{
						"html": "<div class=\"selector  is-hidden-touch is-hidden-desktop-only\"></div>"
					},
					{
						"html": "<div class=\"navbar-item has-dropdown is-hoverable\">"
					},
					{
						"html": "<a class=\"navbar-link is-uppercase\" href=\"/media/\">Media</a>"
					},
					{
						"html": "<div class=\"selector active is-hidden-touch is-hidden-desktop-only\"></div>"
					},
					{
						"html": "<li class=\"navbar-item\"><a href=\"/contact-us/\" class=\"is-uppercase\">Contact Us</a><div class=\"selector  is-hidden-touch\"></div>\n                    </li>"
					},
					{
						"html": "<a href=\"/contact-us/\" class=\"is-uppercase\">Contact Us</a>"
					},
					{
						"html": "<div class=\"selector  is-hidden-touch\"></div>"
					},
					{
						"html": "<div class=\"navbar-end is-hidden-touch is-hidden-desktop-only\">"
					},
					{
						"html": "<div class=\"navbar-item\"><a class=\"bp-button is-text is-large\" style=\"text-decoration: none\" id=\"search-activate\">\n                        <span class=\"sgds-icon sgds-icon-search is-size-4\"></span>\n                    </a></div>"
					},
					{
						"html": "<a class=\"bp-button is-text is-large\" style=\"text-decoration: none\" id=\"search-activate\">\n                        <span class=\"sgds-icon sgds-icon-search is-size-4\"></span>\n                    </a>"
					},
					{
						"html": "<span class=\"sgds-icon sgds-icon-search is-size-4\"></span>"
					},
					{
						"html": "<div id=\"main-content\" onclick=\"\">"
					},
					{
						"html": "<section class=\"bp-section is-small bp-section-pagetitle\">"
					},
					{
						"html": "<div class=\"bp-container\"><nav class=\"bp-breadcrumb\" aria-label=\"breadcrumbs\">\n    <ul>\n        <li><a href=\"/\"><small>HOME</small></a></li><li><a href=\"/media/\"><small>MEDIA</small></a></li><li><a href=\"/media/events/\"><small>EVENTS</small></a></li></ul>\n</nav>\n</div>"
					},
					{
						"html": "<nav class=\"bp-breadcrumb\" aria-label=\"breadcrumbs\">\n    <ul>\n        <li><a href=\"/\"><small>HOME</small></a></li><li><a href=\"/media/\"><small>MEDIA</small></a></li><li><a href=\"/media/events/\"><small>EVENTS</small></a></li></ul>\n</nav>"
					},
					{
						"html": "<ul>\n        <li><a href=\"/\"><small>HOME</small></a></li><li><a href=\"/media/\"><small>MEDIA</small></a></li><li><a href=\"/media/events/\"><small>EVENTS</small></a></li></ul>"
					},
					{
						"html": "<li><a href=\"/\"><small>HOME</small></a></li>"
					},
					{
						"html": "<a href=\"/\"><small>HOME</small></a>"
					},
					{
						"html": "<small>HOME</small>"
					},
					{
						"html": "<li><a href=\"/media/\"><small>MEDIA</small></a></li>"
					},
					{
						"html": "<a href=\"/media/\"><small>MEDIA</small></a>"
					},
					{
						"html": "<small>MEDIA</small>"
					},
					{
						"html": "<li><a href=\"/media/events/\"><small>EVENTS</small></a></li>"
					},
					{
						"html": "<a href=\"/media/events/\"><small>EVENTS</small></a>"
					},
					{
						"html": "<small>EVENTS</small>"
					},
					{
						"html": "<div class=\"row\">\n            <div class=\"col\">\n                <h1 class=\"has-text-white\"><b>Media</b></h1>\n            </div>\n        </div>"
					},
					{
						"html": "<div class=\"col\">\n                <h1 class=\"has-text-white\"><b>Media</b></h1>\n            </div>"
					},
					{
						"html": "<h1 class=\"has-text-white\"><b>Media</b></h1>"
					},
					{
						"html": "<b>Media</b>"
					},
					{
						"html": "<section class=\"bp-section is-small padding--bottom--none\">"
					},
					{
						"html": "<div class=\"bp-container padding--top\">"
					},
					{
						"html": "<div class=\"row\">"
					},
					{
						"html": "<div class=\"bp-buttons\">"
					},
					{
						"html": "<span class=\"bp-sec-button\"><a href=\"/media/\" class=\"is-uppercase media-category-button\"><b>ALL</b></a></span>"
					},
					{
						"html": "<a href=\"/media/\" class=\"is-uppercase media-category-button\"><b>ALL</b></a>"
					},
					{
						"html": "<b>ALL</b>"
					},
					{
						"html": "<span class=\"bp-sec-button\"><a href=\"/media/media-releases/\" class=\"is-uppercase media-category-button\"><b>media releases</b></a></span>"
					},
					{
						"html": "<a href=\"/media/media-releases/\" class=\"is-uppercase media-category-button\"><b>media releases</b></a>"
					},
					{
						"html": "<b>media releases</b>"
					},
					{
						"html": "<span class=\"bp-sec-button\"><a href=\"/media/speeches/\" class=\"is-uppercase media-category-button\"><b>speeches</b></a></span>"
					},
					{
						"html": "<a href=\"/media/speeches/\" class=\"is-uppercase media-category-button\"><b>speeches</b></a>"
					},
					{
						"html": "<b>speeches</b>"
					},
					{
						"html": "<span class=\"bp-sec-button\"><a href=\"/media/technews/\" class=\"is-uppercase media-category-button\"><b>technews</b></a></span>"
					},
					{
						"html": "<a href=\"/media/technews/\" class=\"is-uppercase media-category-button\"><b>technews</b></a>"
					},
					{
						"html": "<b>technews</b>"
					},
					{
						"html": "<span class=\"bp-sec-button\"><a href=\"/media/corporate-publications/\" class=\"is-uppercase media-category-button\"><b>corporate publications</b></a></span>"
					},
					{
						"html": "<a href=\"/media/corporate-publications/\" class=\"is-uppercase media-category-button\"><b>corporate publications</b></a>"
					},
					{
						"html": "<b>corporate publications</b>"
					},
					{
						"html": "<span class=\"bp-sec-button\"><a href=\"/media/events/\" class=\"is-uppercase media-category-button selected\"><b>events</b></a></span>"
					},
					{
						"html": "<a href=\"/media/events/\" class=\"is-uppercase media-category-button selected\"><b>events</b></a>"
					},
					{
						"html": "<b>events</b>"
					},
					{
						"html": "<span class=\"bp-sec-button\"><a href=\"/media/advisory/\" class=\"is-uppercase media-category-button\"><b>advisory</b></a></span>"
					},
					{
						"html": "<a href=\"/media/advisory/\" class=\"is-uppercase media-category-button\"><b>advisory</b></a>"
					},
					{
						"html": "<b>advisory</b>"
					},
					{
						"html": "<span class=\"bp-sec-button\"><a href=\"/media/awards/\" class=\"is-uppercase media-category-button\"><b>awards</b></a></span>"
					},
					{
						"html": "<a href=\"/media/awards/\" class=\"is-uppercase media-category-button\"><b>awards</b></a>"
					},
					{
						"html": "<b>awards</b>"
					},
					{
						"html": "<div class=\"col is-one-quarter padding--top padding--left padding--right--sm is-hidden-touch\">"
					},
					{
						"html": "<div class=\"filter-selector-div bp-dropdown\">"
					},
					{
						"html": "<div class=\"bp-dropdown-trigger\">\n                        <span class=\"sgds-icon sgds-icon-chevron-down is-size-4 has-text-black\" id=\"filter-arrow\"></span>\n                        <div class=\"sgds-selector has-text-black\" id=\"sgds-selector-text-desktop\">Recent</div>\n                    </div>"
					},
					{
						"html": "<span class=\"sgds-icon sgds-icon-chevron-down is-size-4 has-text-black\" id=\"filter-arrow\"></span>"
					},
					{
						"html": "<div class=\"sgds-selector has-text-black\" id=\"sgds-selector-text-desktop\">Recent</div>"
					},
					{
						"html": "<div class=\"row\">"
					},
					{
						"html": "<section class=\"bp-section is-small\">"
					},
					{
						"html": "<div class=\"bp-container padding--top padding--bottom--xl\">"
					},
					{
						"html": "<div class=\"row is-multiline\">"
					},
					{
						"html": "<a href=\"/media/events/stackx-data-and-ai-2023\" class=\"is-media-card\">"
					},
					{
						"html": "<div class=\"media-card-plain bg-media-color-1 padding--lg\">"
					},
					{
						"html": "<div>\n                            <small class=\"has-text-white padding--bottom\">EVENTS</small>\n                            <h5 class=\"has-text-white\"><b>GovTech STACKx Data &amp; AI 2023</b></h5>\n                        </div>"
					},
					{
						"html": "<small class=\"has-text-white padding--bottom\">EVENTS</small>"
					},
					{
						"html": "<h5 class=\"has-text-white\"><b>GovTech STACKx Data &amp; AI 2023</b></h5>"
					},
					{
						"html": "<b>GovTech STACKx Data &amp; AI 2023</b>"
					},
					{
						"html": "<div class=\"is-fluid padding--top-md description\">\n                            <small class=\"has-text-white is-inline\">16 MAY 2023</small></div>"
					},
					{
						"html": "<small class=\"has-text-white is-inline\">16 MAY 2023</small>"
					},
					{
						"html": "<a href=\"/media/events/industry-briefing-2023\" class=\"is-media-card\">"
					},
					{
						"html": "<div class=\"media-card-plain bg-media-color-1 padding--lg\">"
					},
					{
						"html": "<div>\n                            <small class=\"has-text-white padding--bottom\">EVENTS</small>\n                            <h5 class=\"has-text-white\"><b>Smart Nation &amp; Digital Government Industry Briefing 2023</b></h5>\n                        </div>"
					},
					{
						"html": "<small class=\"has-text-white padding--bottom\">EVENTS</small>"
					},
					{
						"html": "<h5 class=\"has-text-white\"><b>Smart Nation &amp; Digital Government Industry Briefing 2023</b></h5>"
					},
					{
						"html": "<b>Smart Nation &amp; Digital Government Industry Briefing 2023</b>"
					},
					{
						"html": "<div class=\"is-fluid padding--top-md description\">\n                            <small class=\"has-text-white is-inline\">18 APR 2023</small></div>"
					},
					{
						"html": "<small class=\"has-text-white is-inline\">18 APR 2023</small>"
					},
					{
						"html": "<a href=\"/media/events/stack-developer-conference-2022\" class=\"is-media-card\">"
					},
					{
						"html": "<div class=\"media-card-plain bg-media-color-1 padding--lg\">"
					},
					{
						"html": "<div>\n                            <small class=\"has-text-white padding--bottom\">EVENTS</small>\n                            <h5 class=\"has-text-white\"><b>GovTech STACK Developer Conference 2022</b></h5>\n                        </div>"
					},
					{
						"html": "<small class=\"has-text-white padding--bottom\">EVENTS</small>"
					},
					{
						"html": "<h5 class=\"has-text-white\"><b>GovTech STACK Developer Conference 2022</b></h5>"
					},
					{
						"html": "<b>GovTech STACK Developer Conference 2022</b>"
					},
					{
						"html": "<div class=\"is-fluid padding--top-md description\">\n                            <small class=\"has-text-white is-inline\">20 SEP 2022</small></div>"
					},
					{
						"html": "<small class=\"has-text-white is-inline\">20 SEP 2022</small>"
					},
					{
						"html": "<a href=\"/media/events/techhunt2022\" class=\"is-media-card\">"
					},
					{
						"html": "<div class=\"media-card-plain bg-media-color-1 padding--lg\">"
					},
					{
						"html": "<div>\n                            <small class=\"has-text-white padding--bottom\">EVENTS</small>\n                            <h5 class=\"has-text-white\"><b>TechHunt 2022</b></h5>\n                        </div>"
					},
					{
						"html": "<small class=\"has-text-white padding--bottom\">EVENTS</small>"
					},
					{
						"html": "<h5 class=\"has-text-white\"><b>TechHunt 2022</b></h5>"
					},
					{
						"html": "<b>TechHunt 2022</b>"
					},
					{
						"html": "<div class=\"is-fluid padding--top-md description\">\n                            <small class=\"has-text-white is-inline\">25 JUL 2022</small></div>"
					},
					{
						"html": "<small class=\"has-text-white is-inline\">25 JUL 2022</small>"
					},
					{
						"html": "<a href=\"/media/events/stack-2020\" class=\"is-media-card\">"
					},
					{
						"html": "<div class=\"media-card-plain bg-media-color-1 padding--lg\">"
					},
					{
						"html": "<div>\n                            <small class=\"has-text-white padding--bottom\">EVENTS</small>\n                            <h5 class=\"has-text-white\"><b>STACK Developer Conference 2020</b></h5>\n                        </div>"
					},
					{
						"html": "<small class=\"has-text-white padding--bottom\">EVENTS</small>"
					},
					{
						"html": "<h5 class=\"has-text-white\"><b>STACK Developer Conference 2020</b></h5>"
					},
					{
						"html": "<b>STACK Developer Conference 2020</b>"
					},
					{
						"html": "<div class=\"is-fluid padding--top-md description\">\n                            <small class=\"has-text-white is-inline\">27 OCT 2020</small></div>"
					},
					{
						"html": "<small class=\"has-text-white is-inline\">27 OCT 2020</small>"
					},
					{
						"html": "<a href=\"/media/events/sg-digital-techblazer-awards-2020\" class=\"is-media-card\">"
					},
					{
						"html": "<div class=\"media-card-plain bg-media-color-1 padding--lg\">"
					},
					{
						"html": "<div>\n                            <small class=\"has-text-white padding--bottom\">EVENTS</small>\n                            <h5 class=\"has-text-white\"><b>SG:D Techblazer Awards 2020</b></h5>\n                        </div>"
					},
					{
						"html": "<small class=\"has-text-white padding--bottom\">EVENTS</small>"
					},
					{
						"html": "<h5 class=\"has-text-white\"><b>SG:D Techblazer Awards 2020</b></h5>"
					},
					{
						"html": "<b>SG:D Techblazer Awards 2020</b>"
					},
					{
						"html": "<div class=\"is-fluid padding--top-md description\">\n                            <small class=\"has-text-white is-inline\">01 JUL 2020</small></div>"
					},
					{
						"html": "<small class=\"has-text-white is-inline\">01 JUL 2020</small>"
					},
					{
						"html": "<a href=\"/media/events/ib2020\" class=\"is-media-card\">"
					},
					{
						"html": "<div class=\"media-card-plain bg-media-color-1 padding--lg\">"
					},
					{
						"html": "<div>"
					},
					{
						"html": "<small class=\"has-text-white padding--bottom\">EVENTS</small>"
					},
					{
						"html": "<h5 class=\"has-text-white\"><b>Smart Nation and Digital Government Industry Briefing 2020 -  Re-Engineering the Government Operating System</b></h5>"
					},
					{
						"html": "<b>Smart Nation and Digital Government Industry Briefing 2020 -  Re-Engineering the Government Operating System</b>"
					},
					{
						"html": "<div class=\"is-fluid padding--top-md description\">\n                            <small class=\"has-text-white is-inline\">01 JUL 2020</small></div>"
					},
					{
						"html": "<small class=\"has-text-white is-inline\">01 JUL 2020</small>"
					},
					{
						"html": "<a href=\"/media/events/techhunt-at-govtech\" class=\"is-media-card\">"
					},
					{
						"html": "<div class=\"media-card-plain bg-media-color-1 padding--lg\">"
					},
					{
						"html": "<div>\n                            <small class=\"has-text-white padding--bottom\">EVENTS</small>\n                            <h5 class=\"has-text-white\"><b>TechHunt @ GovTech (27 November)</b></h5>\n                        </div>"
					},
					{
						"html": "<small class=\"has-text-white padding--bottom\">EVENTS</small>"
					},
					{
						"html": "<h5 class=\"has-text-white\"><b>TechHunt @ GovTech (27 November)</b></h5>"
					},
					{
						"html": "<b>TechHunt @ GovTech (27 November)</b>"
					},
					{
						"html": "<div class=\"is-fluid padding--top-md description\">\n                            <small class=\"has-text-white is-inline\">11 NOV 2019</small></div>"
					},
					{
						"html": "<small class=\"has-text-white is-inline\">11 NOV 2019</small>"
					},
					{
						"html": "<a href=\"/media/events/stackx-experience-reimagined\" class=\"is-media-card\">"
					},
					{
						"html": "<div class=\"media-card-plain bg-media-color-1 padding--lg\">"
					},
					{
						"html": "<div>\n                            <small class=\"has-text-white padding--bottom\">EVENTS</small>\n                            <h5 class=\"has-text-white\"><b>STACK-X: Experience Reimagined</b></h5>\n                        </div>"
					},
					{
						"html": "<small class=\"has-text-white padding--bottom\">EVENTS</small>"
					},
					{
						"html": "<h5 class=\"has-text-white\"><b>STACK-X: Experience Reimagined</b></h5>"
					},
					{
						"html": "<b>STACK-X: Experience Reimagined</b>"
					},
					{
						"html": "<div class=\"is-fluid padding--top-md description\">\n                            <small class=\"has-text-white is-inline\">25 JUL 2019</small></div>"
					},
					{
						"html": "<small class=\"has-text-white is-inline\">25 JUL 2019</small>"
					},
					{
						"html": "<a href=\"/media/events/sg-digital-techblazer-awards-2019\" class=\"is-media-card\">"
					},
					{
						"html": "<div class=\"media-card-plain bg-media-color-1 padding--lg\">"
					},
					{
						"html": "<div>\n                            <small class=\"has-text-white padding--bottom\">EVENTS</small>\n                            <h5 class=\"has-text-white\"><b>SG:D Techblazer Awards 2019</b></h5>\n                        </div>"
					},
					{
						"html": "<small class=\"has-text-white padding--bottom\">EVENTS</small>"
					},
					{
						"html": "<h5 class=\"has-text-white\"><b>SG:D Techblazer Awards 2019</b></h5>"
					},
					{
						"html": "<b>SG:D Techblazer Awards 2019</b>"
					},
					{
						"html": "<div class=\"is-fluid padding--top-md description\">\n                            <small class=\"has-text-white is-inline\">05 JUL 2019</small></div>"
					},
					{
						"html": "<small class=\"has-text-white is-inline\">05 JUL 2019</small>"
					},
					{
						"html": "<a href=\"/media/events/smart-nation-and-digital-government-industry-briefing-2019\" class=\"is-media-card\">"
					},
					{
						"html": "<div class=\"media-card-plain bg-media-color-1 padding--lg\">"
					},
					{
						"html": "<div>\n                            <small class=\"has-text-white padding--bottom\">EVENTS</small>\n                            <h5 class=\"has-text-white\"><b>Smart Nation &amp; Digital Government Industry Briefing 2019 (28 May)</b></h5>\n                        </div>"
					},
					{
						"html": "<small class=\"has-text-white padding--bottom\">EVENTS</small>"
					},
					{
						"html": "<h5 class=\"has-text-white\"><b>Smart Nation &amp; Digital Government Industry Briefing 2019 (28 May)</b></h5>"
					},
					{
						"html": "<b>Smart Nation &amp; Digital Government Industry Briefing 2019 (28 May)</b>"
					},
					{
						"html": "<div class=\"is-fluid padding--top-md description\">\n                            <small class=\"has-text-white is-inline\">20 APR 2019</small></div>"
					},
					{
						"html": "<small class=\"has-text-white is-inline\">20 APR 2019</small>"
					},
					{
						"html": "<a href=\"/media/events/stack-2018-developer-conference\" class=\"is-media-card\">"
					},
					{
						"html": "<div class=\"media-card-plain bg-media-color-1 padding--lg\">"
					},
					{
						"html": "<div>\n                            <small class=\"has-text-white padding--bottom\">EVENTS</small>\n                            <h5 class=\"has-text-white\"><b>STACK 2018 Developer Conference</b></h5>\n                        </div>"
					},
					{
						"html": "<small class=\"has-text-white padding--bottom\">EVENTS</small>"
					},
					{
						"html": "<h5 class=\"has-text-white\"><b>STACK 2018 Developer Conference</b></h5>"
					},
					{
						"html": "<b>STACK 2018 Developer Conference</b>"
					},
					{
						"html": "<div class=\"is-fluid padding--top-md description\">\n                            <small class=\"has-text-white is-inline\">03 OCT 2018</small></div>"
					},
					{
						"html": "<small class=\"has-text-white is-inline\">03 OCT 2018</small>"
					},
					{
						"html": "<span class=\"sgds-icon sgds-icon-arrow-left is-size-4 sgds-icon-disabled\"></span>"
					},
					{
						"html": "<div id=\"paginator-pages\"><span class=\"selected-page\" style=\"display: inline-block; pointer-events: none;\">1</span><span class=\"\" style=\"display: inline-block;\">2</span></div>"
					},
					{
						"html": "<span class=\"selected-page\" style=\"display: inline-block; pointer-events: none;\">1</span>"
					},
					{
						"html": "<span class=\"\" style=\"display: inline-block;\">2</span>"
					},
					{
						"html": "<span class=\"sgds-icon sgds-icon-arrow-right is-size-4\"></span>"
					},
					{
						"html": "<footer class=\"bp-footer top-section\" onclick=\"\">"
					},
					{
						"html": "<div class=\"bp-container \">"
					},
					{
						"html": "<div class=\"row\">\n            <div class=\"col header padding--top--lg padding--bottom--lg\">\n                <h5 class=\"sub-header has-text-white\"><b>Government Technology Agency</b></h5>\n            </div>\n        </div>"
					},
					{
						"html": "<div class=\"col header padding--top--lg padding--bottom--lg\">\n                <h5 class=\"sub-header has-text-white\"><b>Government Technology Agency</b></h5>\n            </div>"
					},
					{
						"html": "<h5 class=\"sub-header has-text-white\"><b>Government Technology Agency</b></h5>"
					},
					{
						"html": "<b>Government Technology Agency</b>"
					},
					{
						"html": "<div class=\"row is-top\">"
					},
					{
						"html": "<div class=\"row col is-four-fifths is-multiline is-hidden-mobile\">"
					},
					{
						"html": "<div class=\"col is-one-quarter is-hidden-mobile padding--bottom--lg is-left\">"
					},
					{
						"html": "<p class=\"sub-header\"><b><a class=\"has-text-white\" href=\"/digital-government-transformation/\">Digital Gov Transformation</a></b></p>"
					},
					{
						"html": "<b><a class=\"has-text-white\" href=\"/digital-government-transformation/\">Digital Gov Transformation</a></b>"
					},
					{
						"html": "<a class=\"has-text-white\" href=\"/digital-government-transformation/\">Digital Gov Transformation</a>"
					},
					{
						"html": "<p class=\"is-hidden-mobile\"><a href=\"/digital-government-transformation/\">Overview</a></p>"
					},
					{
						"html": "<a href=\"/digital-government-transformation/\">Overview</a>"
					},
					{
						"html": "<p class=\"is-hidden-mobile\"><a href=\"/digital-government-blueprint/\">Digital Government Blueprint</a></p>"
					},
					{
						"html": "<a href=\"/digital-government-blueprint/\">Digital Government Blueprint</a>"
					},
					{
						"html": "<p class=\"is-hidden-mobile\"><a href=\"/singapore-digital-government-journey/\">Singapore Digital Government Journey</a></p>"
					},
					{
						"html": "<a href=\"/singapore-digital-government-journey/\">Singapore Digital Government Journey</a>"
					},
					{
						"html": "<p class=\"is-hidden-mobile\"><a href=\"/international-partnerships/\">International Partnerships</a></p>"
					},
					{
						"html": "<a href=\"/international-partnerships/\">International Partnerships</a>"
					},
					{
						"html": "<p class=\"is-hidden-mobile\"><a href=\"/products-and-services/\">Products and Services</a></p>"
					},
					{
						"html": "<a href=\"/products-and-services/\">Products and Services</a>"
					},
					{
						"html": "<p class=\"is-hidden-mobile\"><a href=\"/digital-standards-and-guides/\">Digital Standards and Guides</a></p>"
					},
					{
						"html": "<a href=\"/digital-standards-and-guides/\">Digital Standards and Guides</a>"
					},
					{
						"html": "<p class=\"is-hidden-mobile\"><a href=\"/get-involved/\">Get Involved</a></p>"
					},
					{
						"html": "<a href=\"/get-involved/\">Get Involved</a>"
					},
					{
						"html": "<div class=\"col is-one-quarter is-hidden-mobile padding--bottom--lg is-left\">"
					},
					{
						"html": "<p class=\"sub-header\"><b><a class=\"has-text-white\" href=\"/who-we-are/our-role/\">Who We Are</a></b></p>"
					},
					{
						"html": "<b><a class=\"has-text-white\" href=\"/who-we-are/our-role/\">Who We Are</a></b>"
					},
					{
						"html": "<a class=\"has-text-white\" href=\"/who-we-are/our-role/\">Who We Are</a>"
					},
					{
						"html": "<p class=\"is-hidden-mobile\"><a href=\"/who-we-are/our-role/\">Our Role</a></p>"
					},
					{
						"html": "<a href=\"/who-we-are/our-role/\">Our Role</a>"
					},
					{
						"html": "<p class=\"is-hidden-mobile\"><a href=\"/who-we-are/our-journey/\">Our Journey</a></p>"
					},
					{
						"html": "<a href=\"/who-we-are/our-journey/\">Our Journey</a>"
					},
					{
						"html": "<p class=\"is-hidden-mobile\"><a href=\"/who-we-are/our-culture-and-values/\">Our Culture and Values</a></p>"
					},
					{
						"html": "<a href=\"/who-we-are/our-culture-and-values/\">Our Culture and Values</a>"
					},
					{
						"html": "<p class=\"is-hidden-mobile\"><a href=\"/who-we-are/our-digital-government-rankings/\">Our Digital Government Rankings</a></p>"
					},
					{
						"html": "<a href=\"/who-we-are/our-digital-government-rankings/\">Our Digital Government Rankings</a>"
					},
					{
						"html": "<p class=\"is-hidden-mobile\"><a href=\"/who-we-are/our-statistics/\">Our Statistics</a></p>"
					},
					{
						"html": "<a href=\"/who-we-are/our-statistics/\">Our Statistics</a>"
					},
					{
						"html": "<p class=\"is-hidden-mobile\"><a href=\"/who-we-are/our-team/\">Our Team</a></p>"
					},
					{
						"html": "<a href=\"/who-we-are/our-team/\">Our Team</a>"
					},
					{
						"html": "<div class=\"col is-one-quarter is-hidden-mobile padding--bottom--lg is-left\">"
					},
					{
						"html": "<p class=\"sub-header\"><b><a class=\"has-text-white\" href=\"/careers/overview\">Careers</a></b></p>"
					},
					{
						"html": "<b><a class=\"has-text-white\" href=\"/careers/overview\">Careers</a></b>"
					},
					{
						"html": "<a class=\"has-text-white\" href=\"/careers/overview\">Careers</a>"
					},
					{
						"html": "<p class=\"is-hidden-mobile\"><a href=\"/careers/how-we-hire/\">How We Hire</a></p>"
					},
					{
						"html": "<a href=\"/careers/how-we-hire/\">How We Hire</a>"
					},
					{
						"html": "<p class=\"is-hidden-mobile\"><a href=\"/careers/how-we-work/\">How We Work</a></p>"
					},
					{
						"html": "<a href=\"/careers/how-we-work/\">How We Work</a>"
					},
					{
						"html": "<p class=\"is-hidden-mobile\"><a href=\"/careers/students-and-graduates/\">Students and Graduates</a></p>"
					},
					{
						"html": "<a href=\"/careers/students-and-graduates/\">Students and Graduates</a>"
					},
					{
						"html": "<p class=\"is-hidden-mobile\"><a href=\"/careers/smart-nation-fellowship-programme/\">Smart Nation Fellowship Programme</a></p>"
					},
					{
						"html": "<a href=\"/careers/smart-nation-fellowship-programme/\">Smart Nation Fellowship Programme</a>"
					},
					{
						"html": "<p class=\"is-hidden-mobile\"><a href=\"/careers/the-govtech-network/\">Our Alumni Network</a></p>"
					},
					{
						"html": "<a href=\"/careers/the-govtech-network/\">Our Alumni Network</a>"
					},
					{
						"html": "<p class=\"is-hidden-mobile\"><a href=\"https://go.gov.sg/govtechjobs\" target=\"_blank\" rel=\"noreferrer\">Apply Now</a></p>"
					},
					{
						"html": "<a href=\"https://go.gov.sg/govtechjobs\" target=\"_blank\" rel=\"noreferrer\">Apply Now</a>"
					},
					{
						"html": "<div class=\"col is-one-quarter is-hidden-mobile padding--bottom--lg is-left\">"
					},
					{
						"html": "<p class=\"sub-header\"><b><a class=\"has-text-white\" href=\"/media/\">Media</a></b></p>"
					},
					{
						"html": "<b><a class=\"has-text-white\" href=\"/media/\">Media</a></b>"
					},
					{
						"html": "<a class=\"has-text-white\" href=\"/media/\">Media</a>"
					},
					{
						"html": "<p class=\"is-hidden-mobile\"><a href=\"/media/\">All</a></p>"
					},
					{
						"html": "<a href=\"/media/\">All</a>"
					},
					{
						"html": "<p class=\"is-hidden-mobile\"><a href=\"/media/corporate-publications/\">Corporate Publications</a></p>"
					},
					{
						"html": "<a href=\"/media/corporate-publications/\">Corporate Publications</a>"
					},
					{
						"html": "<p class=\"is-hidden-mobile\"><a href=\"/media/events/\">Events</a></p>"
					},
					{
						"html": "<a href=\"/media/events/\">Events</a>"
					},
					{
						"html": "<p class=\"is-hidden-mobile\"><a href=\"/media/media-releases/\">Media Releases</a></p>"
					},
					{
						"html": "<a href=\"/media/media-releases/\">Media Releases</a>"
					},
					{
						"html": "<p class=\"is-hidden-mobile\"><a href=\"/media/speeches/\">Speeches</a></p>"
					},
					{
						"html": "<a href=\"/media/speeches/\">Speeches</a>"
					},
					{
						"html": "<p class=\"is-hidden-mobile\"><a href=\"/media/technews/\">TechNews</a></p>"
					},
					{
						"html": "<a href=\"/media/technews/\">TechNews</a>"
					},
					{
						"html": "<p class=\"is-hidden-mobile\"><a href=\"/media/blogs/listing\">Blogs</a></p>"
					},
					{
						"html": "<a href=\"/media/blogs/listing\">Blogs</a>"
					},
					{
						"html": "<p class=\"is-hidden-mobile\"><a href=\"/media/advisory/\">Advisory</a></p>"
					},
					{
						"html": "<a href=\"/media/advisory/\">Advisory</a>"
					},
					{
						"html": "<p class=\"is-hidden-mobile\"><a href=\"/media/awards/\">Awards</a></p>"
					},
					{
						"html": "<a href=\"/media/awards/\">Awards</a>"
					},
					{
						"html": "<div class=\"col is-one-fifth is-hidden-mobile is-hidden-tablet-only\" id=\"social-link-desktop\">"
					},
					{
						"html": "<a href=\"https://www.facebook.com/GovTechSG\" target=\"_blank\" class=\"social-link padding--right padding--bottom is-inline-block\" rel=\"noreferrer\"><span class=\"sgds-icon sgds-icon-facebook is-size-4\" title=\"Facebook\"></span></a>"
					},
					{
						"html": "<span class=\"sgds-icon sgds-icon-facebook is-size-4\" title=\"Facebook\"></span>"
					},
					{
						"html": "<a href=\"https://www.twitter.com/GovTechSG\" target=\"_blank\" class=\"social-link padding--right padding--bottom is-inline-block\" rel=\"noreferrer\"><span class=\"sgds-icon sgds-icon-twitter is-size-4\" title=\"Twitter\"></span></a>"
					},
					{
						"html": "<span class=\"sgds-icon sgds-icon-twitter is-size-4\" title=\"Twitter\"></span>"
					},
					{
						"html": "<a href=\"https://www.youtube.com/GovTechSG\" target=\"_blank\" class=\"social-link padding--right padding--bottom is-inline-block\" rel=\"noreferrer\"><span class=\"sgds-icon sgds-icon-youtube is-size-4\" title=\"YouTube\"></span></a>"
					},
					{
						"html": "<span class=\"sgds-icon sgds-icon-youtube is-size-4\" title=\"YouTube\"></span>"
					},
					{
						"html": "<a href=\"https://www.instagram.com/govtechsg/?hl=en\" target=\"_blank\" class=\"social-link padding--right padding--bottom is-inline-block\" rel=\"noreferrer\"><span class=\"sgds-icon sgds-icon-instagram is-size-4\" title=\"Instagram\"></span></a>"
					},
					{
						"html": "<span class=\"sgds-icon sgds-icon-instagram is-size-4\" title=\"Instagram\"></span>"
					},
					{
						"html": "<a href=\"https://www.linkedin.com/company/GovTech-Singapore\" target=\"_blank\" class=\"social-link padding--bottom is-inline-block\" rel=\"noreferrer\"><span class=\"sgds-icon sgds-icon-linkedin is-size-4\" title=\"LinkedIn\"></span></a>"
					},
					{
						"html": "<span class=\"sgds-icon sgds-icon-linkedin is-size-4\" title=\"LinkedIn\"></span>"
					},
					{
						"html": "<div class=\"row\">"
					},
					{
						"html": "<div class=\"col padding--top--sm padding--bottom--sm is-right-desktop-only\">"
					},
					{
						"html": "<ul>"
					},
					{
						"html": "<li><a href=\"https://www.tech.gov.sg/report_vulnerability/\">Report Vulnerability</a></li>"
					},
					{
						"html": "<a href=\"https://www.tech.gov.sg/report_vulnerability/\">Report Vulnerability</a>"
					},
					{
						"html": "<li><a href=\"/privacy/\">Privacy Statement</a></li>"
					},
					{
						"html": "<a href=\"/privacy/\">Privacy Statement</a>"
					},
					{
						"html": "<li><a href=\"/terms-of-use/\">Terms of Use</a></li>"
					},
					{
						"html": "<a href=\"/terms-of-use/\">Terms of Use</a>"
					},
					{
						"html": "<li class=\"is-inline-block-desktop-only\">\n                  <p><a href=\"/contact-us/\">Contact Us</a></p>\n              </li>"
					},
					{
						"html": "<p><a href=\"/contact-us/\">Contact Us</a></p>"
					},
					{
						"html": "<a href=\"/contact-us/\">Contact Us</a>"
					},
					{
						"html": "<footer class=\"bp-footer bottom-section\" onclick=\"\">"
					},
					{
						"html": "<div class=\"bp-container\">"
					},
					{
						"html": "<div class=\"row is-vcentered\">\n              <div class=\"col padding--top--md padding--bottom--md\">\n                  <div class=\"col divider padding--top--none padding--bottom--none\"></div>\n              </div>\n          </div>"
					},
					{
						"html": "<div class=\"col padding--top--md padding--bottom--md\">\n                  <div class=\"col divider padding--top--none padding--bottom--none\"></div>\n              </div>"
					},
					{
						"html": "<div class=\"col divider padding--top--none padding--bottom--none\"></div>"
					},
					{
						"html": "<div class=\"row is-vcentered\">"
					},
					{
						"html": "<div class=\"col has-text-left-desktop has-text-left-tablet has-text-left-mobile\">"
					},
					{
						"html": "<ul>"
					},
					{
						"html": "<li>"
					},
					{
						"html": "<p class=\"footer-credits\">"
					},
					{
						"html": "<a href=\"https://www.isomer.gov.sg/\" target=\"_blank\" rel=\"noreferrer\">Created with <img src=\"https://d33wubrfki0l68.cloudfront.net/7bc26ce7839bcc7a936ec9c308ac45665449bc82/52d82/assets/img/isomer_logo.svg\" alt=\"Isomer Logo\"></a>"
					},
					{
						"html": "<img src=\"https://d33wubrfki0l68.cloudfront.net/7bc26ce7839bcc7a936ec9c308ac45665449bc82/52d82/assets/img/isomer_logo.svg\" alt=\"Isomer Logo\">"
					},
					{
						"html": "<li>"
					},
					{
						"html": "<p class=\"footer-credits\">"
					},
					{
						"html": "<a href=\"https://www.open.gov.sg/\" target=\"_blank\" rel=\"noreferrer\">Built by <img src=\"https://d33wubrfki0l68.cloudfront.net/c2bb36a32e45d17d45480da41cb77ed18a9d0c76/58074/assets/img/ogp_logo.svg\" alt=\"Open Government Products Logo\"></a>"
					},
					{
						"html": "<img src=\"https://d33wubrfki0l68.cloudfront.net/c2bb36a32e45d17d45480da41cb77ed18a9d0c76/58074/assets/img/ogp_logo.svg\" alt=\"Open Government Products Logo\">"
					},
					{
						"html": "<div class=\"col has-text-right-desktop is-hidden-mobile is-hidden-tablet-only\">\n                  <p class=\"footer-credits\">\n                      © 2023\n                          Government Technology Agency, Last Updated 08 Aug 2023</p>\n              </div>"
					},
					{
						"html": "<p class=\"footer-credits\">\n                      © 2023\n                          Government Technology Agency, Last Updated 08 Aug 2023</p>"
					},
					{
						"html": "<div class=\"row is-vcentered padding--top--sm\">"
					},
					{
						"html": "<div id=\"webchat\" app-id=\"gt-ask-gayle\" app-name=\"AskGayle\" app-color=\"#B41E8E\" app-icon=\"https://www.tech.gov.sg/images/AskGayle-gif.gif\" app-subtitle=\"\" app-welcome-message=\"Chat with Gayle!\" app-base-font-size=\"16\" app-position-right=\"40\" app-position-bottom=\"40\" app-enable-auto-complete=\"true\" app-enable-recommendations=\"false\" app-auto-launch=\"false\" app-bot-response-trigger-event=\"false\" app-quick-launch-event=\"welcome\" app-foreground-color1=\"#F5F5F5\" app-foreground-color-2=\"#4D4D4F\" app-background-color2=\"#F5F5F5\" app-canvas-background-color=\"#E3E3E3\" app-button-border-color=\"#B41E8E\" app-quick-reply-button-background-color=\"#F5F5F5\" app-auto-complete-background-color=\"#E5CFE0\" app-auto-complete-foreground-color=\"#4D4D4F\" app-auto-complete-hover-color=\"#E2ABD4\" app-auto-complete-divider-color=\"#B41E8E\" app-recommendations-background-color=\"#E5CFE0\" app-recommendations-foreground-color=\"#4D4D4F\" app-recommendations-hover-color=\"#E2ABD4\" app-launcher-animation-iteration=\"0\" app-orchestrator-timeout=\"8000\" app-font-family=\"Lato\">"
					},
					{
						"html": "<div id=\"webchat-container\">"
					},
					{
						"html": "<div class=\"sc-bdVaJa jQBDtH\">"
					},
					{
						"html": "<div class=\"sc-bxivhb guHdZc\">"
					},
					{
						"html": "<div class=\"sc-ifAKCX exDVjZ\"><svg class=\"webchat-MuiSvgIcon-root webchat-MuiSvgIcon-fontSizeInherit\" focusable=\"false\" viewBox=\"0 0 24 24\" aria-hidden=\"true\"><path d=\"M19 6.41L17.59 5 12 10.59 6.41 5 5 6.41 10.59 12 5 17.59 6.41 19 12 13.41 17.59 19 19 17.59 13.41 12z\"></path></svg></div>"
					},
					{
						"html": "<img alt=\"Bot Launcher\" src=\"https://www.tech.gov.sg/images/AskGayle-gif.gif\" class=\"sc-htpNat iUqtne\">"
					},
					{
						"html": "<wog-sentiments class=\"needsclick\"></wog-sentiments>"
					},
					{
						"html": "<div id=\"wog--sentiments-content\"><link href=\"https://assets.wogaa.sg/fonts/stylesheet/3.0.0-657/production/sentiments.css\" rel=\"stylesheet\"><wog-floating-action-button></wog-floating-action-button></div>"
					},
					{
						"html": "<wog-floating-action-button></wog-floating-action-button>"
					}
				]
			},
			"scrollable-region-focusable": {
				"description": "Scrollable region must have keyboard access",
				"helpUrl": "https://dequeuniversity.com/rules/axe/4.7/scrollable-region-focusable?application=purple-hats",
				"conformance": [
					"wcag2a",
					"wcag211"
				],
				"totalItems": 1,
				"items": [
					{
						"html": "<html lang=\"en\" class=\" js flexbox flexboxlegacy canvas canvastext webgl no-touch geolocation postmessage websqldatabase indexeddb hashchange history draganddrop websockets rgba hsla multiplebgs backgroundsize borderimage borderradius boxshadow textshadow opacity cssanimations csscolumns cssgradients cssreflections csstransforms csstransforms3d csstransitions fontface generatedcontent video audio localstorage sessionstorage webworkers no-applicationcache svg inlinesvg smil svgclippaths\">"
					}
				]
			}
		}
	}
}