{
	"url": "https://www.tech.gov.sg/",
	"pageTitle": "Government Technology Agency",
	"totalItems": 555,
	"mustFix": {
		"totalItems": 7,
		"rules": {
			"color-contrast": {
				"description": "Elements must meet minimum color contrast ratio thresholds",
				"helpUrl": "https://dequeuniversity.com/rules/axe/4.7/color-contrast?application=purple-hats",
				"conformance": [
					"wcag2aa",
					"wcag143"
				],
				"totalItems": 6,
				"items": [
					{
						"html": "<p class=\"has-text-white-trans padding--bottom--sm\">Programmes for citizens, businesses and government agencies</p>",
						"message": "Fix any of the following:\n  Element has insufficient color contrast of 4.05 (foreground color: #ddc4df, background color: #8f3b93, font size: 12.0pt (16px), font weight: normal). Expected contrast ratio of 4.5:1"
					},
					{
						"html": "<p class=\"has-text-white-trans padding--bottom--sm\">A Government that is “Digital to the Core, and Serves with Heart\"</p>",
						"message": "Fix any of the following:\n  Element has insufficient color contrast of 4.05 (foreground color: #ddc4df, background color: #8f3b93, font size: 12.0pt (16px), font weight: normal). Expected contrast ratio of 4.5:1"
					},
					{
						"html": "<p class=\"has-text-white-trans padding--bottom--sm\">Get the latest tech stories and updates from GovTech</p>",
						"message": "Fix any of the following:\n  Element has insufficient color contrast of 4.05 (foreground color: #ddc4df, background color: #8f3b93, font size: 12.0pt (16px), font weight: normal). Expected contrast ratio of 4.5:1"
					},
					{
						"html": "<p class=\"has-text-white-trans padding--bottom--sm\">Unleash your passion and potential with us</p>",
						"message": "Fix any of the following:\n  Element has insufficient color contrast of 4.05 (foreground color: #ddc4df, background color: #8f3b93, font size: 12.0pt (16px), font weight: normal). Expected contrast ratio of 4.5:1"
					},
					{
						"html": "<span>Learn More About LifeSG</span>",
						"message": "Fix any of the following:\n  Element has insufficient color contrast of 4.11 (foreground color: #4372d6, background color: #f0f4f6, font size: 13.5pt (18px), font weight: normal). Expected contrast ratio of 4.5:1"
					},
					{
						"html": "<span>Read More Stories</span>",
						"message": "Fix any of the following:\n  Element has insufficient color contrast of 4.11 (foreground color: #4372d6, background color: #f0f4f6, font size: 13.5pt (18px), font weight: normal). Expected contrast ratio of 4.5:1"
					}
				]
			},
			"listitem": {
				"description": "<li> elements must be contained in a <ul> or <ol>",
				"helpUrl": "https://dequeuniversity.com/rules/axe/4.7/listitem?application=purple-hats",
				"conformance": [
					"wcag2a",
					"wcag131"
				],
				"totalItems": 1,
				"items": [
					{
						"html": "<li class=\"navbar-item\"><a href=\"/contact-us/\" class=\"is-uppercase\">Contact Us</a><div class=\"selector  is-hidden-touch\"></div>\n                    </li>",
						"message": "Fix any of the following:\n  List item does not have a <ul>, <ol> parent element"
					}
				]
			}
		}
	},
	"goodToFix": {
		"totalItems": 28,
		"rules": {
			"empty-heading": {
				"description": "Headings should not be empty",
				"helpUrl": "https://dequeuniversity.com/rules/axe/4.7/empty-heading?application=purple-hats",
				"conformance": [
					"best-practice"
				],
				"totalItems": 1,
				"items": [
					{
						"html": "<h1 class=\"display padding--bottom--lg margin--none\">\n                    <b class=\"is-hidden-touch\"></b>\n                    <b class=\"is-hidden-desktop\"></b>\n                  </h1>",
						"message": "Fix any of the following:\n  Element does not have text that is visible to screen readers\n  aria-label attribute does not exist or is empty\n  aria-labelledby attribute does not exist, references elements that do not exist or references elements that are empty\n  Element has no title attribute"
					}
				]
			},
			"heading-order": {
				"description": "Heading levels should only increase by one",
				"helpUrl": "https://dequeuniversity.com/rules/axe/4.7/heading-order?application=purple-hats",
				"conformance": [
					"best-practice"
				],
				"totalItems": 1,
				"items": [
					{
						"html": "<h4 class=\"has-text-white padding--bottom--lg\" style=\"line-height: 2.25rem\"><b>Today is world programmer day. Meet one of our own!</b></h4>",
						"message": "Fix any of the following:\n  Heading order invalid"
					}
				]
			},
			"landmark-no-duplicate-contentinfo": {
				"description": "Document should not have more than one contentinfo landmark",
				"helpUrl": "https://dequeuniversity.com/rules/axe/4.7/landmark-no-duplicate-contentinfo?application=purple-hats",
				"conformance": [
					"best-practice"
				],
				"totalItems": 1,
				"items": [
					{
						"html": "<footer class=\"bp-footer top-section\" onclick=\"\">",
						"message": "Fix any of the following:\n  Document has more than one contentinfo landmark"
					}
				]
			},
			"landmark-one-main": {
				"description": "Document should have one main landmark",
				"helpUrl": "https://dequeuniversity.com/rules/axe/4.7/landmark-one-main?application=purple-hats",
				"conformance": [
					"best-practice"
				],
				"totalItems": 1,
				"items": [
					{
						"html": "<html lang=\"en\" class=\"js flexbox flexboxlegacy canvas canvastext webgl no-touch geolocation postmessage websqldatabase indexeddb hashchange history draganddrop websockets rgba hsla multiplebgs backgroundsize borderimage borderradius boxshadow textshadow opacity cssanimations csscolumns cssgradients cssreflections csstransforms csstransforms3d csstransitions fontface generatedcontent video audio localstorage sessionstorage webworkers no-applicationcache svg inlinesvg smil svgclippaths hydrated\">",
						"message": "Fix all of the following:\n  Document does not have a main landmark"
					}
				]
			},
			"landmark-unique": {
				"description": "Ensures landmarks are unique",
				"helpUrl": "https://dequeuniversity.com/rules/axe/4.7/landmark-unique?application=purple-hats",
				"conformance": [
					"best-practice"
				],
				"totalItems": 1,
				"items": [
					{
						"html": "<footer class=\"bp-footer top-section\" onclick=\"\">",
						"message": "Fix any of the following:\n  The landmark must have a unique aria-label, aria-labelledby, or title to make landmarks distinguishable"
					}
				]
			},
			"region": {
				"description": "All page content should be contained by landmarks",
				"helpUrl": "https://dequeuniversity.com/rules/axe/4.7/region?application=purple-hats",
				"conformance": [
					"best-practice"
				],
				"totalItems": 23,
				"items": [
					{
						"html": "<div class=\"masthead-layout\" id=\"bp-masthead\">",
						"message": "Fix any of the following:\n  Some page content is not contained by landmarks"
					},
					{
						"html": "<a href=\"https://careers.tech.gov.sg/\" class=\"bp-button is-secondary is-uppercase search-button\">Visit Now</a>",
						"message": "Fix any of the following:\n  Some page content is not contained by landmarks"
					},
					{
						"html": "<section id=\"key-highlights\" class=\"bp-section is-paddingless\">",
						"message": "Fix any of the following:\n  Some page content is not contained by landmarks"
					},
					{
						"html": "<p class=\"padding--bottom eyebrow is-uppercase\">Singpass</p>",
						"message": "Fix any of the following:\n  Some page content is not contained by landmarks"
					},
					{
						"html": "<h1 class=\"has-text-secondary padding--bottom\">\n                    <b>Your improved digital identity</b>\n                </h1>",
						"message": "Fix any of the following:\n  Some page content is not contained by landmarks"
					},
					{
						"html": "<p>Singpass is Singapore residents' trusted digital identity for convenient and secure access to thousands of government and private sector services, online and in person.</p>",
						"message": "Fix any of the following:\n  Some page content is not contained by landmarks"
					},
					{
						"html": "<span>Learn More About Singpass</span>",
						"message": "Fix any of the following:\n  Some page content is not contained by landmarks"
					},
					{
						"html": "<div class=\"col is-half is-half padding--top--xl padding--bottom--xl\">\n                <img src=\"https://d33wubrfki0l68.cloudfront.net/af5ed6bb161e22f55719003120dd9b402fdff18b/45087/images/singpass_homepage_2560.jpg\" alt=\"Singpass\">\n            </div>",
						"message": "Fix any of the following:\n  Some page content is not contained by landmarks"
					},
					{
						"html": "<div class=\"col is-half is-half padding--top--xl padding--bottom--xl\">\n                <img src=\"https://d33wubrfki0l68.cloudfront.net/9180bcd0cf77d337727b8ff12636baceacc0b2df/c6124/images/lifesg_homepage_2560.jpg\" alt=\"LifeSG\">\n            </div>",
						"message": "Fix any of the following:\n  Some page content is not contained by landmarks"
					},
					{
						"html": "<p class=\"padding--bottom eyebrow is-uppercase\">LifeSG</p>",
						"message": "Fix any of the following:\n  Some page content is not contained by landmarks"
					},
					{
						"html": "<h1 class=\"has-text-secondary padding--bottom\">\n                    <b>Simpler services. Better lives.</b>\n                </h1>",
						"message": "Fix any of the following:\n  Some page content is not contained by landmarks"
					},
					{
						"html": "<p>LifeSG offers a simplified experience across government services so citizens can save time and focus on the things that matter.</p>",
						"message": "Fix any of the following:\n  Some page content is not contained by landmarks"
					},
					{
						"html": "<span>Learn More About LifeSG</span>",
						"message": "Fix any of the following:\n  Some page content is not contained by landmarks"
					},
					{
						"html": "<p class=\"padding--bottom eyebrow is-uppercase\">GoBusiness</p>",
						"message": "Fix any of the following:\n  Some page content is not contained by landmarks"
					},
					{
						"html": "<h1 class=\"has-text-secondary padding--bottom\">\n                    <b>Your business partner from the get-go</b>\n                </h1>",
						"message": "Fix any of the following:\n  Some page content is not contained by landmarks"
					},
					{
						"html": "<p>GoBusiness provides government resources and e-services all in one place to help businesses in Singapore in their journey.</p>",
						"message": "Fix any of the following:\n  Some page content is not contained by landmarks"
					},
					{
						"html": "<span>Learn More About GoBusiness</span>",
						"message": "Fix any of the following:\n  Some page content is not contained by landmarks"
					},
					{
						"html": "<div class=\"col is-half is-half padding--top--xl padding--bottom--xl\">\n                <img src=\"https://d33wubrfki0l68.cloudfront.net/f706a5bc55036acb69e5efb04f0d40324efc0261/34070/images/gobiz_homepage_2560.png\" alt=\"GoBusiness\">\n            </div>",
						"message": "Fix any of the following:\n  Some page content is not contained by landmarks"
					},
					{
						"html": "<div class=\"row\">",
						"message": "Fix any of the following:\n  Some page content is not contained by landmarks"
					},
					{
						"html": "<div class=\"row padding--bottom\">",
						"message": "Fix any of the following:\n  Some page content is not contained by landmarks"
					},
					{
						"html": "<span>Read More Stories</span>",
						"message": "Fix any of the following:\n  Some page content is not contained by landmarks"
					},
					{
						"html": "<div class=\"sc-EHOje hclKXJ\">Chat with Gayle!</div>",
						"message": "Fix any of the following:\n  Some page content is not contained by landmarks"
					},
					{
						"html": "<div class=\"sc-bwzfXH cRwaRu\"><img alt=\"Bot Launcher\" src=\"https://www.tech.gov.sg/images/AskGayle-gif.gif\" class=\"sc-htpNat iUqtne\"></div>",
						"message": "Fix any of the following:\n  Some page content is not contained by landmarks"
					}
				]
			}
		}
	},
	"passed": {
		"totalItems": 520,
		"rules": {
			"aria-allowed-attr": {
				"description": "Elements must only use allowed ARIA attributes",
				"helpUrl": "https://dequeuniversity.com/rules/axe/4.7/aria-allowed-attr?application=purple-hats",
				"conformance": [
					"wcag2a",
					"wcag412"
				],
				"totalItems": 1,
				"items": [
					{
						"html": "<div class=\"wog--flex wog--items-center wog--justify-center wog--inline-flex wog--floating-button wog--float-bottom-left\" tabindex=\"0\" role=\"button\" aria-label=\"Help us improve popup\">"
					}
				]
			},
			"aria-allowed-role": {
				"description": "ARIA role should be appropriate for the element",
				"helpUrl": "https://dequeuniversity.com/rules/axe/4.7/aria-allowed-role?application=purple-hats",
				"conformance": [
					"best-practice"
				],
				"totalItems": 1,
				"items": [
					{
						"html": "<div class=\"wog--flex wog--items-center wog--justify-center wog--inline-flex wog--floating-button wog--float-bottom-left\" tabindex=\"0\" role=\"button\" aria-label=\"Help us improve popup\">"
					}
				]
			},
			"aria-command-name": {
				"description": "ARIA commands must have an accessible name",
				"helpUrl": "https://dequeuniversity.com/rules/axe/4.7/aria-command-name?application=purple-hats",
				"conformance": [
					"wcag2a",
					"wcag412"
				],
				"totalItems": 1,
				"items": [
					{
						"html": "<div class=\"wog--flex wog--items-center wog--justify-center wog--inline-flex wog--floating-button wog--float-bottom-left\" tabindex=\"0\" role=\"button\" aria-label=\"Help us improve popup\">"
					}
				]
			},
			"aria-hidden-body": {
				"description": "aria-hidden='true' must not be present on the document body",
				"helpUrl": "https://dequeuniversity.com/rules/axe/4.7/aria-hidden-body?application=purple-hats",
				"conformance": [
					"wcag2a",
					"wcag412"
				],
				"totalItems": 1,
				"items": [
					{
						"html": "<body>"
					}
				]
			},
			"aria-hidden-focus": {
				"description": "ARIA hidden element must not be focusable or contain focusable elements",
				"helpUrl": "https://dequeuniversity.com/rules/axe/4.7/aria-hidden-focus?application=purple-hats",
				"conformance": [
					"wcag2a",
					"wcag412"
				],
				"totalItems": 16,
				"items": [
					{
						"html": "<i class=\"sgds-icon sgds-icon-arrow-right is-size-4\" aria-hidden=\"true\"></i>"
					},
					{
						"html": "<i class=\"sgds-icon sgds-icon-arrow-right is-size-4\" aria-hidden=\"true\"></i>"
					},
					{
						"html": "<i class=\"sgds-icon sgds-icon-arrow-right is-size-4\" aria-hidden=\"true\"></i>"
					},
					{
						"html": "<i class=\"sgds-icon sgds-icon-arrow-right is-size-4\" aria-hidden=\"true\"></i>"
					},
					{
						"html": "<i class=\"sgds-icon sgds-icon-arrow-right is-size-4\" aria-hidden=\"true\"></i>"
					},
					{
						"html": "<i class=\"sgds-icon sgds-icon-arrow-right is-size-4\" aria-hidden=\"true\"></i>"
					},
					{
						"html": "<i class=\"sgds-icon sgds-icon-arrow-right is-size-4\" aria-hidden=\"true\"></i>"
					},
					{
						"html": "<i class=\"sgds-icon sgds-icon-arrow-right is-size-4\" aria-hidden=\"true\"></i>"
					},
					{
						"html": "<i class=\"sgds-icon sgds-icon-arrow-right is-size-4\" aria-hidden=\"true\"></i>"
					},
					{
						"html": "<i class=\"sgds-icon sgds-icon-arrow-right is-size-4\" aria-hidden=\"true\"></i>"
					},
					{
						"html": "<svg class=\"webchat-MuiSvgIcon-root webchat-MuiSvgIcon-fontSizeInherit\" focusable=\"false\" viewBox=\"0 0 24 24\" aria-hidden=\"true\"><path d=\"M19 6.41L17.59 5 12 10.59 6.41 5 5 6.41 10.59 12 5 17.59 6.41 19 12 13.41 17.59 19 19 17.59 13.41 12z\"></path></svg>"
					},
					{
						"html": "<svg class=\"webchat-MuiSvgIcon-root sc-hMqMXs hIhkfF webchat-MuiSvgIcon-fontSizeLarge\" focusable=\"false\" viewBox=\"0 0 24 24\" aria-hidden=\"true\"><path d=\"M6 19h12v2H6z\"></path></svg>"
					},
					{
						"html": "<svg class=\"webchat-MuiSvgIcon-root sc-kEYyzF hDYwcu webchat-MuiSvgIcon-fontSizeLarge\" focusable=\"false\" viewBox=\"0 0 24 24\" aria-hidden=\"true\"><path d=\"M19 6.41L17.59 5 12 10.59 6.41 5 5 6.41 10.59 12 5 17.59 6.41 19 12 13.41 17.59 19 19 17.59 13.41 12z\"></path></svg>"
					},
					{
						"html": "<svg class=\"webchat-MuiSvgIcon-root webchat-MuiSvgIcon-fontSizeSmall\" focusable=\"false\" viewBox=\"0 0 24 24\" color=\"white\" aria-hidden=\"true\"><path d=\"M2.01 21L23 12 2.01 3 2 10l15 2-15 2z\"></path></svg>"
					},
					{
						"html": "<svg class=\"webchat-MuiSvgIcon-root sc-dxZgTM bLQAld\" focusable=\"false\" viewBox=\"0 0 24 24\" aria-hidden=\"true\">"
					},
					{
						"html": "<svg class=\"webchat-MuiSvgIcon-root sc-iomxrj dIOHWg\" focusable=\"false\" viewBox=\"0 0 24 24\" aria-hidden=\"true\"><path d=\"M12 16.5l4-4h-3v-9h-2v9H8l4 4zm9-13h-6v1.99h6v14.03H3V5.49h6V3.5H3c-1.1 0-2 .9-2 2v14c0 1.1.9 2 2 2h18c1.1 0 2-.9 2-2v-14c0-1.1-.9-2-2-2z\"></path></svg>"
					}
				]
			},
			"aria-required-attr": {
				"description": "Required ARIA attributes must be provided",
				"helpUrl": "https://dequeuniversity.com/rules/axe/4.7/aria-required-attr?application=purple-hats",
				"conformance": [
					"wcag2a",
					"wcag412"
				],
				"totalItems": 1,
				"items": [
					{
						"html": "<div class=\"wog--flex wog--items-center wog--justify-center wog--inline-flex wog--floating-button wog--float-bottom-left\" tabindex=\"0\" role=\"button\" aria-label=\"Help us improve popup\">"
					}
				]
			},
			"aria-roles": {
				"description": "ARIA roles used must conform to valid values",
				"helpUrl": "https://dequeuniversity.com/rules/axe/4.7/aria-roles?application=purple-hats",
				"conformance": [
					"wcag2a",
					"wcag412"
				],
				"totalItems": 1,
				"items": [
					{
						"html": "<div class=\"wog--flex wog--items-center wog--justify-center wog--inline-flex wog--floating-button wog--float-bottom-left\" tabindex=\"0\" role=\"button\" aria-label=\"Help us improve popup\">"
					}
				]
			},
			"aria-valid-attr-value": {
				"description": "ARIA attributes must conform to valid values",
				"helpUrl": "https://dequeuniversity.com/rules/axe/4.7/aria-valid-attr-value?application=purple-hats",
				"conformance": [
					"wcag2a",
					"wcag412"
				],
				"totalItems": 1,
				"items": [
					{
						"html": "<div class=\"wog--flex wog--items-center wog--justify-center wog--inline-flex wog--floating-button wog--float-bottom-left\" tabindex=\"0\" role=\"button\" aria-label=\"Help us improve popup\">"
					}
				]
			},
			"aria-valid-attr": {
				"description": "ARIA attributes must conform to valid names",
				"helpUrl": "https://dequeuniversity.com/rules/axe/4.7/aria-valid-attr?application=purple-hats",
				"conformance": [
					"wcag2a",
					"wcag412"
				],
				"totalItems": 1,
				"items": [
					{
						"html": "<div class=\"wog--flex wog--items-center wog--justify-center wog--inline-flex wog--floating-button wog--float-bottom-left\" tabindex=\"0\" role=\"button\" aria-label=\"Help us improve popup\">"
					}
				]
			},
			"avoid-inline-spacing": {
				"description": "Inline text spacing must be adjustable with custom stylesheets",
				"helpUrl": "https://dequeuniversity.com/rules/axe/4.7/avoid-inline-spacing?application=purple-hats",
				"conformance": [
					"wcag21aa",
					"wcag1412"
				],
				"totalItems": 7,
				"items": [
					{
						"html": "<span class=\"sgds-icon sgds-icon-sg-crest is-size-5\" style=\"color:red\"></span>"
					},
					{
						"html": "<span style=\"display: table-cell; vertical-align: middle\">"
					},
					{
						"html": "<img src=\"https://d33wubrfki0l68.cloudfront.net/7b7e8b84b8180770131a2838266cc18409b22293/545c3/images/logo_govtech_hort.gif\" alt=\"Homepage\" style=\"max-height:75px;max-width:200px;height:auto;width:auto;\">"
					},
					{
						"html": "<a class=\"bp-button is-text is-large\" style=\"text-decoration: none\" id=\"search-activate\">\n                        <span class=\"sgds-icon sgds-icon-search is-size-4\"></span>\n                    </a>"
					},
					{
						"html": "<h4 class=\"has-text-white padding--bottom--lg\" style=\"line-height: 2.25rem\"><b>Today is world programmer day. Meet one of our own!</b></h4>"
					},
					{
						"html": "<h4 class=\"has-text-white padding--bottom--lg\" style=\"line-height: 2.25rem\"><b>Top 5 scams in Singapore and how to protect yourself from them</b></h4>"
					},
					{
						"html": "<h4 class=\"has-text-white padding--bottom--lg\" style=\"line-height: 2.25rem\"><b>Hate waiting around in clinics? Here’s how virtual healthcare is changing that.</b></h4>"
					}
				]
			},
			"bypass": {
				"description": "Page must have means to bypass repeated blocks",
				"helpUrl": "https://dequeuniversity.com/rules/axe/4.7/bypass?application=purple-hats",
				"conformance": [
					"wcag2a",
					"wcag241"
				],
				"totalItems": 1,
				"items": [
					{
						"html": "<html lang=\"en\" class=\"js flexbox flexboxlegacy canvas canvastext webgl no-touch geolocation postmessage websqldatabase indexeddb hashchange history draganddrop websockets rgba hsla multiplebgs backgroundsize borderimage borderradius boxshadow textshadow opacity cssanimations csscolumns cssgradients cssreflections csstransforms csstransforms3d csstransitions fontface generatedcontent video audio localstorage sessionstorage webworkers no-applicationcache svg inlinesvg smil svgclippaths hydrated\">"
					}
				]
			},
			"color-contrast": {
				"description": "Elements must meet minimum color contrast ratio thresholds",
				"helpUrl": "https://dequeuniversity.com/rules/axe/4.7/color-contrast?application=purple-hats",
				"conformance": [
					"wcag2aa",
					"wcag143"
				],
				"totalItems": 78,
				"items": [
					{
						"html": "<span class=\"is-text\">\n                                A Singapore Government Agency Website \n                            </span>"
					},
					{
						"html": "<span class=\"is-text bp-masthead-button-text\">\n                                    How to identify\n                                </span>"
					},
					{
						"html": "<input class=\"input is-fullwidth\" id=\"search-box-mobile\" type=\"text\" placeholder=\"What are you looking for?\" name=\"query\">"
					},
					{
						"html": "<a class=\"navbar-link is-uppercase\" href=\"/digital-government-transformation/\">Digital Gov Transformation</a>"
					},
					{
						"html": "<a class=\"navbar-link is-uppercase\" href=\"/who-we-are/our-role/\">Who We Are</a>"
					},
					{
						"html": "<a class=\"navbar-link is-uppercase\" href=\"/careers/overview\">Careers</a>"
					},
					{
						"html": "<a class=\"navbar-link is-uppercase\" href=\"/media/\">Media</a>"
					},
					{
						"html": "<a href=\"/contact-us/\" class=\"is-uppercase\">Contact Us</a>"
					},
					{
						"html": "<input class=\"input is-fullwidth is-large\" id=\"search-box\" type=\"text\" placeholder=\"What are you looking for?\" name=\"query\" autocomplete=\"off\">"
					},
					{
						"html": "<a href=\"https://careers.tech.gov.sg/\" class=\"bp-button is-secondary is-uppercase search-button\">Visit Now</a>"
					},
					{
						"html": "<p class=\"has-text-weight-semibold has-text-white key-highlight-title is-uppercase padding--top--xs\">PRODUCTS AND SERVICES</p>"
					},
					{
						"html": "<p class=\"has-text-weight-semibold has-text-white key-highlight-title is-uppercase padding--top--xs\">DIGITAL GOVERNMENT BLUEPRINT</p>"
					},
					{
						"html": "<p class=\"has-text-weight-semibold has-text-white key-highlight-title is-uppercase padding--top--xs\">SUBSCRIBE TO TECHNEWS</p>"
					},
					{
						"html": "<p class=\"has-text-weight-semibold has-text-white key-highlight-title is-uppercase padding--top--xs\">JOIN US</p>"
					},
					{
						"html": "<p class=\"padding--bottom eyebrow is-uppercase\">Singpass</p>"
					},
					{
						"html": "<b>Your improved digital identity</b>"
					},
					{
						"html": "<p>Singpass is Singapore residents' trusted digital identity for convenient and secure access to thousands of government and private sector services, online and in person.</p>"
					},
					{
						"html": "<span>Learn More About Singpass</span>"
					},
					{
						"html": "<p class=\"padding--bottom eyebrow is-uppercase\">LifeSG</p>"
					},
					{
						"html": "<b>Simpler services. Better lives.</b>"
					},
					{
						"html": "<p>LifeSG offers a simplified experience across government services so citizens can save time and focus on the things that matter.</p>"
					},
					{
						"html": "<p class=\"padding--bottom eyebrow is-uppercase\">GoBusiness</p>"
					},
					{
						"html": "<b>Your business partner from the get-go</b>"
					},
					{
						"html": "<p>GoBusiness provides government resources and e-services all in one place to help businesses in Singapore in their journey.</p>"
					},
					{
						"html": "<span>Learn More About GoBusiness</span>"
					},
					{
						"html": "<p class=\"padding--bottom eyebrow is-uppercase\">Media</p>"
					},
					{
						"html": "<b>Be in the know</b>"
					},
					{
						"html": "<small class=\"has-text-white padding--bottom\">TECHNEWS</small>"
					},
					{
						"html": "<b>Today is world programmer day. Meet one of our own!</b>"
					},
					{
						"html": "<small class=\"has-text-white\">13 SEP 2023</small>"
					},
					{
						"html": "<small class=\"has-text-white padding--bottom\">TECHNEWS</small>"
					},
					{
						"html": "<b>Top 5 scams in Singapore and how to protect yourself from them</b>"
					},
					{
						"html": "<small class=\"has-text-white\">07 SEP 2023</small>"
					},
					{
						"html": "<small class=\"has-text-white padding--bottom\">TECHNEWS</small>"
					},
					{
						"html": "<b>Hate waiting around in clinics? Here’s how virtual healthcare is changing that.</b>"
					},
					{
						"html": "<small class=\"has-text-white\">31 AUG 2023</small>"
					},
					{
						"html": "<b>Government Technology Agency</b>"
					},
					{
						"html": "<a class=\"has-text-white\" href=\"/digital-government-transformation/\">Digital Gov Transformation</a>"
					},
					{
						"html": "<a href=\"/digital-government-transformation/\">Overview</a>"
					},
					{
						"html": "<a href=\"/digital-government-blueprint/\">Digital Government Blueprint</a>"
					},
					{
						"html": "<a href=\"/singapore-digital-government-journey/\">Singapore Digital Government Journey</a>"
					},
					{
						"html": "<a href=\"/international-partnerships/\">International Partnerships</a>"
					},
					{
						"html": "<a href=\"/products-and-services/\">Products and Services</a>"
					},
					{
						"html": "<a href=\"/digital-standards-and-guides/\">Digital Standards and Guides</a>"
					},
					{
						"html": "<a href=\"/get-involved/\">Get Involved</a>"
					},
					{
						"html": "<a class=\"has-text-white\" href=\"/who-we-are/our-role/\">Who We Are</a>"
					},
					{
						"html": "<a href=\"/who-we-are/our-role/\">Our Role</a>"
					},
					{
						"html": "<a href=\"/who-we-are/our-journey/\">Our Journey</a>"
					},
					{
						"html": "<a href=\"/who-we-are/our-culture-and-values/\">Our Culture and Values</a>"
					},
					{
						"html": "<a href=\"/who-we-are/our-digital-government-rankings/\">Our Digital Government Rankings</a>"
					},
					{
						"html": "<a href=\"/who-we-are/our-statistics/\">Our Statistics</a>"
					},
					{
						"html": "<a href=\"/who-we-are/our-team/\">Our Team</a>"
					},
					{
						"html": "<a class=\"has-text-white\" href=\"/careers/overview\">Careers</a>"
					},
					{
						"html": "<a href=\"/careers/how-we-hire/\">How We Hire</a>"
					},
					{
						"html": "<a href=\"/careers/how-we-work/\">How We Work</a>"
					},
					{
						"html": "<a href=\"/careers/students-and-graduates/\">Students and Graduates</a>"
					},
					{
						"html": "<a href=\"/careers/smart-nation-fellowship-programme/\">Smart Nation Fellowship Programme</a>"
					},
					{
						"html": "<a href=\"/careers/the-govtech-network/\">Our Alumni Network</a>"
					},
					{
						"html": "<a href=\"https://go.gov.sg/govtechjobs\" target=\"_blank\" rel=\"noreferrer\">Apply Now</a>"
					},
					{
						"html": "<a class=\"has-text-white\" href=\"/media/\">Media</a>"
					},
					{
						"html": "<a href=\"/media/\">All</a>"
					},
					{
						"html": "<a href=\"/media/corporate-publications/\">Corporate Publications</a>"
					},
					{
						"html": "<a href=\"/media/events/\">Events</a>"
					},
					{
						"html": "<a href=\"/media/media-releases/\">Media Releases</a>"
					},
					{
						"html": "<a href=\"/media/speeches/\">Speeches</a>"
					},
					{
						"html": "<a href=\"/media/technews/\">TechNews</a>"
					},
					{
						"html": "<a href=\"/media/blogs/listing\">Blogs</a>"
					},
					{
						"html": "<a href=\"/media/advisory/\">Advisory</a>"
					},
					{
						"html": "<a href=\"/media/awards/\">Awards</a>"
					},
					{
						"html": "<a href=\"https://www.tech.gov.sg/report_vulnerability/\">Report Vulnerability</a>"
					},
					{
						"html": "<a href=\"/privacy/\">Privacy Statement</a>"
					},
					{
						"html": "<a href=\"/terms-of-use/\">Terms of Use</a>"
					},
					{
						"html": "<a href=\"/contact-us/\">Contact Us</a>"
					},
					{
						"html": "<a href=\"https://www.isomer.gov.sg/\" target=\"_blank\" rel=\"noreferrer\">Created with <img src=\"https://d33wubrfki0l68.cloudfront.net/7bc26ce7839bcc7a936ec9c308ac45665449bc82/52d82/assets/img/isomer_logo.svg\" alt=\"Isomer Logo\"></a>"
					},
					{
						"html": "<a href=\"https://www.open.gov.sg/\" target=\"_blank\" rel=\"noreferrer\">Built by <img src=\"https://d33wubrfki0l68.cloudfront.net/c2bb36a32e45d17d45480da41cb77ed18a9d0c76/58074/assets/img/ogp_logo.svg\" alt=\"Open Government Products Logo\"></a>"
					},
					{
						"html": "<p class=\"footer-credits\">\n                      © 2023\n                          Government Technology Agency, Last Updated 13 Sep 2023</p>"
					},
					{
						"html": "<div class=\"sc-EHOje hclKXJ\">Chat with Gayle!</div>"
					},
					{
						"html": "<textarea rows=\"1\" placeholder=\"Type your message here\" maxlength=\"256\" class=\"sc-kXeGPI dATfdq\"></textarea>"
					}
				]
			},
			"document-title": {
				"description": "Documents must have <title> element to aid in navigation",
				"helpUrl": "https://dequeuniversity.com/rules/axe/4.7/document-title?application=purple-hats",
				"conformance": [
					"wcag2a",
					"wcag242"
				],
				"totalItems": 1,
				"items": [
					{
						"html": "<html lang=\"en\" class=\"js flexbox flexboxlegacy canvas canvastext webgl no-touch geolocation postmessage websqldatabase indexeddb hashchange history draganddrop websockets rgba hsla multiplebgs backgroundsize borderimage borderradius boxshadow textshadow opacity cssanimations csscolumns cssgradients cssreflections csstransforms csstransforms3d csstransitions fontface generatedcontent video audio localstorage sessionstorage webworkers no-applicationcache svg inlinesvg smil svgclippaths hydrated\">"
					}
				]
			},
			"duplicate-id": {
				"description": "id attribute value must be unique",
				"helpUrl": "https://dequeuniversity.com/rules/axe/4.7/duplicate-id?application=purple-hats",
				"conformance": [
					"wcag2a",
					"wcag411"
				],
				"totalItems": 23,
				"items": [
					{
						"html": "<div class=\"masthead-container\" id=\"navbar\" onclick=\"\">"
					},
					{
						"html": "<div class=\"masthead-layout\" id=\"bp-masthead\">"
					},
					{
						"html": "<span class=\"bp-masthead-button\" id=\"masthead-dropdown-button\">"
					},
					{
						"html": "<span class=\"sgds-icon sgds-icon-chevron-down is-size-7\" id=\"masthead-chevron\"></span>"
					},
					{
						"html": "<div class=\"masthead-divider is-hidden\" id=\"masthead-divider\" style=\"padding-left: -12px; padding-right:-12px;\"></div>"
					},
					{
						"html": "<div class=\"col banner-content-layout is-hidden\" id=\"banner-content\">"
					},
					{
						"html": "<div id=\"navbarExampleTransparentExample\" class=\"bp-container is-fluid margin--none navbar-menu\">"
					},
					{
						"html": "<input class=\"input is-fullwidth\" id=\"search-box-mobile\" type=\"text\" placeholder=\"What are you looking for?\" name=\"query\">"
					},
					{
						"html": "<a class=\"bp-button is-text is-large\" style=\"text-decoration: none\" id=\"search-activate\">\n                        <span class=\"sgds-icon sgds-icon-search is-size-4\"></span>\n                    </a>"
					},
					{
						"html": "<div class=\"bp-container hide is-hidden-touch is-hidden-desktop-only search-bar\" id=\"search-bar\">"
					},
					{
						"html": "<input class=\"input is-fullwidth is-large\" id=\"search-box\" type=\"text\" placeholder=\"What are you looking for?\" name=\"query\" autocomplete=\"off\">"
					},
					{
						"html": "<div id=\"main-content\" onclick=\"\">"
					},
					{
						"html": "<section id=\"key-highlights\" class=\"bp-section is-paddingless\">"
					},
					{
						"html": "<div class=\"col is-one-fifth is-hidden-mobile is-hidden-tablet-only\" id=\"social-link-desktop\">"
					},
					{
						"html": "<div class=\"col is-one-quarter is-hidden-mobile is-hidden-desktop\" id=\"social-link-tablet\">"
					},
					{
						"html": "<script type=\"text/javascript\" id=\"\">"
					},
					{
						"html": "<div id=\"webchat\" app-id=\"gt-ask-gayle\" app-name=\"AskGayle\" app-color=\"#B41E8E\" app-icon=\"https://www.tech.gov.sg/images/AskGayle-gif.gif\" app-subtitle=\"\" app-welcome-message=\"Chat with Gayle!\" app-base-font-size=\"16\" app-position-right=\"40\" app-position-bottom=\"40\" app-enable-auto-complete=\"true\" app-enable-recommendations=\"false\" app-auto-launch=\"false\" app-bot-response-trigger-event=\"false\" app-quick-launch-event=\"welcome\" app-foreground-color1=\"#F5F5F5\" app-foreground-color-2=\"#4D4D4F\" app-background-color2=\"#F5F5F5\" app-canvas-background-color=\"#E3E3E3\" app-button-border-color=\"#B41E8E\" app-quick-reply-button-background-color=\"#F5F5F5\" app-auto-complete-background-color=\"#E5CFE0\" app-auto-complete-foreground-color=\"#4D4D4F\" app-auto-complete-hover-color=\"#E2ABD4\" app-auto-complete-divider-color=\"#B41E8E\" app-recommendations-background-color=\"#E5CFE0\" app-recommendations-foreground-color=\"#4D4D4F\" app-recommendations-hover-color=\"#E2ABD4\" app-launcher-animation-iteration=\"0\" app-orchestrator-timeout=\"8000\" app-font-family=\"Lato\">"
					},
					{
						"html": "<div id=\"webchat-container\">"
					},
					{
						"html": "<div id=\"wog--sentiments-content\">"
					},
					{
						"html": "<svg id=\"happy-svg\" xmlns=\"http://www.w3.org/2000/svg\" width=\"35\" height=\"35\" viewBox=\"0 0 70 70\">"
					},
					{
						"html": "<path id=\"Fill-4\" d=\"M35 54.3c-7.3 0-14.5-2.9-20-8.7-.9-1-.9-2.5 0-3.5s2.4-1 3.3 0c9.2 9.6 24.2 9.7 33.4 0 .9-1 2.4-1 3.3 0 .9 1 .9 2.5 0 3.5-5.5 5.8-12.8 8.7-20 8.7\"></path>"
					},
					{
						"html": "<path id=\"Fill-6\" d=\"M21.4 32.9c-2.4 0-4.3-1.7-4.3-3.7v-2.5c0-2.1 1.9-3.7 4.3-3.7s4.3 1.7 4.3 3.7v2.5c0 2-1.9 3.7-4.3 3.7\"></path>"
					},
					{
						"html": "<path id=\"Fill-8\" d=\"M48.6 32.9c-2.4 0-4.3-1.7-4.3-3.7v-2.5c0-2.1 1.9-3.7 4.3-3.7s4.3 1.7 4.3 3.7v2.5c0 2-2 3.7-4.3 3.7\"></path>"
					}
				]
			},
			"empty-heading": {
				"description": "Headings should not be empty",
				"helpUrl": "https://dequeuniversity.com/rules/axe/4.7/empty-heading?application=purple-hats",
				"conformance": [
					"best-practice"
				],
				"totalItems": 8,
				"items": [
					{
						"html": "<h1 class=\"has-text-secondary padding--bottom\">\n                    <b>Your improved digital identity</b>\n                </h1>"
					},
					{
						"html": "<h1 class=\"has-text-secondary padding--bottom\">\n                    <b>Simpler services. Better lives.</b>\n                </h1>"
					},
					{
						"html": "<h1 class=\"has-text-secondary padding--bottom\">\n                    <b>Your business partner from the get-go</b>\n                </h1>"
					},
					{
						"html": "<h1 class=\"has-text-secondary padding--bottom\"><b>Be in the know</b></h1>"
					},
					{
						"html": "<h4 class=\"has-text-white padding--bottom--lg\" style=\"line-height: 2.25rem\"><b>Today is world programmer day. Meet one of our own!</b></h4>"
					},
					{
						"html": "<h4 class=\"has-text-white padding--bottom--lg\" style=\"line-height: 2.25rem\"><b>Top 5 scams in Singapore and how to protect yourself from them</b></h4>"
					},
					{
						"html": "<h4 class=\"has-text-white padding--bottom--lg\" style=\"line-height: 2.25rem\"><b>Hate waiting around in clinics? Here’s how virtual healthcare is changing that.</b></h4>"
					},
					{
						"html": "<h5 class=\"sub-header has-text-white\"><b>Government Technology Agency</b></h5>"
					}
				]
			},
			"heading-order": {
				"description": "Heading levels should only increase by one",
				"helpUrl": "https://dequeuniversity.com/rules/axe/4.7/heading-order?application=purple-hats",
				"conformance": [
					"best-practice"
				],
				"totalItems": 8,
				"items": [
					{
						"html": "<h1 class=\"display padding--bottom--lg margin--none\">\n                    <b class=\"is-hidden-touch\"></b>\n                    <b class=\"is-hidden-desktop\"></b>\n                  </h1>"
					},
					{
						"html": "<h1 class=\"has-text-secondary padding--bottom\">\n                    <b>Your improved digital identity</b>\n                </h1>"
					},
					{
						"html": "<h1 class=\"has-text-secondary padding--bottom\">\n                    <b>Simpler services. Better lives.</b>\n                </h1>"
					},
					{
						"html": "<h1 class=\"has-text-secondary padding--bottom\">\n                    <b>Your business partner from the get-go</b>\n                </h1>"
					},
					{
						"html": "<h1 class=\"has-text-secondary padding--bottom\"><b>Be in the know</b></h1>"
					},
					{
						"html": "<h4 class=\"has-text-white padding--bottom--lg\" style=\"line-height: 2.25rem\"><b>Top 5 scams in Singapore and how to protect yourself from them</b></h4>"
					},
					{
						"html": "<h4 class=\"has-text-white padding--bottom--lg\" style=\"line-height: 2.25rem\"><b>Hate waiting around in clinics? Here’s how virtual healthcare is changing that.</b></h4>"
					},
					{
						"html": "<h5 class=\"sub-header has-text-white\"><b>Government Technology Agency</b></h5>"
					}
				]
			},
			"html-has-lang": {
				"description": "<html> element must have a lang attribute",
				"helpUrl": "https://dequeuniversity.com/rules/axe/4.7/html-has-lang?application=purple-hats",
				"conformance": [
					"wcag2a",
					"wcag311"
				],
				"totalItems": 1,
				"items": [
					{
						"html": "<html lang=\"en\" class=\"js flexbox flexboxlegacy canvas canvastext webgl no-touch geolocation postmessage websqldatabase indexeddb hashchange history draganddrop websockets rgba hsla multiplebgs backgroundsize borderimage borderradius boxshadow textshadow opacity cssanimations csscolumns cssgradients cssreflections csstransforms csstransforms3d csstransitions fontface generatedcontent video audio localstorage sessionstorage webworkers no-applicationcache svg inlinesvg smil svgclippaths hydrated\">"
					}
				]
			},
			"html-lang-valid": {
				"description": "<html> element must have a valid value for the lang attribute",
				"helpUrl": "https://dequeuniversity.com/rules/axe/4.7/html-lang-valid?application=purple-hats",
				"conformance": [
					"wcag2a",
					"wcag311"
				],
				"totalItems": 1,
				"items": [
					{
						"html": "<html lang=\"en\" class=\"js flexbox flexboxlegacy canvas canvastext webgl no-touch geolocation postmessage websqldatabase indexeddb hashchange history draganddrop websockets rgba hsla multiplebgs backgroundsize borderimage borderradius boxshadow textshadow opacity cssanimations csscolumns cssgradients cssreflections csstransforms csstransforms3d csstransitions fontface generatedcontent video audio localstorage sessionstorage webworkers no-applicationcache svg inlinesvg smil svgclippaths hydrated\">"
					}
				]
			},
			"image-alt": {
				"description": "Images must have alternate text",
				"helpUrl": "https://dequeuniversity.com/rules/axe/4.7/image-alt?application=purple-hats",
				"conformance": [
					"wcag2a",
					"wcag111"
				],
				"totalItems": 7,
				"items": [
					{
						"html": "<img src=\"https://d33wubrfki0l68.cloudfront.net/7b7e8b84b8180770131a2838266cc18409b22293/545c3/images/logo_govtech_hort.gif\" alt=\"Homepage\" style=\"max-height:75px;max-width:200px;height:auto;width:auto;\">"
					},
					{
						"html": "<img src=\"https://d33wubrfki0l68.cloudfront.net/af5ed6bb161e22f55719003120dd9b402fdff18b/45087/images/singpass_homepage_2560.jpg\" alt=\"Singpass\">"
					},
					{
						"html": "<img src=\"https://d33wubrfki0l68.cloudfront.net/9180bcd0cf77d337727b8ff12636baceacc0b2df/c6124/images/lifesg_homepage_2560.jpg\" alt=\"LifeSG\">"
					},
					{
						"html": "<img src=\"https://d33wubrfki0l68.cloudfront.net/f706a5bc55036acb69e5efb04f0d40324efc0261/34070/images/gobiz_homepage_2560.png\" alt=\"GoBusiness\">"
					},
					{
						"html": "<img src=\"https://d33wubrfki0l68.cloudfront.net/7bc26ce7839bcc7a936ec9c308ac45665449bc82/52d82/assets/img/isomer_logo.svg\" alt=\"Isomer Logo\">"
					},
					{
						"html": "<img src=\"https://d33wubrfki0l68.cloudfront.net/c2bb36a32e45d17d45480da41cb77ed18a9d0c76/58074/assets/img/ogp_logo.svg\" alt=\"Open Government Products Logo\">"
					},
					{
						"html": "<img alt=\"Bot Launcher\" src=\"https://www.tech.gov.sg/images/AskGayle-gif.gif\" class=\"sc-htpNat iUqtne\">"
					}
				]
			},
			"image-redundant-alt": {
				"description": "Alternative text of images should not be repeated as text",
				"helpUrl": "https://dequeuniversity.com/rules/axe/4.7/image-redundant-alt?application=purple-hats",
				"conformance": [
					"best-practice"
				],
				"totalItems": 7,
				"items": [
					{
						"html": "<img src=\"https://d33wubrfki0l68.cloudfront.net/7b7e8b84b8180770131a2838266cc18409b22293/545c3/images/logo_govtech_hort.gif\" alt=\"Homepage\" style=\"max-height:75px;max-width:200px;height:auto;width:auto;\">"
					},
					{
						"html": "<img src=\"https://d33wubrfki0l68.cloudfront.net/af5ed6bb161e22f55719003120dd9b402fdff18b/45087/images/singpass_homepage_2560.jpg\" alt=\"Singpass\">"
					},
					{
						"html": "<img src=\"https://d33wubrfki0l68.cloudfront.net/9180bcd0cf77d337727b8ff12636baceacc0b2df/c6124/images/lifesg_homepage_2560.jpg\" alt=\"LifeSG\">"
					},
					{
						"html": "<img src=\"https://d33wubrfki0l68.cloudfront.net/f706a5bc55036acb69e5efb04f0d40324efc0261/34070/images/gobiz_homepage_2560.png\" alt=\"GoBusiness\">"
					},
					{
						"html": "<img src=\"https://d33wubrfki0l68.cloudfront.net/7bc26ce7839bcc7a936ec9c308ac45665449bc82/52d82/assets/img/isomer_logo.svg\" alt=\"Isomer Logo\">"
					},
					{
						"html": "<img src=\"https://d33wubrfki0l68.cloudfront.net/c2bb36a32e45d17d45480da41cb77ed18a9d0c76/58074/assets/img/ogp_logo.svg\" alt=\"Open Government Products Logo\">"
					},
					{
						"html": "<img alt=\"Bot Launcher\" src=\"https://www.tech.gov.sg/images/AskGayle-gif.gif\" class=\"sc-htpNat iUqtne\">"
					}
				]
			},
			"landmark-contentinfo-is-top-level": {
				"description": "Contentinfo landmark should not be contained in another landmark",
				"helpUrl": "https://dequeuniversity.com/rules/axe/4.7/landmark-contentinfo-is-top-level?application=purple-hats",
				"conformance": [
					"best-practice"
				],
				"totalItems": 2,
				"items": [
					{
						"html": "<footer class=\"bp-footer top-section\" onclick=\"\">"
					},
					{
						"html": "<footer class=\"bp-footer bottom-section\" onclick=\"\">"
					}
				]
			},
			"landmark-unique": {
				"description": "Ensures landmarks are unique",
				"helpUrl": "https://dequeuniversity.com/rules/axe/4.7/landmark-unique?application=purple-hats",
				"conformance": [
					"best-practice"
				],
				"totalItems": 1,
				"items": [
					{
						"html": "<nav class=\"navbar is-transparent\">"
					}
				]
			},
			"link-name": {
				"description": "Links must have discernible text",
				"helpUrl": "https://dequeuniversity.com/rules/axe/4.7/link-name?application=purple-hats",
				"conformance": [
					"wcag2a",
					"wcag412",
					"wcag244"
				],
				"totalItems": 61,
				"items": [
					{
						"html": "<a class=\"navbar-item\" href=\"/\">\n                <img src=\"https://d33wubrfki0l68.cloudfront.net/7b7e8b84b8180770131a2838266cc18409b22293/545c3/images/logo_govtech_hort.gif\" alt=\"Homepage\" style=\"max-height:75px;max-width:200px;height:auto;width:auto;\">\n            </a>"
					},
					{
						"html": "<a class=\"navbar-link is-uppercase\" href=\"/digital-government-transformation/\">Digital Gov Transformation</a>"
					},
					{
						"html": "<a class=\"navbar-link is-uppercase\" href=\"/who-we-are/our-role/\">Who We Are</a>"
					},
					{
						"html": "<a class=\"navbar-link is-uppercase\" href=\"/careers/overview\">Careers</a>"
					},
					{
						"html": "<a class=\"navbar-link is-uppercase\" href=\"/media/\">Media</a>"
					},
					{
						"html": "<a href=\"/contact-us/\" class=\"is-uppercase\">Contact Us</a>"
					},
					{
						"html": "<a href=\"https://careers.tech.gov.sg/\" class=\"bp-button is-secondary is-uppercase search-button\">Visit Now</a>"
					},
					{
						"html": "<a href=\"https://www.tech.gov.sg/products-and-services/?utm_source=hero_banner\" target=\"_blank\" class=\"is-highlight\" rel=\"noreferrer\">"
					},
					{
						"html": "<a href=\"/digital-government-blueprint/?utm_source=hero_banner\" target=\"_blank\" class=\"is-highlight\" rel=\"noreferrer\">"
					},
					{
						"html": "<a href=\"/media/technews/subscribe/?utm_source=hero_banner\" target=\"_blank\" class=\"is-highlight\" rel=\"noreferrer\">"
					},
					{
						"html": "<a href=\"https://go.gov.sg/govtechjobs\" target=\"_blank\" class=\"is-highlight\" rel=\"noreferrer\">"
					},
					{
						"html": "<a href=\"/products-and-services/singpass/?utm_source=products_homepage\" class=\"bp-sec-button margin--top padding--bottom\">"
					},
					{
						"html": "<a href=\"/products-and-services/lifesg/?utm_source=products_homepage\" class=\"bp-sec-button margin--top padding--bottom\">"
					},
					{
						"html": "<a href=\"/products-and-services/gobusiness/?utm_source=products_homepage\" class=\"bp-sec-button margin--top padding--bottom\">"
					},
					{
						"html": "<a href=\"/images/technews/today-is-world-programmers-day\" class=\"is-media-card\">"
					},
					{
						"html": "<a href=\"/media/technews/top-five-scams-in-singapore-and-how-to-protect-yourself\" class=\"is-media-card\">"
					},
					{
						"html": "<a href=\"/media/technews/hate-waiting-around-in-clinics\" class=\"is-media-card\">"
					},
					{
						"html": "<a href=\"/media/?utm_source=media_homepage\" class=\"bp-sec-button\">\n                    <div>\n                        <span>Read More Stories</span>\n                        <i class=\"sgds-icon sgds-icon-arrow-right is-size-4\" aria-hidden=\"true\"></i>\n                    </div>\n                </a>"
					},
					{
						"html": "<a class=\"has-text-white\" href=\"/digital-government-transformation/\">Digital Gov Transformation</a>"
					},
					{
						"html": "<a href=\"/digital-government-transformation/\">Overview</a>"
					},
					{
						"html": "<a href=\"/digital-government-blueprint/\">Digital Government Blueprint</a>"
					},
					{
						"html": "<a href=\"/singapore-digital-government-journey/\">Singapore Digital Government Journey</a>"
					},
					{
						"html": "<a href=\"/international-partnerships/\">International Partnerships</a>"
					},
					{
						"html": "<a href=\"/products-and-services/\">Products and Services</a>"
					},
					{
						"html": "<a href=\"/digital-standards-and-guides/\">Digital Standards and Guides</a>"
					},
					{
						"html": "<a href=\"/get-involved/\">Get Involved</a>"
					},
					{
						"html": "<a class=\"has-text-white\" href=\"/who-we-are/our-role/\">Who We Are</a>"
					},
					{
						"html": "<a href=\"/who-we-are/our-role/\">Our Role</a>"
					},
					{
						"html": "<a href=\"/who-we-are/our-journey/\">Our Journey</a>"
					},
					{
						"html": "<a href=\"/who-we-are/our-culture-and-values/\">Our Culture and Values</a>"
					},
					{
						"html": "<a href=\"/who-we-are/our-digital-government-rankings/\">Our Digital Government Rankings</a>"
					},
					{
						"html": "<a href=\"/who-we-are/our-statistics/\">Our Statistics</a>"
					},
					{
						"html": "<a href=\"/who-we-are/our-team/\">Our Team</a>"
					},
					{
						"html": "<a class=\"has-text-white\" href=\"/careers/overview\">Careers</a>"
					},
					{
						"html": "<a href=\"/careers/how-we-hire/\">How We Hire</a>"
					},
					{
						"html": "<a href=\"/careers/how-we-work/\">How We Work</a>"
					},
					{
						"html": "<a href=\"/careers/students-and-graduates/\">Students and Graduates</a>"
					},
					{
						"html": "<a href=\"/careers/smart-nation-fellowship-programme/\">Smart Nation Fellowship Programme</a>"
					},
					{
						"html": "<a href=\"/careers/the-govtech-network/\">Our Alumni Network</a>"
					},
					{
						"html": "<a href=\"https://go.gov.sg/govtechjobs\" target=\"_blank\" rel=\"noreferrer\">Apply Now</a>"
					},
					{
						"html": "<a class=\"has-text-white\" href=\"/media/\">Media</a>"
					},
					{
						"html": "<a href=\"/media/\">All</a>"
					},
					{
						"html": "<a href=\"/media/corporate-publications/\">Corporate Publications</a>"
					},
					{
						"html": "<a href=\"/media/events/\">Events</a>"
					},
					{
						"html": "<a href=\"/media/media-releases/\">Media Releases</a>"
					},
					{
						"html": "<a href=\"/media/speeches/\">Speeches</a>"
					},
					{
						"html": "<a href=\"/media/technews/\">TechNews</a>"
					},
					{
						"html": "<a href=\"/media/blogs/listing\">Blogs</a>"
					},
					{
						"html": "<a href=\"/media/advisory/\">Advisory</a>"
					},
					{
						"html": "<a href=\"/media/awards/\">Awards</a>"
					},
					{
						"html": "<a href=\"https://www.facebook.com/GovTechSG\" target=\"_blank\" class=\"social-link padding--right padding--bottom is-inline-block\" rel=\"noreferrer\"><span class=\"sgds-icon sgds-icon-facebook is-size-4\" title=\"Facebook\"></span></a>"
					},
					{
						"html": "<a href=\"https://www.twitter.com/GovTechSG\" target=\"_blank\" class=\"social-link padding--right padding--bottom is-inline-block\" rel=\"noreferrer\"><span class=\"sgds-icon sgds-icon-twitter is-size-4\" title=\"Twitter\"></span></a>"
					},
					{
						"html": "<a href=\"https://www.youtube.com/GovTechSG\" target=\"_blank\" class=\"social-link padding--right padding--bottom is-inline-block\" rel=\"noreferrer\"><span class=\"sgds-icon sgds-icon-youtube is-size-4\" title=\"YouTube\"></span></a>"
					},
					{
						"html": "<a href=\"https://www.instagram.com/govtechsg/?hl=en\" target=\"_blank\" class=\"social-link padding--right padding--bottom is-inline-block\" rel=\"noreferrer\"><span class=\"sgds-icon sgds-icon-instagram is-size-4\" title=\"Instagram\"></span></a>"
					},
					{
						"html": "<a href=\"https://www.linkedin.com/company/GovTech-Singapore\" target=\"_blank\" class=\"social-link padding--bottom is-inline-block\" rel=\"noreferrer\"><span class=\"sgds-icon sgds-icon-linkedin is-size-4\" title=\"LinkedIn\"></span></a>"
					},
					{
						"html": "<a href=\"https://www.tech.gov.sg/report_vulnerability/\">Report Vulnerability</a>"
					},
					{
						"html": "<a href=\"/privacy/\">Privacy Statement</a>"
					},
					{
						"html": "<a href=\"/terms-of-use/\">Terms of Use</a>"
					},
					{
						"html": "<a href=\"/contact-us/\">Contact Us</a>"
					},
					{
						"html": "<a href=\"https://www.isomer.gov.sg/\" target=\"_blank\" rel=\"noreferrer\">Created with <img src=\"https://d33wubrfki0l68.cloudfront.net/7bc26ce7839bcc7a936ec9c308ac45665449bc82/52d82/assets/img/isomer_logo.svg\" alt=\"Isomer Logo\"></a>"
					},
					{
						"html": "<a href=\"https://www.open.gov.sg/\" target=\"_blank\" rel=\"noreferrer\">Built by <img src=\"https://d33wubrfki0l68.cloudfront.net/c2bb36a32e45d17d45480da41cb77ed18a9d0c76/58074/assets/img/ogp_logo.svg\" alt=\"Open Government Products Logo\"></a>"
					}
				]
			},
			"list": {
				"description": "<ul> and <ol> must only directly contain <li>, <script> or <template> elements",
				"helpUrl": "https://dequeuniversity.com/rules/axe/4.7/list?application=purple-hats",
				"conformance": [
					"wcag2a",
					"wcag131"
				],
				"totalItems": 2,
				"items": [
					{
						"html": "<ul>"
					},
					{
						"html": "<ul>"
					}
				]
			},
			"listitem": {
				"description": "<li> elements must be contained in a <ul> or <ol>",
				"helpUrl": "https://dequeuniversity.com/rules/axe/4.7/listitem?application=purple-hats",
				"conformance": [
					"wcag2a",
					"wcag131"
				],
				"totalItems": 6,
				"items": [
					{
						"html": "<li><a href=\"https://www.tech.gov.sg/report_vulnerability/\">Report Vulnerability</a></li>"
					},
					{
						"html": "<li><a href=\"/privacy/\">Privacy Statement</a></li>"
					},
					{
						"html": "<li><a href=\"/terms-of-use/\">Terms of Use</a></li>"
					},
					{
						"html": "<li class=\"is-inline-block-desktop-only\">\n                  <p><a href=\"/contact-us/\">Contact Us</a></p>\n              </li>"
					},
					{
						"html": "<li>"
					},
					{
						"html": "<li>"
					}
				]
			},
			"meta-viewport-large": {
				"description": "Users should be able to zoom and scale the text up to 500%",
				"helpUrl": "https://dequeuniversity.com/rules/axe/4.7/meta-viewport-large?application=purple-hats",
				"conformance": [
					"best-practice"
				],
				"totalItems": 1,
				"items": [
					{
						"html": "<meta name=\"viewport\" content=\"width=device-width, user-scalable=yes, initial-scale=1.0\">"
					}
				]
			},
			"meta-viewport": {
				"description": "Zooming and scaling must not be disabled",
				"helpUrl": "https://dequeuniversity.com/rules/axe/4.7/meta-viewport?application=purple-hats",
				"conformance": [
					"wcag2aa",
					"wcag144"
				],
				"totalItems": 1,
				"items": [
					{
						"html": "<meta name=\"viewport\" content=\"width=device-width, user-scalable=yes, initial-scale=1.0\">"
					}
				]
			},
			"nested-interactive": {
				"description": "Interactive controls must not be nested",
				"helpUrl": "https://dequeuniversity.com/rules/axe/4.7/nested-interactive?application=purple-hats",
				"conformance": [
					"wcag2a",
					"wcag412"
				],
				"totalItems": 8,
				"items": [
					{
						"html": "<img src=\"https://d33wubrfki0l68.cloudfront.net/7b7e8b84b8180770131a2838266cc18409b22293/545c3/images/logo_govtech_hort.gif\" alt=\"Homepage\" style=\"max-height:75px;max-width:200px;height:auto;width:auto;\">"
					},
					{
						"html": "<img src=\"https://d33wubrfki0l68.cloudfront.net/af5ed6bb161e22f55719003120dd9b402fdff18b/45087/images/singpass_homepage_2560.jpg\" alt=\"Singpass\">"
					},
					{
						"html": "<img src=\"https://d33wubrfki0l68.cloudfront.net/9180bcd0cf77d337727b8ff12636baceacc0b2df/c6124/images/lifesg_homepage_2560.jpg\" alt=\"LifeSG\">"
					},
					{
						"html": "<img src=\"https://d33wubrfki0l68.cloudfront.net/f706a5bc55036acb69e5efb04f0d40324efc0261/34070/images/gobiz_homepage_2560.png\" alt=\"GoBusiness\">"
					},
					{
						"html": "<img src=\"https://d33wubrfki0l68.cloudfront.net/7bc26ce7839bcc7a936ec9c308ac45665449bc82/52d82/assets/img/isomer_logo.svg\" alt=\"Isomer Logo\">"
					},
					{
						"html": "<img src=\"https://d33wubrfki0l68.cloudfront.net/c2bb36a32e45d17d45480da41cb77ed18a9d0c76/58074/assets/img/ogp_logo.svg\" alt=\"Open Government Products Logo\">"
					},
					{
						"html": "<img alt=\"Bot Launcher\" src=\"https://www.tech.gov.sg/images/AskGayle-gif.gif\" class=\"sc-htpNat iUqtne\">"
					},
					{
						"html": "<div class=\"wog--flex wog--items-center wog--justify-center wog--inline-flex wog--floating-button wog--float-bottom-left\" tabindex=\"0\" role=\"button\" aria-label=\"Help us improve popup\">"
					}
				]
			},
			"page-has-heading-one": {
				"description": "Page should contain a level-one heading",
				"helpUrl": "https://dequeuniversity.com/rules/axe/4.7/page-has-heading-one?application=purple-hats",
				"conformance": [
					"best-practice"
				],
				"totalItems": 1,
				"items": [
					{
						"html": "<html lang=\"en\" class=\"js flexbox flexboxlegacy canvas canvastext webgl no-touch geolocation postmessage websqldatabase indexeddb hashchange history draganddrop websockets rgba hsla multiplebgs backgroundsize borderimage borderradius boxshadow textshadow opacity cssanimations csscolumns cssgradients cssreflections csstransforms csstransforms3d csstransitions fontface generatedcontent video audio localstorage sessionstorage webworkers no-applicationcache svg inlinesvg smil svgclippaths hydrated\">"
					}
				]
			},
			"region": {
				"description": "All page content should be contained by landmarks",
				"helpUrl": "https://dequeuniversity.com/rules/axe/4.7/region?application=purple-hats",
				"conformance": [
					"best-practice"
				],
				"totalItems": 269,
				"items": [
					{
						"html": "<div class=\"masthead-container\" id=\"navbar\" onclick=\"\">"
					},
					{
						"html": "<section class=\"bp-section bp-masthead\">"
					},
					{
						"html": "<div class=\"bp-container\">"
					},
					{
						"html": "<div class=\"row is-multiline is-vcentered masthead-layout-container\">"
					},
					{
						"html": "<div class=\"col is-9-desktop is-12-touch has-text-centered-touch\">"
					},
					{
						"html": "<span class=\"sgds-icon sgds-icon-sg-crest is-size-5\" style=\"color:red\"></span>"
					},
					{
						"html": "<span style=\"display: table-cell; vertical-align: middle\">"
					},
					{
						"html": "<span class=\"banner-text-layout\">"
					},
					{
						"html": "<span class=\"is-text\">\n                                A Singapore Government Agency Website \n                            </span>"
					},
					{
						"html": "<span class=\"bp-masthead-button\" id=\"masthead-dropdown-button\">"
					},
					{
						"html": "<span class=\"is-text bp-masthead-button-text\">\n                                    How to identify\n                                </span>"
					},
					{
						"html": "<span class=\"sgds-icon sgds-icon-chevron-down is-size-7\" id=\"masthead-chevron\"></span>"
					},
					{
						"html": "<nav class=\"navbar is-transparent\">"
					},
					{
						"html": "<div class=\"bp-container\">"
					},
					{
						"html": "<div class=\"navbar-brand\">"
					},
					{
						"html": "<a class=\"navbar-item\" href=\"/\">\n                <img src=\"https://d33wubrfki0l68.cloudfront.net/7b7e8b84b8180770131a2838266cc18409b22293/545c3/images/logo_govtech_hort.gif\" alt=\"Homepage\" style=\"max-height:75px;max-width:200px;height:auto;width:auto;\">\n            </a>"
					},
					{
						"html": "<img src=\"https://d33wubrfki0l68.cloudfront.net/7b7e8b84b8180770131a2838266cc18409b22293/545c3/images/logo_govtech_hort.gif\" alt=\"Homepage\" style=\"max-height:75px;max-width:200px;height:auto;width:auto;\">"
					},
					{
						"html": "<div id=\"navbarExampleTransparentExample\" class=\"bp-container is-fluid margin--none navbar-menu\">"
					},
					{
						"html": "<div class=\"navbar-start\">"
					},
					{
						"html": "<div class=\"navbar-item has-dropdown is-hoverable\">"
					},
					{
						"html": "<a class=\"navbar-link is-uppercase\" href=\"/digital-government-transformation/\">Digital Gov Transformation</a>"
					},
					{
						"html": "<div class=\"selector  is-hidden-touch is-hidden-desktop-only\"></div>"
					},
					{
						"html": "<div class=\"navbar-item has-dropdown is-hoverable\">"
					},
					{
						"html": "<a class=\"navbar-link is-uppercase\" href=\"/who-we-are/our-role/\">Who We Are</a>"
					},
					{
						"html": "<div class=\"selector  is-hidden-touch is-hidden-desktop-only\"></div>"
					},
					{
						"html": "<div class=\"navbar-item has-dropdown is-hoverable\">"
					},
					{
						"html": "<a class=\"navbar-link is-uppercase\" href=\"/careers/overview\">Careers</a>"
					},
					{
						"html": "<div class=\"selector  is-hidden-touch is-hidden-desktop-only\"></div>"
					},
					{
						"html": "<div class=\"navbar-item has-dropdown is-hoverable\">"
					},
					{
						"html": "<a class=\"navbar-link is-uppercase\" href=\"/media/\">Media</a>"
					},
					{
						"html": "<div class=\"selector  is-hidden-touch is-hidden-desktop-only\"></div>"
					},
					{
						"html": "<li class=\"navbar-item\"><a href=\"/contact-us/\" class=\"is-uppercase\">Contact Us</a><div class=\"selector  is-hidden-touch\"></div>\n                    </li>"
					},
					{
						"html": "<a href=\"/contact-us/\" class=\"is-uppercase\">Contact Us</a>"
					},
					{
						"html": "<div class=\"selector  is-hidden-touch\"></div>"
					},
					{
						"html": "<div class=\"navbar-end is-hidden-touch is-hidden-desktop-only\">"
					},
					{
						"html": "<div class=\"navbar-item\"><a class=\"bp-button is-text is-large\" style=\"text-decoration: none\" id=\"search-activate\">\n                        <span class=\"sgds-icon sgds-icon-search is-size-4\"></span>\n                    </a></div>"
					},
					{
						"html": "<a class=\"bp-button is-text is-large\" style=\"text-decoration: none\" id=\"search-activate\">\n                        <span class=\"sgds-icon sgds-icon-search is-size-4\"></span>\n                    </a>"
					},
					{
						"html": "<span class=\"sgds-icon sgds-icon-search is-size-4\"></span>"
					},
					{
						"html": "<div id=\"main-content\" onclick=\"\">"
					},
					{
						"html": "<section class=\"bp-hero bg-hero\">"
					},
					{
						"html": "<div class=\"bp-hero-body\">"
					},
					{
						"html": "<div class=\"bp-container margin--top--lg\">"
					},
					{
						"html": "<div class=\"row is-vcentered is-centered ma\">"
					},
					{
						"html": "<div class=\"col is-9 has-text-centered has-text-white\">"
					},
					{
						"html": "<h1 class=\"display padding--bottom--lg margin--none\">\n                    <b class=\"is-hidden-touch\"></b>\n                    <b class=\"is-hidden-desktop\"></b>\n                  </h1>"
					},
					{
						"html": "<b class=\"is-hidden-touch\"></b>"
					},
					{
						"html": "<p class=\"is-hidden-mobile padding--bottom--lg\"></p>"
					},
					{
						"html": "<div class=\"bp-container\">"
					},
					{
						"html": "<div class=\"row is-gapless has-text-centered\">"
					},
					{
						"html": "<div class=\"col\">"
					},
					{
						"html": "<a href=\"https://www.tech.gov.sg/products-and-services/?utm_source=hero_banner\" target=\"_blank\" class=\"is-highlight\" rel=\"noreferrer\">"
					},
					{
						"html": "<div class=\"key-highlights-text\">"
					},
					{
						"html": "<p class=\"has-text-weight-semibold has-text-white key-highlight-title is-uppercase padding--top--xs\">PRODUCTS AND SERVICES</p>"
					},
					{
						"html": "<p class=\"has-text-white-trans padding--bottom--sm\">Programmes for citizens, businesses and government agencies</p>"
					},
					{
						"html": "<div class=\"col\">"
					},
					{
						"html": "<a href=\"/digital-government-blueprint/?utm_source=hero_banner\" target=\"_blank\" class=\"is-highlight\" rel=\"noreferrer\">"
					},
					{
						"html": "<div class=\"key-highlights-text\">"
					},
					{
						"html": "<p class=\"has-text-weight-semibold has-text-white key-highlight-title is-uppercase padding--top--xs\">DIGITAL GOVERNMENT BLUEPRINT</p>"
					},
					{
						"html": "<p class=\"has-text-white-trans padding--bottom--sm\">A Government that is “Digital to the Core, and Serves with Heart\"</p>"
					},
					{
						"html": "<div class=\"col\">"
					},
					{
						"html": "<a href=\"/media/technews/subscribe/?utm_source=hero_banner\" target=\"_blank\" class=\"is-highlight\" rel=\"noreferrer\">"
					},
					{
						"html": "<div class=\"key-highlights-text\">"
					},
					{
						"html": "<p class=\"has-text-weight-semibold has-text-white key-highlight-title is-uppercase padding--top--xs\">SUBSCRIBE TO TECHNEWS</p>"
					},
					{
						"html": "<p class=\"has-text-white-trans padding--bottom--sm\">Get the latest tech stories and updates from GovTech</p>"
					},
					{
						"html": "<div class=\"col\">"
					},
					{
						"html": "<a href=\"https://go.gov.sg/govtechjobs\" target=\"_blank\" class=\"is-highlight\" rel=\"noreferrer\">"
					},
					{
						"html": "<div class=\"key-highlights-text\">\n              <p class=\"has-text-weight-semibold has-text-white key-highlight-title is-uppercase padding--top--xs\">JOIN US</p>\n              <p class=\"has-text-white-trans padding--bottom--sm\">Unleash your passion and potential with us</p>\n            </div>"
					},
					{
						"html": "<p class=\"has-text-weight-semibold has-text-white key-highlight-title is-uppercase padding--top--xs\">JOIN US</p>"
					},
					{
						"html": "<p class=\"has-text-white-trans padding--bottom--sm\">Unleash your passion and potential with us</p>"
					},
					{
						"html": "<section class=\"bp-section\">"
					},
					{
						"html": "<div class=\"bp-container\">"
					},
					{
						"html": "<div class=\"row is-hidden-mobile is-hidden-tablet-only\">"
					},
					{
						"html": "<div class=\"col is-half padding--top--xl padding--bottom--xl padding--left--xl padding--right--xl\">"
					},
					{
						"html": "<b>Your improved digital identity</b>"
					},
					{
						"html": "<a href=\"/products-and-services/singpass/?utm_source=products_homepage\" class=\"bp-sec-button margin--top padding--bottom\">"
					},
					{
						"html": "<div>\n                            <span>Learn More About Singpass</span>\n                            <i class=\"sgds-icon sgds-icon-arrow-right is-size-4\" aria-hidden=\"true\"></i>\n                        </div>"
					},
					{
						"html": "<img src=\"https://d33wubrfki0l68.cloudfront.net/af5ed6bb161e22f55719003120dd9b402fdff18b/45087/images/singpass_homepage_2560.jpg\" alt=\"Singpass\">"
					},
					{
						"html": "<section class=\"bp-section bg-newssection\">"
					},
					{
						"html": "<div class=\"bp-container\">"
					},
					{
						"html": "<div class=\"row is-hidden-mobile is-hidden-tablet-only\">"
					},
					{
						"html": "<img src=\"https://d33wubrfki0l68.cloudfront.net/9180bcd0cf77d337727b8ff12636baceacc0b2df/c6124/images/lifesg_homepage_2560.jpg\" alt=\"LifeSG\">"
					},
					{
						"html": "<div class=\"col is-half padding--top--xl padding--bottom--xl padding--left--xl padding--right--xl\">"
					},
					{
						"html": "<b>Simpler services. Better lives.</b>"
					},
					{
						"html": "<a href=\"/products-and-services/lifesg/?utm_source=products_homepage\" class=\"bp-sec-button margin--top padding--bottom\">"
					},
					{
						"html": "<div>\n                            <span>Learn More About LifeSG</span>\n                            <i class=\"sgds-icon sgds-icon-arrow-right is-size-4\" aria-hidden=\"true\"></i>\n                        </div>"
					},
					{
						"html": "<section class=\"bp-section\">"
					},
					{
						"html": "<div class=\"bp-container\">"
					},
					{
						"html": "<div class=\"row is-hidden-mobile is-hidden-tablet-only\">"
					},
					{
						"html": "<div class=\"col is-half padding--top--xl padding--bottom--xl padding--left--xl padding--right--xl\">"
					},
					{
						"html": "<b>Your business partner from the get-go</b>"
					},
					{
						"html": "<a href=\"/products-and-services/gobusiness/?utm_source=products_homepage\" class=\"bp-sec-button margin--top padding--bottom\">"
					},
					{
						"html": "<div>\n                            <span>Learn More About GoBusiness</span>\n                            <i class=\"sgds-icon sgds-icon-arrow-right is-size-4\" aria-hidden=\"true\"></i>\n                        </div>"
					},
					{
						"html": "<img src=\"https://d33wubrfki0l68.cloudfront.net/f706a5bc55036acb69e5efb04f0d40324efc0261/34070/images/gobiz_homepage_2560.png\" alt=\"GoBusiness\">"
					},
					{
						"html": "<section class=\"bp-section bg-newssection\">"
					},
					{
						"html": "<div class=\"bp-container\">"
					},
					{
						"html": "<div class=\"col is-half is-offset-one-quarter has-text-centered padding--top--lg\">\n                <p class=\"padding--bottom eyebrow is-uppercase\">Media</p>\n                <h1 class=\"has-text-secondary padding--bottom\"><b>Be in the know</b></h1>\n            </div>"
					},
					{
						"html": "<p class=\"padding--bottom eyebrow is-uppercase\">Media</p>"
					},
					{
						"html": "<h1 class=\"has-text-secondary padding--bottom\"><b>Be in the know</b></h1>"
					},
					{
						"html": "<b>Be in the know</b>"
					},
					{
						"html": "<div class=\"col\">"
					},
					{
						"html": "<a href=\"/images/technews/today-is-world-programmers-day\" class=\"is-media-card\">"
					},
					{
						"html": "<div class=\"media-card-plain bg-media-color-2 padding--lg\">"
					},
					{
						"html": "<div>\n                            <small class=\"has-text-white padding--bottom\">TECHNEWS</small>\n                            <h4 class=\"has-text-white padding--bottom--lg\" style=\"line-height: 2.25rem\"><b>Today is world programmer day. Meet one of our own!</b></h4>\n                        </div>"
					},
					{
						"html": "<small class=\"has-text-white padding--bottom\">TECHNEWS</small>"
					},
					{
						"html": "<h4 class=\"has-text-white padding--bottom--lg\" style=\"line-height: 2.25rem\"><b>Today is world programmer day. Meet one of our own!</b></h4>"
					},
					{
						"html": "<b>Today is world programmer day. Meet one of our own!</b>"
					},
					{
						"html": "<div class=\"is-fluid padding--top--md description\">\n                            <small class=\"has-text-white\">13 SEP 2023</small></div>"
					},
					{
						"html": "<small class=\"has-text-white\">13 SEP 2023</small>"
					},
					{
						"html": "<div class=\"col\">"
					},
					{
						"html": "<a href=\"/media/technews/top-five-scams-in-singapore-and-how-to-protect-yourself\" class=\"is-media-card\">"
					},
					{
						"html": "<div class=\"media-card-plain bg-media-color-2 padding--lg\">"
					},
					{
						"html": "<div>"
					},
					{
						"html": "<small class=\"has-text-white padding--bottom\">TECHNEWS</small>"
					},
					{
						"html": "<h4 class=\"has-text-white padding--bottom--lg\" style=\"line-height: 2.25rem\"><b>Top 5 scams in Singapore and how to protect yourself from them</b></h4>"
					},
					{
						"html": "<b>Top 5 scams in Singapore and how to protect yourself from them</b>"
					},
					{
						"html": "<div class=\"is-fluid padding--top--md description\">\n                            <small class=\"has-text-white\">07 SEP 2023</small></div>"
					},
					{
						"html": "<small class=\"has-text-white\">07 SEP 2023</small>"
					},
					{
						"html": "<div class=\"col\">"
					},
					{
						"html": "<a href=\"/media/technews/hate-waiting-around-in-clinics\" class=\"is-media-card\">"
					},
					{
						"html": "<div class=\"media-card-plain bg-media-color-2 padding--lg\">"
					},
					{
						"html": "<div>"
					},
					{
						"html": "<small class=\"has-text-white padding--bottom\">TECHNEWS</small>"
					},
					{
						"html": "<h4 class=\"has-text-white padding--bottom--lg\" style=\"line-height: 2.25rem\"><b>Hate waiting around in clinics? Here’s how virtual healthcare is changing that.</b></h4>"
					},
					{
						"html": "<b>Hate waiting around in clinics? Here’s how virtual healthcare is changing that.</b>"
					},
					{
						"html": "<div class=\"is-fluid padding--top--md description\">\n                            <small class=\"has-text-white\">31 AUG 2023</small></div>"
					},
					{
						"html": "<small class=\"has-text-white\">31 AUG 2023</small>"
					},
					{
						"html": "<div class=\"row has-text-centered margin--top padding--bottom--lg\">"
					},
					{
						"html": "<div class=\"col is-offset-one-third is-one-third\">"
					},
					{
						"html": "<a href=\"/media/?utm_source=media_homepage\" class=\"bp-sec-button\">\n                    <div>\n                        <span>Read More Stories</span>\n                        <i class=\"sgds-icon sgds-icon-arrow-right is-size-4\" aria-hidden=\"true\"></i>\n                    </div>\n                </a>"
					},
					{
						"html": "<div>\n                        <span>Read More Stories</span>\n                        <i class=\"sgds-icon sgds-icon-arrow-right is-size-4\" aria-hidden=\"true\"></i>\n                    </div>"
					},
					{
						"html": "<footer class=\"bp-footer top-section\" onclick=\"\">"
					},
					{
						"html": "<div class=\"bp-container \">"
					},
					{
						"html": "<div class=\"row\">\n            <div class=\"col header padding--top--lg padding--bottom--lg\">\n                <h5 class=\"sub-header has-text-white\"><b>Government Technology Agency</b></h5>\n            </div>\n        </div>"
					},
					{
						"html": "<div class=\"col header padding--top--lg padding--bottom--lg\">\n                <h5 class=\"sub-header has-text-white\"><b>Government Technology Agency</b></h5>\n            </div>"
					},
					{
						"html": "<h5 class=\"sub-header has-text-white\"><b>Government Technology Agency</b></h5>"
					},
					{
						"html": "<b>Government Technology Agency</b>"
					},
					{
						"html": "<div class=\"row is-top\">"
					},
					{
						"html": "<div class=\"row col is-four-fifths is-multiline is-hidden-mobile\">"
					},
					{
						"html": "<div class=\"col is-one-quarter is-hidden-mobile padding--bottom--lg is-left\">"
					},
					{
						"html": "<p class=\"sub-header\"><b><a class=\"has-text-white\" href=\"/digital-government-transformation/\">Digital Gov Transformation</a></b></p>"
					},
					{
						"html": "<b><a class=\"has-text-white\" href=\"/digital-government-transformation/\">Digital Gov Transformation</a></b>"
					},
					{
						"html": "<a class=\"has-text-white\" href=\"/digital-government-transformation/\">Digital Gov Transformation</a>"
					},
					{
						"html": "<p class=\"is-hidden-mobile\"><a href=\"/digital-government-transformation/\">Overview</a></p>"
					},
					{
						"html": "<a href=\"/digital-government-transformation/\">Overview</a>"
					},
					{
						"html": "<p class=\"is-hidden-mobile\"><a href=\"/digital-government-blueprint/\">Digital Government Blueprint</a></p>"
					},
					{
						"html": "<a href=\"/digital-government-blueprint/\">Digital Government Blueprint</a>"
					},
					{
						"html": "<p class=\"is-hidden-mobile\"><a href=\"/singapore-digital-government-journey/\">Singapore Digital Government Journey</a></p>"
					},
					{
						"html": "<a href=\"/singapore-digital-government-journey/\">Singapore Digital Government Journey</a>"
					},
					{
						"html": "<p class=\"is-hidden-mobile\"><a href=\"/international-partnerships/\">International Partnerships</a></p>"
					},
					{
						"html": "<a href=\"/international-partnerships/\">International Partnerships</a>"
					},
					{
						"html": "<p class=\"is-hidden-mobile\"><a href=\"/products-and-services/\">Products and Services</a></p>"
					},
					{
						"html": "<a href=\"/products-and-services/\">Products and Services</a>"
					},
					{
						"html": "<p class=\"is-hidden-mobile\"><a href=\"/digital-standards-and-guides/\">Digital Standards and Guides</a></p>"
					},
					{
						"html": "<a href=\"/digital-standards-and-guides/\">Digital Standards and Guides</a>"
					},
					{
						"html": "<p class=\"is-hidden-mobile\"><a href=\"/get-involved/\">Get Involved</a></p>"
					},
					{
						"html": "<a href=\"/get-involved/\">Get Involved</a>"
					},
					{
						"html": "<div class=\"col is-one-quarter is-hidden-mobile padding--bottom--lg is-left\">"
					},
					{
						"html": "<p class=\"sub-header\"><b><a class=\"has-text-white\" href=\"/who-we-are/our-role/\">Who We Are</a></b></p>"
					},
					{
						"html": "<b><a class=\"has-text-white\" href=\"/who-we-are/our-role/\">Who We Are</a></b>"
					},
					{
						"html": "<a class=\"has-text-white\" href=\"/who-we-are/our-role/\">Who We Are</a>"
					},
					{
						"html": "<p class=\"is-hidden-mobile\"><a href=\"/who-we-are/our-role/\">Our Role</a></p>"
					},
					{
						"html": "<a href=\"/who-we-are/our-role/\">Our Role</a>"
					},
					{
						"html": "<p class=\"is-hidden-mobile\"><a href=\"/who-we-are/our-journey/\">Our Journey</a></p>"
					},
					{
						"html": "<a href=\"/who-we-are/our-journey/\">Our Journey</a>"
					},
					{
						"html": "<p class=\"is-hidden-mobile\"><a href=\"/who-we-are/our-culture-and-values/\">Our Culture and Values</a></p>"
					},
					{
						"html": "<a href=\"/who-we-are/our-culture-and-values/\">Our Culture and Values</a>"
					},
					{
						"html": "<p class=\"is-hidden-mobile\"><a href=\"/who-we-are/our-digital-government-rankings/\">Our Digital Government Rankings</a></p>"
					},
					{
						"html": "<a href=\"/who-we-are/our-digital-government-rankings/\">Our Digital Government Rankings</a>"
					},
					{
						"html": "<p class=\"is-hidden-mobile\"><a href=\"/who-we-are/our-statistics/\">Our Statistics</a></p>"
					},
					{
						"html": "<a href=\"/who-we-are/our-statistics/\">Our Statistics</a>"
					},
					{
						"html": "<p class=\"is-hidden-mobile\"><a href=\"/who-we-are/our-team/\">Our Team</a></p>"
					},
					{
						"html": "<a href=\"/who-we-are/our-team/\">Our Team</a>"
					},
					{
						"html": "<div class=\"col is-one-quarter is-hidden-mobile padding--bottom--lg is-left\">"
					},
					{
						"html": "<p class=\"sub-header\"><b><a class=\"has-text-white\" href=\"/careers/overview\">Careers</a></b></p>"
					},
					{
						"html": "<b><a class=\"has-text-white\" href=\"/careers/overview\">Careers</a></b>"
					},
					{
						"html": "<a class=\"has-text-white\" href=\"/careers/overview\">Careers</a>"
					},
					{
						"html": "<p class=\"is-hidden-mobile\"><a href=\"/careers/how-we-hire/\">How We Hire</a></p>"
					},
					{
						"html": "<a href=\"/careers/how-we-hire/\">How We Hire</a>"
					},
					{
						"html": "<p class=\"is-hidden-mobile\"><a href=\"/careers/how-we-work/\">How We Work</a></p>"
					},
					{
						"html": "<a href=\"/careers/how-we-work/\">How We Work</a>"
					},
					{
						"html": "<p class=\"is-hidden-mobile\"><a href=\"/careers/students-and-graduates/\">Students and Graduates</a></p>"
					},
					{
						"html": "<a href=\"/careers/students-and-graduates/\">Students and Graduates</a>"
					},
					{
						"html": "<p class=\"is-hidden-mobile\"><a href=\"/careers/smart-nation-fellowship-programme/\">Smart Nation Fellowship Programme</a></p>"
					},
					{
						"html": "<a href=\"/careers/smart-nation-fellowship-programme/\">Smart Nation Fellowship Programme</a>"
					},
					{
						"html": "<p class=\"is-hidden-mobile\"><a href=\"/careers/the-govtech-network/\">Our Alumni Network</a></p>"
					},
					{
						"html": "<a href=\"/careers/the-govtech-network/\">Our Alumni Network</a>"
					},
					{
						"html": "<p class=\"is-hidden-mobile\"><a href=\"https://go.gov.sg/govtechjobs\" target=\"_blank\" rel=\"noreferrer\">Apply Now</a></p>"
					},
					{
						"html": "<a href=\"https://go.gov.sg/govtechjobs\" target=\"_blank\" rel=\"noreferrer\">Apply Now</a>"
					},
					{
						"html": "<div class=\"col is-one-quarter is-hidden-mobile padding--bottom--lg is-left\">"
					},
					{
						"html": "<p class=\"sub-header\"><b><a class=\"has-text-white\" href=\"/media/\">Media</a></b></p>"
					},
					{
						"html": "<b><a class=\"has-text-white\" href=\"/media/\">Media</a></b>"
					},
					{
						"html": "<a class=\"has-text-white\" href=\"/media/\">Media</a>"
					},
					{
						"html": "<p class=\"is-hidden-mobile\"><a href=\"/media/\">All</a></p>"
					},
					{
						"html": "<a href=\"/media/\">All</a>"
					},
					{
						"html": "<p class=\"is-hidden-mobile\"><a href=\"/media/corporate-publications/\">Corporate Publications</a></p>"
					},
					{
						"html": "<a href=\"/media/corporate-publications/\">Corporate Publications</a>"
					},
					{
						"html": "<p class=\"is-hidden-mobile\"><a href=\"/media/events/\">Events</a></p>"
					},
					{
						"html": "<a href=\"/media/events/\">Events</a>"
					},
					{
						"html": "<p class=\"is-hidden-mobile\"><a href=\"/media/media-releases/\">Media Releases</a></p>"
					},
					{
						"html": "<a href=\"/media/media-releases/\">Media Releases</a>"
					},
					{
						"html": "<p class=\"is-hidden-mobile\"><a href=\"/media/speeches/\">Speeches</a></p>"
					},
					{
						"html": "<a href=\"/media/speeches/\">Speeches</a>"
					},
					{
						"html": "<p class=\"is-hidden-mobile\"><a href=\"/media/technews/\">TechNews</a></p>"
					},
					{
						"html": "<a href=\"/media/technews/\">TechNews</a>"
					},
					{
						"html": "<p class=\"is-hidden-mobile\"><a href=\"/media/blogs/listing\">Blogs</a></p>"
					},
					{
						"html": "<a href=\"/media/blogs/listing\">Blogs</a>"
					},
					{
						"html": "<p class=\"is-hidden-mobile\"><a href=\"/media/advisory/\">Advisory</a></p>"
					},
					{
						"html": "<a href=\"/media/advisory/\">Advisory</a>"
					},
					{
						"html": "<p class=\"is-hidden-mobile\"><a href=\"/media/awards/\">Awards</a></p>"
					},
					{
						"html": "<a href=\"/media/awards/\">Awards</a>"
					},
					{
						"html": "<div class=\"col is-one-fifth is-hidden-mobile is-hidden-tablet-only\" id=\"social-link-desktop\">"
					},
					{
						"html": "<a href=\"https://www.facebook.com/GovTechSG\" target=\"_blank\" class=\"social-link padding--right padding--bottom is-inline-block\" rel=\"noreferrer\"><span class=\"sgds-icon sgds-icon-facebook is-size-4\" title=\"Facebook\"></span></a>"
					},
					{
						"html": "<span class=\"sgds-icon sgds-icon-facebook is-size-4\" title=\"Facebook\"></span>"
					},
					{
						"html": "<a href=\"https://www.twitter.com/GovTechSG\" target=\"_blank\" class=\"social-link padding--right padding--bottom is-inline-block\" rel=\"noreferrer\"><span class=\"sgds-icon sgds-icon-twitter is-size-4\" title=\"Twitter\"></span></a>"
					},
					{
						"html": "<span class=\"sgds-icon sgds-icon-twitter is-size-4\" title=\"Twitter\"></span>"
					},
					{
						"html": "<a href=\"https://www.youtube.com/GovTechSG\" target=\"_blank\" class=\"social-link padding--right padding--bottom is-inline-block\" rel=\"noreferrer\"><span class=\"sgds-icon sgds-icon-youtube is-size-4\" title=\"YouTube\"></span></a>"
					},
					{
						"html": "<span class=\"sgds-icon sgds-icon-youtube is-size-4\" title=\"YouTube\"></span>"
					},
					{
						"html": "<a href=\"https://www.instagram.com/govtechsg/?hl=en\" target=\"_blank\" class=\"social-link padding--right padding--bottom is-inline-block\" rel=\"noreferrer\"><span class=\"sgds-icon sgds-icon-instagram is-size-4\" title=\"Instagram\"></span></a>"
					},
					{
						"html": "<span class=\"sgds-icon sgds-icon-instagram is-size-4\" title=\"Instagram\"></span>"
					},
					{
						"html": "<a href=\"https://www.linkedin.com/company/GovTech-Singapore\" target=\"_blank\" class=\"social-link padding--bottom is-inline-block\" rel=\"noreferrer\"><span class=\"sgds-icon sgds-icon-linkedin is-size-4\" title=\"LinkedIn\"></span></a>"
					},
					{
						"html": "<span class=\"sgds-icon sgds-icon-linkedin is-size-4\" title=\"LinkedIn\"></span>"
					},
					{
						"html": "<div class=\"row\">"
					},
					{
						"html": "<div class=\"col padding--top--sm padding--bottom--sm is-right-desktop-only\">"
					},
					{
						"html": "<ul>"
					},
					{
						"html": "<li><a href=\"https://www.tech.gov.sg/report_vulnerability/\">Report Vulnerability</a></li>"
					},
					{
						"html": "<a href=\"https://www.tech.gov.sg/report_vulnerability/\">Report Vulnerability</a>"
					},
					{
						"html": "<li><a href=\"/privacy/\">Privacy Statement</a></li>"
					},
					{
						"html": "<a href=\"/privacy/\">Privacy Statement</a>"
					},
					{
						"html": "<li><a href=\"/terms-of-use/\">Terms of Use</a></li>"
					},
					{
						"html": "<a href=\"/terms-of-use/\">Terms of Use</a>"
					},
					{
						"html": "<li class=\"is-inline-block-desktop-only\">\n                  <p><a href=\"/contact-us/\">Contact Us</a></p>\n              </li>"
					},
					{
						"html": "<p><a href=\"/contact-us/\">Contact Us</a></p>"
					},
					{
						"html": "<a href=\"/contact-us/\">Contact Us</a>"
					},
					{
						"html": "<footer class=\"bp-footer bottom-section\" onclick=\"\">"
					},
					{
						"html": "<div class=\"bp-container\">"
					},
					{
						"html": "<div class=\"row is-vcentered\">\n              <div class=\"col padding--top--md padding--bottom--md\">\n                  <div class=\"col divider padding--top--none padding--bottom--none\"></div>\n              </div>\n          </div>"
					},
					{
						"html": "<div class=\"col padding--top--md padding--bottom--md\">\n                  <div class=\"col divider padding--top--none padding--bottom--none\"></div>\n              </div>"
					},
					{
						"html": "<div class=\"col divider padding--top--none padding--bottom--none\"></div>"
					},
					{
						"html": "<div class=\"row is-vcentered\">"
					},
					{
						"html": "<div class=\"col has-text-left-desktop has-text-left-tablet has-text-left-mobile\">"
					},
					{
						"html": "<ul>"
					},
					{
						"html": "<li>"
					},
					{
						"html": "<p class=\"footer-credits\">"
					},
					{
						"html": "<a href=\"https://www.isomer.gov.sg/\" target=\"_blank\" rel=\"noreferrer\">Created with <img src=\"https://d33wubrfki0l68.cloudfront.net/7bc26ce7839bcc7a936ec9c308ac45665449bc82/52d82/assets/img/isomer_logo.svg\" alt=\"Isomer Logo\"></a>"
					},
					{
						"html": "<img src=\"https://d33wubrfki0l68.cloudfront.net/7bc26ce7839bcc7a936ec9c308ac45665449bc82/52d82/assets/img/isomer_logo.svg\" alt=\"Isomer Logo\">"
					},
					{
						"html": "<li>"
					},
					{
						"html": "<p class=\"footer-credits\">"
					},
					{
						"html": "<a href=\"https://www.open.gov.sg/\" target=\"_blank\" rel=\"noreferrer\">Built by <img src=\"https://d33wubrfki0l68.cloudfront.net/c2bb36a32e45d17d45480da41cb77ed18a9d0c76/58074/assets/img/ogp_logo.svg\" alt=\"Open Government Products Logo\"></a>"
					},
					{
						"html": "<img src=\"https://d33wubrfki0l68.cloudfront.net/c2bb36a32e45d17d45480da41cb77ed18a9d0c76/58074/assets/img/ogp_logo.svg\" alt=\"Open Government Products Logo\">"
					},
					{
						"html": "<div class=\"col has-text-right-desktop is-hidden-mobile is-hidden-tablet-only\">\n                  <p class=\"footer-credits\">\n                      © 2023\n                          Government Technology Agency, Last Updated 13 Sep 2023</p>\n              </div>"
					},
					{
						"html": "<p class=\"footer-credits\">\n                      © 2023\n                          Government Technology Agency, Last Updated 13 Sep 2023</p>"
					},
					{
						"html": "<div class=\"row is-vcentered padding--top--sm\">"
					},
					{
						"html": "<div id=\"webchat\" app-id=\"gt-ask-gayle\" app-name=\"AskGayle\" app-color=\"#B41E8E\" app-icon=\"https://www.tech.gov.sg/images/AskGayle-gif.gif\" app-subtitle=\"\" app-welcome-message=\"Chat with Gayle!\" app-base-font-size=\"16\" app-position-right=\"40\" app-position-bottom=\"40\" app-enable-auto-complete=\"true\" app-enable-recommendations=\"false\" app-auto-launch=\"false\" app-bot-response-trigger-event=\"false\" app-quick-launch-event=\"welcome\" app-foreground-color1=\"#F5F5F5\" app-foreground-color-2=\"#4D4D4F\" app-background-color2=\"#F5F5F5\" app-canvas-background-color=\"#E3E3E3\" app-button-border-color=\"#B41E8E\" app-quick-reply-button-background-color=\"#F5F5F5\" app-auto-complete-background-color=\"#E5CFE0\" app-auto-complete-foreground-color=\"#4D4D4F\" app-auto-complete-hover-color=\"#E2ABD4\" app-auto-complete-divider-color=\"#B41E8E\" app-recommendations-background-color=\"#E5CFE0\" app-recommendations-foreground-color=\"#4D4D4F\" app-recommendations-hover-color=\"#E2ABD4\" app-launcher-animation-iteration=\"0\" app-orchestrator-timeout=\"8000\" app-font-family=\"Lato\">"
					},
					{
						"html": "<div id=\"webchat-container\">"
					},
					{
						"html": "<div class=\"sc-bdVaJa jQBDtH\">"
					},
					{
						"html": "<div class=\"sc-bxivhb guHdZc\">"
					},
					{
						"html": "<div class=\"sc-ifAKCX exDVjZ\"><svg class=\"webchat-MuiSvgIcon-root webchat-MuiSvgIcon-fontSizeInherit\" focusable=\"false\" viewBox=\"0 0 24 24\" aria-hidden=\"true\"><path d=\"M19 6.41L17.59 5 12 10.59 6.41 5 5 6.41 10.59 12 5 17.59 6.41 19 12 13.41 17.59 19 19 17.59 13.41 12z\"></path></svg></div>"
					},
					{
						"html": "<img alt=\"Bot Launcher\" src=\"https://www.tech.gov.sg/images/AskGayle-gif.gif\" class=\"sc-htpNat iUqtne\">"
					},
					{
						"html": "<wog-sentiments class=\"needsclick hydrated\"></wog-sentiments>"
					},
					{
						"html": "<div id=\"wog--sentiments-content\">"
					},
					{
						"html": "<wog-floating-action-button class=\"hydrated\">"
					},
					{
						"html": "<div class=\"wog--flex wog--items-center wog--justify-center wog--inline-flex wog--floating-button wog--float-bottom-left\" tabindex=\"0\" role=\"button\" aria-label=\"Help us improve popup\">"
					},
					{
						"html": "<wog-icon-smiley-face class=\"hydrated\">"
					},
					{
						"html": "<div class=\"wog--feedback-icon wog--icon__show\">"
					},
					{
						"html": "<svg id=\"happy-svg\" xmlns=\"http://www.w3.org/2000/svg\" width=\"35\" height=\"35\" viewBox=\"0 0 70 70\">"
					},
					{
						"html": "<g>"
					},
					{
						"html": "<path id=\"Fill-4\" d=\"M35 54.3c-7.3 0-14.5-2.9-20-8.7-.9-1-.9-2.5 0-3.5s2.4-1 3.3 0c9.2 9.6 24.2 9.7 33.4 0 .9-1 2.4-1 3.3 0 .9 1 .9 2.5 0 3.5-5.5 5.8-12.8 8.7-20 8.7\"></path>"
					},
					{
						"html": "<path id=\"Fill-6\" d=\"M21.4 32.9c-2.4 0-4.3-1.7-4.3-3.7v-2.5c0-2.1 1.9-3.7 4.3-3.7s4.3 1.7 4.3 3.7v2.5c0 2-1.9 3.7-4.3 3.7\"></path>"
					},
					{
						"html": "<path id=\"Fill-8\" d=\"M48.6 32.9c-2.4 0-4.3-1.7-4.3-3.7v-2.5c0-2.1 1.9-3.7 4.3-3.7s4.3 1.7 4.3 3.7v2.5c0 2-2 3.7-4.3 3.7\"></path>"
					}
				]
			},
			"scrollable-region-focusable": {
				"description": "Scrollable region must have keyboard access",
				"helpUrl": "https://dequeuniversity.com/rules/axe/4.7/scrollable-region-focusable?application=purple-hats",
				"conformance": [
					"wcag2a",
					"wcag211"
				],
				"totalItems": 1,
				"items": [
					{
						"html": "<html lang=\"en\" class=\"js flexbox flexboxlegacy canvas canvastext webgl no-touch geolocation postmessage websqldatabase indexeddb hashchange history draganddrop websockets rgba hsla multiplebgs backgroundsize borderimage borderradius boxshadow textshadow opacity cssanimations csscolumns cssgradients cssreflections csstransforms csstransforms3d csstransitions fontface generatedcontent video audio localstorage sessionstorage webworkers no-applicationcache svg inlinesvg smil svgclippaths hydrated\">"
					}
				]
			},
			"tabindex": {
				"description": "Elements should not have tabindex greater than zero",
				"helpUrl": "https://dequeuniversity.com/rules/axe/4.7/tabindex?application=purple-hats",
				"conformance": [
					"best-practice"
				],
				"totalItems": 1,
				"items": [
					{
						"html": "<div class=\"wog--flex wog--items-center wog--justify-center wog--inline-flex wog--floating-button wog--float-bottom-left\" tabindex=\"0\" role=\"button\" aria-label=\"Help us improve popup\">"
					}
				]
			}
		}
	}
}