{
	"url": "https://www.tech.gov.sg/careers/the-govtech-network/",
	"pageTitle": "Our Alumni Network",
	"totalItems": 499,
	"mustFix": {
		"totalItems": 9,
		"rules": {
			"button-name": {
				"description": "Buttons must have discernible text",
				"helpUrl": "https://dequeuniversity.com/rules/axe/4.7/button-name?application=purple-hats",
				"conformance": [
					"wcag2a",
					"wcag412"
				],
				"totalItems": 5,
				"items": [
					{
						"html": "<button class=\"bp-button\" id=\"print-button\">\n              <i class=\"sgds-icon sgds-icon-print is-size-4\">\n              </i>\n            </button>",
						"message": "Fix any of the following:\n  Element does not have inner text that is visible to screen readers\n  aria-label attribute does not exist or is empty\n  aria-labelledby attribute does not exist, references elements that do not exist or references elements that are empty\n  Element has no title attribute\n  Element's default semantics were not overridden with role=\"none\" or role=\"presentation\""
					},
					{
						"html": "<button class=\"bp-button\" id=\"copy-link\">\n              <i class=\"sgds-icon sgds-icon-link is-size-4\">\n              </i>\n            </button>",
						"message": "Fix any of the following:\n  Element does not have inner text that is visible to screen readers\n  aria-label attribute does not exist or is empty\n  aria-labelledby attribute does not exist, references elements that do not exist or references elements that are empty\n  Element has no title attribute\n  Element's default semantics were not overridden with role=\"none\" or role=\"presentation\""
					},
					{
						"html": "<button class=\"bp-button\">\n            <i class=\"sgds-icon sgds-icon-mail is-size-4\">\n            </i>\n            </button>",
						"message": "Fix any of the following:\n  Element does not have inner text that is visible to screen readers\n  aria-label attribute does not exist or is empty\n  aria-labelledby attribute does not exist, references elements that do not exist or references elements that are empty\n  Element has no title attribute\n  Element's default semantics were not overridden with role=\"none\" or role=\"presentation\""
					},
					{
						"html": "<button class=\"bp-button\">\n              <i class=\"sgds-icon sgds-icon-facebook-alt is-size-4\">\n              </i>\n            </button>",
						"message": "Fix any of the following:\n  Element does not have inner text that is visible to screen readers\n  aria-label attribute does not exist or is empty\n  aria-labelledby attribute does not exist, references elements that do not exist or references elements that are empty\n  Element has no title attribute\n  Element's default semantics were not overridden with role=\"none\" or role=\"presentation\""
					},
					{
						"html": "<button class=\"bp-button\">\n              <i class=\"sgds-icon sgds-icon-linkedin-alt is-size-4\">\n              </i>\n            </button>",
						"message": "Fix any of the following:\n  Element does not have inner text that is visible to screen readers\n  aria-label attribute does not exist or is empty\n  aria-labelledby attribute does not exist, references elements that do not exist or references elements that are empty\n  Element has no title attribute\n  Element's default semantics were not overridden with role=\"none\" or role=\"presentation\""
					}
				]
			},
			"link-name": {
				"description": "Links must have discernible text",
				"helpUrl": "https://dequeuniversity.com/rules/axe/4.7/link-name?application=purple-hats",
				"conformance": [
					"wcag2a",
					"wcag412",
					"wcag244"
				],
				"totalItems": 3,
				"items": [
					{
						"html": "<a href=\"mailto:?Subject=Our Alumni Network&amp;Body= https://www.tech.gov.sg/careers/the-govtech-network/\">\n            <button class=\"bp-button\">\n            <i class=\"sgds-icon sgds-icon-mail is-size-4\">\n            </i>\n            </button>\n            </a>",
						"message": "Fix all of the following:\n  Element is in tab order and does not have accessible text\n\nFix any of the following:\n  Element does not have text that is visible to screen readers\n  aria-label attribute does not exist or is empty\n  aria-labelledby attribute does not exist, references elements that do not exist or references elements that are empty\n  Element has no title attribute"
					},
					{
						"html": "<a href=\"http://www.facebook.com/sharer.php?u=https://www.tech.gov.sg/careers/the-govtech-network/\" target=\"_blank\">\n            <button class=\"bp-button\">\n              <i class=\"sgds-icon sgds-icon-facebook-alt is-size-4\">\n              </i>\n            </button>\n            </a>",
						"message": "Fix all of the following:\n  Element is in tab order and does not have accessible text\n\nFix any of the following:\n  Element does not have text that is visible to screen readers\n  aria-label attribute does not exist or is empty\n  aria-labelledby attribute does not exist, references elements that do not exist or references elements that are empty\n  Element has no title attribute"
					},
					{
						"html": "<a href=\"https://www.linkedin.com/sharing/share-offsite/?url=https://www.tech.gov.sg/careers/the-govtech-network/&amp;title=Our Alumni Network\" target=\"_blank\">",
						"message": "Fix all of the following:\n  Element is in tab order and does not have accessible text\n\nFix any of the following:\n  Element does not have text that is visible to screen readers\n  aria-label attribute does not exist or is empty\n  aria-labelledby attribute does not exist, references elements that do not exist or references elements that are empty\n  Element has no title attribute"
					}
				]
			},
			"listitem": {
				"description": "<li> elements must be contained in a <ul> or <ol>",
				"helpUrl": "https://dequeuniversity.com/rules/axe/4.7/listitem?application=purple-hats",
				"conformance": [
					"wcag2a",
					"wcag131"
				],
				"totalItems": 1,
				"items": [
					{
						"html": "<li class=\"navbar-item\"><a href=\"/contact-us/\" class=\"is-uppercase\">Contact Us</a><div class=\"selector  is-hidden-touch\"></div>\n                    </li>",
						"message": "Fix any of the following:\n  List item does not have a <ul>, <ol> parent element"
					}
				]
			}
		}
	},
	"goodToFix": {
		"totalItems": 14,
		"rules": {
			"heading-order": {
				"description": "Heading levels should only increase by one",
				"helpUrl": "https://dequeuniversity.com/rules/axe/4.7/heading-order?application=purple-hats",
				"conformance": [
					"best-practice"
				],
				"totalItems": 2,
				"items": [
					{
						"html": "<h3 id=\"govtech-reconnect\"><strong>GovTech ReCONNECT</strong></h3>",
						"message": "Fix any of the following:\n  Heading order invalid"
					},
					{
						"html": "<h5><b>Related Content</b></h5>",
						"message": "Fix any of the following:\n  Heading order invalid"
					}
				]
			},
			"landmark-no-duplicate-contentinfo": {
				"description": "Document should not have more than one contentinfo landmark",
				"helpUrl": "https://dequeuniversity.com/rules/axe/4.7/landmark-no-duplicate-contentinfo?application=purple-hats",
				"conformance": [
					"best-practice"
				],
				"totalItems": 1,
				"items": [
					{
						"html": "<footer class=\"bp-footer top-section\" onclick=\"\">",
						"message": "Fix any of the following:\n  Document has more than one contentinfo landmark"
					}
				]
			},
			"landmark-one-main": {
				"description": "Document should have one main landmark",
				"helpUrl": "https://dequeuniversity.com/rules/axe/4.7/landmark-one-main?application=purple-hats",
				"conformance": [
					"best-practice"
				],
				"totalItems": 1,
				"items": [
					{
						"html": "<html lang=\"en\" class=\" js flexbox flexboxlegacy canvas canvastext webgl no-touch geolocation postmessage websqldatabase indexeddb hashchange history draganddrop websockets rgba hsla multiplebgs backgroundsize borderimage borderradius boxshadow textshadow opacity cssanimations csscolumns cssgradients cssreflections csstransforms csstransforms3d csstransitions fontface generatedcontent video audio localstorage sessionstorage webworkers no-applicationcache svg inlinesvg smil svgclippaths\">",
						"message": "Fix all of the following:\n  Document does not have a main landmark"
					}
				]
			},
			"landmark-unique": {
				"description": "Ensures landmarks are unique",
				"helpUrl": "https://dequeuniversity.com/rules/axe/4.7/landmark-unique?application=purple-hats",
				"conformance": [
					"best-practice"
				],
				"totalItems": 1,
				"items": [
					{
						"html": "<footer class=\"bp-footer top-section\" onclick=\"\">",
						"message": "Fix any of the following:\n  The landmark must have a unique aria-label, aria-labelledby, or title to make landmarks distinguishable"
					}
				]
			},
			"region": {
				"description": "All page content should be contained by landmarks",
				"helpUrl": "https://dequeuniversity.com/rules/axe/4.7/region?application=purple-hats",
				"conformance": [
					"best-practice"
				],
				"totalItems": 9,
				"items": [
					{
						"html": "<div class=\"masthead-layout\" id=\"bp-masthead\">",
						"message": "Fix any of the following:\n  Some page content is not contained by landmarks"
					},
					{
						"html": "<div class=\"bp-container\">\n        <div class=\"row\">\n            <div class=\"col\">\n                <h1 class=\"has-text-white\"><b>Our Alumni Network</b></h1>\n            </div>\n        </div>\n    </div>",
						"message": "Fix any of the following:\n  Some page content is not contained by landmarks"
					},
					{
						"html": "<h3 id=\"govtech-reconnect\"><strong>GovTech ReCONNECT</strong></h3>",
						"message": "Fix any of the following:\n  Some page content is not contained by landmarks"
					},
					{
						"html": "<p>Used to work at GovTech? We want to re-connect with you!</p>",
						"message": "Fix any of the following:\n  Some page content is not contained by landmarks"
					},
					{
						"html": "<p><a href=\"https://www.go.gov.sg/govtechreconnect\" target=\"_blank\">Join the GovTech ReCONNECT community</a> to stay in touch with current and former GovTechies, and continue to support the advancement of #SmartNationSG and #TechforPublicGood ambitions!</p>",
						"message": "Fix any of the following:\n  Some page content is not contained by landmarks"
					},
					{
						"html": "<p><img src=\"https://d33wubrfki0l68.cloudfront.net/e261b63aac8266d200073fd9265e471d44668436/dec92/images/careers/govtech_reconnect.png\" alt=\"GOVTECH ReCONNECT\"></p>",
						"message": "Fix any of the following:\n  Some page content is not contained by landmarks"
					},
					{
						"html": "<div id=\"related-content\" class=\"\">",
						"message": "Fix any of the following:\n  Some page content is not contained by landmarks"
					},
					{
						"html": "<div class=\"sc-EHOje hclKXJ\">Chat with Gayle!</div>",
						"message": "Fix any of the following:\n  Some page content is not contained by landmarks"
					},
					{
						"html": "<div class=\"sc-bwzfXH cRwaRu\"><img alt=\"Bot Launcher\" src=\"https://www.tech.gov.sg/images/AskGayle-gif.gif\" class=\"sc-htpNat iUqtne\"></div>",
						"message": "Fix any of the following:\n  Some page content is not contained by landmarks"
					}
				]
			}
		}
	},
	"passed": {
		"totalItems": 476,
		"rules": {
			"aria-allowed-attr": {
				"description": "Elements must only use allowed ARIA attributes",
				"helpUrl": "https://dequeuniversity.com/rules/axe/4.7/aria-allowed-attr?application=purple-hats",
				"conformance": [
					"wcag2a",
					"wcag412"
				],
				"totalItems": 2,
				"items": [
					{
						"html": "<nav class=\"bp-breadcrumb\" aria-label=\"breadcrumbs\">\n    <ul>\n        <li><a href=\"/\"><small>HOME</small></a></li><li><a href=\"/careers/overview\"><small>CAREERS</small></a></li><li><a href=\"/careers/the-govtech-network/\"><small>OUR ALUMNI NETWORK</small></a></li></ul>\n</nav>"
					},
					{
						"html": "<div class=\"wog--flex wog--items-center wog--justify-center wog--inline-flex wog--floating-button wog--float-bottom-left\" tabindex=\"0\" role=\"button\" aria-label=\"Help us improve popup\"><wog-icon-smiley-face></wog-icon-smiley-face></div>"
					}
				]
			},
			"aria-allowed-role": {
				"description": "ARIA role should be appropriate for the element",
				"helpUrl": "https://dequeuniversity.com/rules/axe/4.7/aria-allowed-role?application=purple-hats",
				"conformance": [
					"best-practice"
				],
				"totalItems": 2,
				"items": [
					{
						"html": "<div class=\"bp-dropdown-menu has-text-left hide\" id=\"dropdown-menu\" role=\"menu\">\n            <div class=\"bp-dropdown-content\"></div>\n        </div>"
					},
					{
						"html": "<div class=\"wog--flex wog--items-center wog--justify-center wog--inline-flex wog--floating-button wog--float-bottom-left\" tabindex=\"0\" role=\"button\" aria-label=\"Help us improve popup\"><wog-icon-smiley-face></wog-icon-smiley-face></div>"
					}
				]
			},
			"aria-command-name": {
				"description": "ARIA commands must have an accessible name",
				"helpUrl": "https://dequeuniversity.com/rules/axe/4.7/aria-command-name?application=purple-hats",
				"conformance": [
					"wcag2a",
					"wcag412"
				],
				"totalItems": 1,
				"items": [
					{
						"html": "<div class=\"wog--flex wog--items-center wog--justify-center wog--inline-flex wog--floating-button wog--float-bottom-left\" tabindex=\"0\" role=\"button\" aria-label=\"Help us improve popup\"><wog-icon-smiley-face></wog-icon-smiley-face></div>"
					}
				]
			},
			"aria-hidden-body": {
				"description": "aria-hidden='true' must not be present on the document body",
				"helpUrl": "https://dequeuniversity.com/rules/axe/4.7/aria-hidden-body?application=purple-hats",
				"conformance": [
					"wcag2a",
					"wcag412"
				],
				"totalItems": 1,
				"items": [
					{
						"html": "<body>"
					}
				]
			},
			"aria-hidden-focus": {
				"description": "ARIA hidden element must not be focusable or contain focusable elements",
				"helpUrl": "https://dequeuniversity.com/rules/axe/4.7/aria-hidden-focus?application=purple-hats",
				"conformance": [
					"wcag2a",
					"wcag412"
				],
				"totalItems": 7,
				"items": [
					{
						"html": "<i class=\"sgds-icon sgds-icon-chevron-down is-size-4\" aria-hidden=\"true\"></i>"
					},
					{
						"html": "<svg class=\"webchat-MuiSvgIcon-root webchat-MuiSvgIcon-fontSizeInherit\" focusable=\"false\" viewBox=\"0 0 24 24\" aria-hidden=\"true\"><path d=\"M19 6.41L17.59 5 12 10.59 6.41 5 5 6.41 10.59 12 5 17.59 6.41 19 12 13.41 17.59 19 19 17.59 13.41 12z\"></path></svg>"
					},
					{
						"html": "<svg class=\"webchat-MuiSvgIcon-root sc-hMqMXs hIhkfF webchat-MuiSvgIcon-fontSizeLarge\" focusable=\"false\" viewBox=\"0 0 24 24\" aria-hidden=\"true\"><path d=\"M6 19h12v2H6z\"></path></svg>"
					},
					{
						"html": "<svg class=\"webchat-MuiSvgIcon-root sc-kEYyzF hDYwcu webchat-MuiSvgIcon-fontSizeLarge\" focusable=\"false\" viewBox=\"0 0 24 24\" aria-hidden=\"true\"><path d=\"M19 6.41L17.59 5 12 10.59 6.41 5 5 6.41 10.59 12 5 17.59 6.41 19 12 13.41 17.59 19 19 17.59 13.41 12z\"></path></svg>"
					},
					{
						"html": "<svg class=\"webchat-MuiSvgIcon-root webchat-MuiSvgIcon-fontSizeSmall\" focusable=\"false\" viewBox=\"0 0 24 24\" color=\"white\" aria-hidden=\"true\"><path d=\"M2.01 21L23 12 2.01 3 2 10l15 2-15 2z\"></path></svg>"
					},
					{
						"html": "<svg class=\"webchat-MuiSvgIcon-root sc-cEvuZC eDihvL\" focusable=\"false\" viewBox=\"0 0 24 24\" aria-hidden=\"true\">"
					},
					{
						"html": "<svg class=\"webchat-MuiSvgIcon-root sc-kXeGPI bHMygo\" focusable=\"false\" viewBox=\"0 0 24 24\" aria-hidden=\"true\"><path d=\"M12 16.5l4-4h-3v-9h-2v9H8l4 4zm9-13h-6v1.99h6v14.03H3V5.49h6V3.5H3c-1.1 0-2 .9-2 2v14c0 1.1.9 2 2 2h18c1.1 0 2-.9 2-2v-14c0-1.1-.9-2-2-2z\"></path></svg>"
					}
				]
			},
			"aria-required-attr": {
				"description": "Required ARIA attributes must be provided",
				"helpUrl": "https://dequeuniversity.com/rules/axe/4.7/aria-required-attr?application=purple-hats",
				"conformance": [
					"wcag2a",
					"wcag412"
				],
				"totalItems": 1,
				"items": [
					{
						"html": "<div class=\"wog--flex wog--items-center wog--justify-center wog--inline-flex wog--floating-button wog--float-bottom-left\" tabindex=\"0\" role=\"button\" aria-label=\"Help us improve popup\"><wog-icon-smiley-face></wog-icon-smiley-face></div>"
					}
				]
			},
			"aria-roles": {
				"description": "ARIA roles used must conform to valid values",
				"helpUrl": "https://dequeuniversity.com/rules/axe/4.7/aria-roles?application=purple-hats",
				"conformance": [
					"wcag2a",
					"wcag412"
				],
				"totalItems": 1,
				"items": [
					{
						"html": "<div class=\"wog--flex wog--items-center wog--justify-center wog--inline-flex wog--floating-button wog--float-bottom-left\" tabindex=\"0\" role=\"button\" aria-label=\"Help us improve popup\"><wog-icon-smiley-face></wog-icon-smiley-face></div>"
					}
				]
			},
			"aria-valid-attr-value": {
				"description": "ARIA attributes must conform to valid values",
				"helpUrl": "https://dequeuniversity.com/rules/axe/4.7/aria-valid-attr-value?application=purple-hats",
				"conformance": [
					"wcag2a",
					"wcag412"
				],
				"totalItems": 2,
				"items": [
					{
						"html": "<nav class=\"bp-breadcrumb\" aria-label=\"breadcrumbs\">\n    <ul>\n        <li><a href=\"/\"><small>HOME</small></a></li><li><a href=\"/careers/overview\"><small>CAREERS</small></a></li><li><a href=\"/careers/the-govtech-network/\"><small>OUR ALUMNI NETWORK</small></a></li></ul>\n</nav>"
					},
					{
						"html": "<div class=\"wog--flex wog--items-center wog--justify-center wog--inline-flex wog--floating-button wog--float-bottom-left\" tabindex=\"0\" role=\"button\" aria-label=\"Help us improve popup\"><wog-icon-smiley-face></wog-icon-smiley-face></div>"
					}
				]
			},
			"aria-valid-attr": {
				"description": "ARIA attributes must conform to valid names",
				"helpUrl": "https://dequeuniversity.com/rules/axe/4.7/aria-valid-attr?application=purple-hats",
				"conformance": [
					"wcag2a",
					"wcag412"
				],
				"totalItems": 2,
				"items": [
					{
						"html": "<nav class=\"bp-breadcrumb\" aria-label=\"breadcrumbs\">\n    <ul>\n        <li><a href=\"/\"><small>HOME</small></a></li><li><a href=\"/careers/overview\"><small>CAREERS</small></a></li><li><a href=\"/careers/the-govtech-network/\"><small>OUR ALUMNI NETWORK</small></a></li></ul>\n</nav>"
					},
					{
						"html": "<div class=\"wog--flex wog--items-center wog--justify-center wog--inline-flex wog--floating-button wog--float-bottom-left\" tabindex=\"0\" role=\"button\" aria-label=\"Help us improve popup\"><wog-icon-smiley-face></wog-icon-smiley-face></div>"
					}
				]
			},
			"avoid-inline-spacing": {
				"description": "Inline text spacing must be adjustable with custom stylesheets",
				"helpUrl": "https://dequeuniversity.com/rules/axe/4.7/avoid-inline-spacing?application=purple-hats",
				"conformance": [
					"wcag21aa",
					"wcag1412"
				],
				"totalItems": 6,
				"items": [
					{
						"html": "<span class=\"sgds-icon sgds-icon-sg-crest is-size-5\" style=\"color:red\"></span>"
					},
					{
						"html": "<span style=\"display: table-cell; vertical-align: middle\">"
					},
					{
						"html": "<img src=\"https://d33wubrfki0l68.cloudfront.net/7b7e8b84b8180770131a2838266cc18409b22293/545c3/images/logo_govtech_hort.gif\" alt=\"Homepage\" style=\"max-height:75px;max-width:200px;height:auto;width:auto;\">"
					},
					{
						"html": "<a class=\"bp-button is-text is-large\" style=\"text-decoration: none\" id=\"search-activate\">\n                        <span class=\"sgds-icon sgds-icon-search is-size-4\"></span>\n                    </a>"
					},
					{
						"html": "<aside class=\"bp-menu is-gt sidebar__inner\" style=\"position: relative;\">"
					},
					{
						"html": "<div class=\"inner-wrapper-sticky\" style=\"position: relative;\">"
					}
				]
			},
			"bypass": {
				"description": "Page must have means to bypass repeated blocks",
				"helpUrl": "https://dequeuniversity.com/rules/axe/4.7/bypass?application=purple-hats",
				"conformance": [
					"wcag2a",
					"wcag241"
				],
				"totalItems": 1,
				"items": [
					{
						"html": "<html lang=\"en\" class=\" js flexbox flexboxlegacy canvas canvastext webgl no-touch geolocation postmessage websqldatabase indexeddb hashchange history draganddrop websockets rgba hsla multiplebgs backgroundsize borderimage borderradius boxshadow textshadow opacity cssanimations csscolumns cssgradients cssreflections csstransforms csstransforms3d csstransitions fontface generatedcontent video audio localstorage sessionstorage webworkers no-applicationcache svg inlinesvg smil svgclippaths\">"
					}
				]
			},
			"color-contrast": {
				"description": "Elements must meet minimum color contrast ratio thresholds",
				"helpUrl": "https://dequeuniversity.com/rules/axe/4.7/color-contrast?application=purple-hats",
				"conformance": [
					"wcag2aa",
					"wcag143"
				],
				"totalItems": 66,
				"items": [
					{
						"html": "<span class=\"is-text\">\n                                A Singapore Government Agency Website \n                            </span>"
					},
					{
						"html": "<span class=\"is-text bp-masthead-button-text\">\n                                    How to identify\n                                </span>"
					},
					{
						"html": "<input class=\"input is-fullwidth\" id=\"search-box-mobile\" type=\"text\" placeholder=\"What are you looking for?\" name=\"query\">"
					},
					{
						"html": "<a class=\"navbar-link is-uppercase\" href=\"/digital-government-transformation/\">Digital Gov Transformation</a>"
					},
					{
						"html": "<a class=\"navbar-link is-uppercase\" href=\"/who-we-are/our-role/\">Who We Are</a>"
					},
					{
						"html": "<a class=\"navbar-link is-uppercase\" href=\"/careers/overview\">Careers</a>"
					},
					{
						"html": "<a class=\"navbar-link is-uppercase\" href=\"/media/\">Media</a>"
					},
					{
						"html": "<a href=\"/contact-us/\" class=\"is-uppercase\">Contact Us</a>"
					},
					{
						"html": "<input class=\"input is-fullwidth is-large\" id=\"search-box\" type=\"text\" placeholder=\"What are you looking for?\" name=\"query\" autocomplete=\"off\">"
					},
					{
						"html": "<small>HOME</small>"
					},
					{
						"html": "<small>CAREERS</small>"
					},
					{
						"html": "<small>OUR ALUMNI NETWORK</small>"
					},
					{
						"html": "<b>Our Alumni Network</b>"
					},
					{
						"html": "<strong>GovTech ReCONNECT</strong>"
					},
					{
						"html": "<p>Used to work at GovTech? We want to re-connect with you!</p>"
					},
					{
						"html": "<p><a href=\"https://www.go.gov.sg/govtechreconnect\" target=\"_blank\">Join the GovTech ReCONNECT community</a> to stay in touch with current and former GovTechies, and continue to support the advancement of #SmartNationSG and #TechforPublicGood ambitions!</p>"
					},
					{
						"html": "<a href=\"https://www.go.gov.sg/govtechreconnect\" target=\"_blank\">Join the GovTech ReCONNECT community</a>"
					},
					{
						"html": "<b>Related Content</b>"
					},
					{
						"html": "<a href=\"https://www.tech.gov.sg/digital-government-perception-survey/?utm_medium=recommender_0&amp;utm_source=aHR0cHM6Ly93d3cudGVjaC5nb3Yuc2cvY2FyZWVycy90aGUtZ292dGVjaC1uZXR3b3JrLw==&amp;utm_content=aHR0cHM6Ly93d3cudGVjaC5nb3Yuc2cvZGlnaXRhbC1nb3Zlcm5tZW50LXBlcmNlcHRpb24tc3VydmV5Lw==\" \"=\"\">"
					},
					{
						"html": "<a href=\"https://www.tech.gov.sg/media/technews/infographics/govtech-year-in-review-2018?utm_medium=recommender_1&amp;utm_source=aHR0cHM6Ly93d3cudGVjaC5nb3Yuc2cvY2FyZWVycy90aGUtZ292dGVjaC1uZXR3b3JrLw==&amp;utm_content=aHR0cHM6Ly93d3cudGVjaC5nb3Yuc2cvbWVkaWEvdGVjaG5ld3MvaW5mb2dyYXBoaWNzL2dvdnRlY2gteWVhci1pbi1yZXZpZXctMjAxOA==\" \"=\"\">"
					},
					{
						"html": "<a href=\"https://www.tech.gov.sg/media/corporate-publications/past-ida-corporate-brochures?utm_medium=recommender_2&amp;utm_source=aHR0cHM6Ly93d3cudGVjaC5nb3Yuc2cvY2FyZWVycy90aGUtZ292dGVjaC1uZXR3b3JrLw==&amp;utm_content=aHR0cHM6Ly93d3cudGVjaC5nb3Yuc2cvbWVkaWEvY29ycG9yYXRlLXB1YmxpY2F0aW9ucy9wYXN0LWlkYS1jb3Jwb3JhdGUtYnJvY2h1cmVz\" \"=\"\">"
					},
					{
						"html": "<a href=\"https://www.tech.gov.sg/media/technews/infographics/fast-track-to-5g-in-sg?utm_medium=recommender_3&amp;utm_source=aHR0cHM6Ly93d3cudGVjaC5nb3Yuc2cvY2FyZWVycy90aGUtZ292dGVjaC1uZXR3b3JrLw==&amp;utm_content=aHR0cHM6Ly93d3cudGVjaC5nb3Yuc2cvbWVkaWEvdGVjaG5ld3MvaW5mb2dyYXBoaWNzL2Zhc3QtdHJhY2stdG8tNWctaW4tc2c=\" \"=\"\">"
					},
					{
						"html": "<a href=\"https://www.tech.gov.sg/media/corporate-publications/annual-reports?utm_medium=recommender_4&amp;utm_source=aHR0cHM6Ly93d3cudGVjaC5nb3Yuc2cvY2FyZWVycy90aGUtZ292dGVjaC1uZXR3b3JrLw==&amp;utm_content=aHR0cHM6Ly93d3cudGVjaC5nb3Yuc2cvbWVkaWEvY29ycG9yYXRlLXB1YmxpY2F0aW9ucy9hbm51YWwtcmVwb3J0cw==\" \"=\"\">"
					},
					{
						"html": "<input id=\"page-url\" type=\"text\" class=\"hide\" value=\"https://www.tech.gov.sg/careers/the-govtech-network/\">"
					},
					{
						"html": "<b>Government Technology Agency</b>"
					},
					{
						"html": "<a class=\"has-text-white\" href=\"/digital-government-transformation/\">Digital Gov Transformation</a>"
					},
					{
						"html": "<a href=\"/digital-government-transformation/\">Overview</a>"
					},
					{
						"html": "<a href=\"/digital-government-blueprint/\">Digital Government Blueprint</a>"
					},
					{
						"html": "<a href=\"/singapore-digital-government-journey/\">Singapore Digital Government Journey</a>"
					},
					{
						"html": "<a href=\"/international-partnerships/\">International Partnerships</a>"
					},
					{
						"html": "<a href=\"/products-and-services/\">Products and Services</a>"
					},
					{
						"html": "<a href=\"/digital-standards-and-guides/\">Digital Standards and Guides</a>"
					},
					{
						"html": "<a href=\"/get-involved/\">Get Involved</a>"
					},
					{
						"html": "<a class=\"has-text-white\" href=\"/who-we-are/our-role/\">Who We Are</a>"
					},
					{
						"html": "<a href=\"/who-we-are/our-role/\">Our Role</a>"
					},
					{
						"html": "<a href=\"/who-we-are/our-journey/\">Our Journey</a>"
					},
					{
						"html": "<a href=\"/who-we-are/our-culture-and-values/\">Our Culture and Values</a>"
					},
					{
						"html": "<a href=\"/who-we-are/our-digital-government-rankings/\">Our Digital Government Rankings</a>"
					},
					{
						"html": "<a href=\"/who-we-are/our-statistics/\">Our Statistics</a>"
					},
					{
						"html": "<a href=\"/who-we-are/our-team/\">Our Team</a>"
					},
					{
						"html": "<a class=\"has-text-white\" href=\"/careers/overview\">Careers</a>"
					},
					{
						"html": "<a href=\"/careers/how-we-hire/\">How We Hire</a>"
					},
					{
						"html": "<a href=\"/careers/how-we-work/\">How We Work</a>"
					},
					{
						"html": "<a href=\"/careers/students-and-graduates/\">Students and Graduates</a>"
					},
					{
						"html": "<a href=\"/careers/smart-nation-fellowship-programme/\">Smart Nation Fellowship Programme</a>"
					},
					{
						"html": "<a href=\"/careers/the-govtech-network/\">Our Alumni Network</a>"
					},
					{
						"html": "<a href=\"https://go.gov.sg/govtechjobs\" target=\"_blank\" rel=\"noreferrer\">Apply Now</a>"
					},
					{
						"html": "<a class=\"has-text-white\" href=\"/media/\">Media</a>"
					},
					{
						"html": "<a href=\"/media/\">All</a>"
					},
					{
						"html": "<a href=\"/media/corporate-publications/\">Corporate Publications</a>"
					},
					{
						"html": "<a href=\"/media/events/\">Events</a>"
					},
					{
						"html": "<a href=\"/media/media-releases/\">Media Releases</a>"
					},
					{
						"html": "<a href=\"/media/speeches/\">Speeches</a>"
					},
					{
						"html": "<a href=\"/media/technews/\">TechNews</a>"
					},
					{
						"html": "<a href=\"/media/blogs/listing\">Blogs</a>"
					},
					{
						"html": "<a href=\"/media/advisory/\">Advisory</a>"
					},
					{
						"html": "<a href=\"/media/awards/\">Awards</a>"
					},
					{
						"html": "<a href=\"https://www.tech.gov.sg/report_vulnerability/\">Report Vulnerability</a>"
					},
					{
						"html": "<a href=\"/privacy/\">Privacy Statement</a>"
					},
					{
						"html": "<a href=\"/terms-of-use/\">Terms of Use</a>"
					},
					{
						"html": "<a href=\"/contact-us/\">Contact Us</a>"
					},
					{
						"html": "<a href=\"https://www.isomer.gov.sg/\" target=\"_blank\" rel=\"noreferrer\">Created with <img src=\"https://d33wubrfki0l68.cloudfront.net/7bc26ce7839bcc7a936ec9c308ac45665449bc82/52d82/assets/img/isomer_logo.svg\" alt=\"Isomer Logo\"></a>"
					},
					{
						"html": "<a href=\"https://www.open.gov.sg/\" target=\"_blank\" rel=\"noreferrer\">Built by <img src=\"https://d33wubrfki0l68.cloudfront.net/c2bb36a32e45d17d45480da41cb77ed18a9d0c76/58074/assets/img/ogp_logo.svg\" alt=\"Open Government Products Logo\"></a>"
					},
					{
						"html": "<p class=\"footer-credits\">\n                      © 2023\n                          Government Technology Agency, Last Updated 08 Aug 2023</p>"
					},
					{
						"html": "<div class=\"sc-EHOje hclKXJ\">Chat with Gayle!</div>"
					},
					{
						"html": "<textarea rows=\"1\" placeholder=\"Type your message here\" maxlength=\"256\" class=\"sc-jrIrqw hnSPhv\"></textarea>"
					}
				]
			},
			"document-title": {
				"description": "Documents must have <title> element to aid in navigation",
				"helpUrl": "https://dequeuniversity.com/rules/axe/4.7/document-title?application=purple-hats",
				"conformance": [
					"wcag2a",
					"wcag242"
				],
				"totalItems": 1,
				"items": [
					{
						"html": "<html lang=\"en\" class=\" js flexbox flexboxlegacy canvas canvastext webgl no-touch geolocation postmessage websqldatabase indexeddb hashchange history draganddrop websockets rgba hsla multiplebgs backgroundsize borderimage borderradius boxshadow textshadow opacity cssanimations csscolumns cssgradients cssreflections csstransforms csstransforms3d csstransitions fontface generatedcontent video audio localstorage sessionstorage webworkers no-applicationcache svg inlinesvg smil svgclippaths\">"
					}
				]
			},
			"duplicate-id-active": {
				"description": "IDs of active elements must be unique",
				"helpUrl": "https://dequeuniversity.com/rules/axe/4.7/duplicate-id-active?application=purple-hats",
				"conformance": [
					"wcag2a",
					"wcag411"
				],
				"totalItems": 2,
				"items": [
					{
						"html": "<button class=\"bp-button\" id=\"print-button\">\n              <i class=\"sgds-icon sgds-icon-print is-size-4\">\n              </i>\n            </button>"
					},
					{
						"html": "<button class=\"bp-button\" id=\"copy-link\">\n              <i class=\"sgds-icon sgds-icon-link is-size-4\">\n              </i>\n            </button>"
					}
				]
			},
			"duplicate-id-aria": {
				"description": "IDs used in ARIA and labels must be unique",
				"helpUrl": "https://dequeuniversity.com/rules/axe/4.7/duplicate-id-aria?application=purple-hats",
				"conformance": [
					"wcag2a",
					"wcag411"
				],
				"totalItems": 1,
				"items": [
					{
						"html": "<div class=\"bp-dropdown-menu has-text-left hide\" id=\"dropdown-menu\" role=\"menu\">\n            <div class=\"bp-dropdown-content\"></div>\n        </div>"
					}
				]
			},
			"duplicate-id": {
				"description": "id attribute value must be unique",
				"helpUrl": "https://dequeuniversity.com/rules/axe/4.7/duplicate-id?application=purple-hats",
				"conformance": [
					"wcag2a",
					"wcag411"
				],
				"totalItems": 23,
				"items": [
					{
						"html": "<div class=\"masthead-container\" id=\"navbar\" onclick=\"\">"
					},
					{
						"html": "<div class=\"masthead-layout\" id=\"bp-masthead\">"
					},
					{
						"html": "<span class=\"bp-masthead-button\" id=\"masthead-dropdown-button\">"
					},
					{
						"html": "<span class=\"sgds-icon sgds-icon-chevron-down is-size-7\" id=\"masthead-chevron\"></span>"
					},
					{
						"html": "<div class=\"masthead-divider is-hidden\" id=\"masthead-divider\" style=\"padding-left: -12px; padding-right:-12px;\"></div>"
					},
					{
						"html": "<div class=\"col banner-content-layout is-hidden\" id=\"banner-content\">"
					},
					{
						"html": "<div id=\"navbarExampleTransparentExample\" class=\"bp-container is-fluid margin--none navbar-menu\">"
					},
					{
						"html": "<input class=\"input is-fullwidth\" id=\"search-box-mobile\" type=\"text\" placeholder=\"What are you looking for?\" name=\"query\">"
					},
					{
						"html": "<a class=\"bp-button is-text is-large\" style=\"text-decoration: none\" id=\"search-activate\">\n                        <span class=\"sgds-icon sgds-icon-search is-size-4\"></span>\n                    </a>"
					},
					{
						"html": "<div class=\"bp-container hide is-hidden-touch is-hidden-desktop-only search-bar\" id=\"search-bar\">"
					},
					{
						"html": "<input class=\"input is-fullwidth is-large\" id=\"search-box\" type=\"text\" placeholder=\"What are you looking for?\" name=\"query\" autocomplete=\"off\">"
					},
					{
						"html": "<div id=\"main-content\" onclick=\"\">"
					},
					{
						"html": "<h3 id=\"govtech-reconnect\"><strong>GovTech ReCONNECT</strong></h3>"
					},
					{
						"html": "<div id=\"related-content\" class=\"\">"
					},
					{
						"html": "<ul id=\"related-content-list\">"
					},
					{
						"html": "<span class=\"hide\" id=\"full-page-url\">https://www.tech.gov.sg/careers/the-govtech-network/</span>"
					},
					{
						"html": "<input id=\"page-url\" type=\"text\" class=\"hide\" value=\"https://www.tech.gov.sg/careers/the-govtech-network/\">"
					},
					{
						"html": "<div class=\"col is-one-fifth is-hidden-mobile is-hidden-tablet-only\" id=\"social-link-desktop\">"
					},
					{
						"html": "<div class=\"col is-one-quarter is-hidden-mobile is-hidden-desktop\" id=\"social-link-tablet\">"
					},
					{
						"html": "<script type=\"text/javascript\" id=\"\">"
					},
					{
						"html": "<div id=\"webchat\" app-id=\"gt-ask-gayle\" app-name=\"AskGayle\" app-color=\"#B41E8E\" app-icon=\"https://www.tech.gov.sg/images/AskGayle-gif.gif\" app-subtitle=\"\" app-welcome-message=\"Chat with Gayle!\" app-base-font-size=\"16\" app-position-right=\"40\" app-position-bottom=\"40\" app-enable-auto-complete=\"true\" app-enable-recommendations=\"false\" app-auto-launch=\"false\" app-bot-response-trigger-event=\"false\" app-quick-launch-event=\"welcome\" app-foreground-color1=\"#F5F5F5\" app-foreground-color-2=\"#4D4D4F\" app-background-color2=\"#F5F5F5\" app-canvas-background-color=\"#E3E3E3\" app-button-border-color=\"#B41E8E\" app-quick-reply-button-background-color=\"#F5F5F5\" app-auto-complete-background-color=\"#E5CFE0\" app-auto-complete-foreground-color=\"#4D4D4F\" app-auto-complete-hover-color=\"#E2ABD4\" app-auto-complete-divider-color=\"#B41E8E\" app-recommendations-background-color=\"#E5CFE0\" app-recommendations-foreground-color=\"#4D4D4F\" app-recommendations-hover-color=\"#E2ABD4\" app-launcher-animation-iteration=\"0\" app-orchestrator-timeout=\"8000\" app-font-family=\"Lato\">"
					},
					{
						"html": "<div id=\"webchat-container\">"
					},
					{
						"html": "<div id=\"wog--sentiments-content\">"
					}
				]
			},
			"empty-heading": {
				"description": "Headings should not be empty",
				"helpUrl": "https://dequeuniversity.com/rules/axe/4.7/empty-heading?application=purple-hats",
				"conformance": [
					"best-practice"
				],
				"totalItems": 4,
				"items": [
					{
						"html": "<h1 class=\"has-text-white\"><b>Our Alumni Network</b></h1>"
					},
					{
						"html": "<h3 id=\"govtech-reconnect\"><strong>GovTech ReCONNECT</strong></h3>"
					},
					{
						"html": "<h5><b>Related Content</b></h5>"
					},
					{
						"html": "<h5 class=\"sub-header has-text-white\"><b>Government Technology Agency</b></h5>"
					}
				]
			},
			"heading-order": {
				"description": "Heading levels should only increase by one",
				"helpUrl": "https://dequeuniversity.com/rules/axe/4.7/heading-order?application=purple-hats",
				"conformance": [
					"best-practice"
				],
				"totalItems": 2,
				"items": [
					{
						"html": "<h1 class=\"has-text-white\"><b>Our Alumni Network</b></h1>"
					},
					{
						"html": "<h5 class=\"sub-header has-text-white\"><b>Government Technology Agency</b></h5>"
					}
				]
			},
			"html-has-lang": {
				"description": "<html> element must have a lang attribute",
				"helpUrl": "https://dequeuniversity.com/rules/axe/4.7/html-has-lang?application=purple-hats",
				"conformance": [
					"wcag2a",
					"wcag311"
				],
				"totalItems": 1,
				"items": [
					{
						"html": "<html lang=\"en\" class=\" js flexbox flexboxlegacy canvas canvastext webgl no-touch geolocation postmessage websqldatabase indexeddb hashchange history draganddrop websockets rgba hsla multiplebgs backgroundsize borderimage borderradius boxshadow textshadow opacity cssanimations csscolumns cssgradients cssreflections csstransforms csstransforms3d csstransitions fontface generatedcontent video audio localstorage sessionstorage webworkers no-applicationcache svg inlinesvg smil svgclippaths\">"
					}
				]
			},
			"html-lang-valid": {
				"description": "<html> element must have a valid value for the lang attribute",
				"helpUrl": "https://dequeuniversity.com/rules/axe/4.7/html-lang-valid?application=purple-hats",
				"conformance": [
					"wcag2a",
					"wcag311"
				],
				"totalItems": 1,
				"items": [
					{
						"html": "<html lang=\"en\" class=\" js flexbox flexboxlegacy canvas canvastext webgl no-touch geolocation postmessage websqldatabase indexeddb hashchange history draganddrop websockets rgba hsla multiplebgs backgroundsize borderimage borderradius boxshadow textshadow opacity cssanimations csscolumns cssgradients cssreflections csstransforms csstransforms3d csstransitions fontface generatedcontent video audio localstorage sessionstorage webworkers no-applicationcache svg inlinesvg smil svgclippaths\">"
					}
				]
			},
			"image-alt": {
				"description": "Images must have alternate text",
				"helpUrl": "https://dequeuniversity.com/rules/axe/4.7/image-alt?application=purple-hats",
				"conformance": [
					"wcag2a",
					"wcag111"
				],
				"totalItems": 5,
				"items": [
					{
						"html": "<img src=\"https://d33wubrfki0l68.cloudfront.net/7b7e8b84b8180770131a2838266cc18409b22293/545c3/images/logo_govtech_hort.gif\" alt=\"Homepage\" style=\"max-height:75px;max-width:200px;height:auto;width:auto;\">"
					},
					{
						"html": "<img src=\"https://d33wubrfki0l68.cloudfront.net/e261b63aac8266d200073fd9265e471d44668436/dec92/images/careers/govtech_reconnect.png\" alt=\"GOVTECH ReCONNECT\">"
					},
					{
						"html": "<img src=\"https://d33wubrfki0l68.cloudfront.net/7bc26ce7839bcc7a936ec9c308ac45665449bc82/52d82/assets/img/isomer_logo.svg\" alt=\"Isomer Logo\">"
					},
					{
						"html": "<img src=\"https://d33wubrfki0l68.cloudfront.net/c2bb36a32e45d17d45480da41cb77ed18a9d0c76/58074/assets/img/ogp_logo.svg\" alt=\"Open Government Products Logo\">"
					},
					{
						"html": "<img alt=\"Bot Launcher\" src=\"https://www.tech.gov.sg/images/AskGayle-gif.gif\" class=\"sc-htpNat iUqtne\">"
					}
				]
			},
			"image-redundant-alt": {
				"description": "Alternative text of images should not be repeated as text",
				"helpUrl": "https://dequeuniversity.com/rules/axe/4.7/image-redundant-alt?application=purple-hats",
				"conformance": [
					"best-practice"
				],
				"totalItems": 5,
				"items": [
					{
						"html": "<img src=\"https://d33wubrfki0l68.cloudfront.net/7b7e8b84b8180770131a2838266cc18409b22293/545c3/images/logo_govtech_hort.gif\" alt=\"Homepage\" style=\"max-height:75px;max-width:200px;height:auto;width:auto;\">"
					},
					{
						"html": "<img src=\"https://d33wubrfki0l68.cloudfront.net/e261b63aac8266d200073fd9265e471d44668436/dec92/images/careers/govtech_reconnect.png\" alt=\"GOVTECH ReCONNECT\">"
					},
					{
						"html": "<img src=\"https://d33wubrfki0l68.cloudfront.net/7bc26ce7839bcc7a936ec9c308ac45665449bc82/52d82/assets/img/isomer_logo.svg\" alt=\"Isomer Logo\">"
					},
					{
						"html": "<img src=\"https://d33wubrfki0l68.cloudfront.net/c2bb36a32e45d17d45480da41cb77ed18a9d0c76/58074/assets/img/ogp_logo.svg\" alt=\"Open Government Products Logo\">"
					},
					{
						"html": "<img alt=\"Bot Launcher\" src=\"https://www.tech.gov.sg/images/AskGayle-gif.gif\" class=\"sc-htpNat iUqtne\">"
					}
				]
			},
			"landmark-complementary-is-top-level": {
				"description": "Aside should not be contained in another landmark",
				"helpUrl": "https://dequeuniversity.com/rules/axe/4.7/landmark-complementary-is-top-level?application=purple-hats",
				"conformance": [
					"best-practice"
				],
				"totalItems": 1,
				"items": [
					{
						"html": "<aside class=\"bp-menu is-gt sidebar__inner\" style=\"position: relative;\">"
					}
				]
			},
			"landmark-contentinfo-is-top-level": {
				"description": "Contentinfo landmark should not be contained in another landmark",
				"helpUrl": "https://dequeuniversity.com/rules/axe/4.7/landmark-contentinfo-is-top-level?application=purple-hats",
				"conformance": [
					"best-practice"
				],
				"totalItems": 2,
				"items": [
					{
						"html": "<footer class=\"bp-footer top-section\" onclick=\"\">"
					},
					{
						"html": "<footer class=\"bp-footer bottom-section\" onclick=\"\">"
					}
				]
			},
			"landmark-unique": {
				"description": "Ensures landmarks are unique",
				"helpUrl": "https://dequeuniversity.com/rules/axe/4.7/landmark-unique?application=purple-hats",
				"conformance": [
					"best-practice"
				],
				"totalItems": 3,
				"items": [
					{
						"html": "<nav class=\"navbar is-transparent\">"
					},
					{
						"html": "<nav class=\"bp-breadcrumb\" aria-label=\"breadcrumbs\">\n    <ul>\n        <li><a href=\"/\"><small>HOME</small></a></li><li><a href=\"/careers/overview\"><small>CAREERS</small></a></li><li><a href=\"/careers/the-govtech-network/\"><small>OUR ALUMNI NETWORK</small></a></li></ul>\n</nav>"
					},
					{
						"html": "<aside class=\"bp-menu is-gt sidebar__inner\" style=\"position: relative;\">"
					}
				]
			},
			"link-in-text-block": {
				"description": "Links must be distinguishable without relying on color",
				"helpUrl": "https://dequeuniversity.com/rules/axe/4.7/link-in-text-block?application=purple-hats",
				"conformance": [
					"wcag2a",
					"wcag141"
				],
				"totalItems": 1,
				"items": [
					{
						"html": "<a href=\"https://www.go.gov.sg/govtechreconnect\" target=\"_blank\">Join the GovTech ReCONNECT community</a>"
					}
				]
			},
			"link-name": {
				"description": "Links must have discernible text",
				"helpUrl": "https://dequeuniversity.com/rules/axe/4.7/link-name?application=purple-hats",
				"conformance": [
					"wcag2a",
					"wcag412",
					"wcag244"
				],
				"totalItems": 58,
				"items": [
					{
						"html": "<a class=\"navbar-item\" href=\"/\">\n                <img src=\"https://d33wubrfki0l68.cloudfront.net/7b7e8b84b8180770131a2838266cc18409b22293/545c3/images/logo_govtech_hort.gif\" alt=\"Homepage\" style=\"max-height:75px;max-width:200px;height:auto;width:auto;\">\n            </a>"
					},
					{
						"html": "<a class=\"navbar-link is-uppercase\" href=\"/digital-government-transformation/\">Digital Gov Transformation</a>"
					},
					{
						"html": "<a class=\"navbar-link is-uppercase\" href=\"/who-we-are/our-role/\">Who We Are</a>"
					},
					{
						"html": "<a class=\"navbar-link is-uppercase\" href=\"/careers/overview\">Careers</a>"
					},
					{
						"html": "<a class=\"navbar-link is-uppercase\" href=\"/media/\">Media</a>"
					},
					{
						"html": "<a href=\"/contact-us/\" class=\"is-uppercase\">Contact Us</a>"
					},
					{
						"html": "<a href=\"/\"><small>HOME</small></a>"
					},
					{
						"html": "<a href=\"/careers/overview\"><small>CAREERS</small></a>"
					},
					{
						"html": "<a href=\"/careers/the-govtech-network/\"><small>OUR ALUMNI NETWORK</small></a>"
					},
					{
						"html": "<a href=\"https://www.go.gov.sg/govtechreconnect\" target=\"_blank\">Join the GovTech ReCONNECT community</a>"
					},
					{
						"html": "<a href=\"https://www.tech.gov.sg/digital-government-perception-survey/?utm_medium=recommender_0&amp;utm_source=aHR0cHM6Ly93d3cudGVjaC5nb3Yuc2cvY2FyZWVycy90aGUtZ292dGVjaC1uZXR3b3JrLw==&amp;utm_content=aHR0cHM6Ly93d3cudGVjaC5nb3Yuc2cvZGlnaXRhbC1nb3Zlcm5tZW50LXBlcmNlcHRpb24tc3VydmV5Lw==\" \"=\"\">"
					},
					{
						"html": "<a href=\"https://www.tech.gov.sg/media/technews/infographics/govtech-year-in-review-2018?utm_medium=recommender_1&amp;utm_source=aHR0cHM6Ly93d3cudGVjaC5nb3Yuc2cvY2FyZWVycy90aGUtZ292dGVjaC1uZXR3b3JrLw==&amp;utm_content=aHR0cHM6Ly93d3cudGVjaC5nb3Yuc2cvbWVkaWEvdGVjaG5ld3MvaW5mb2dyYXBoaWNzL2dvdnRlY2gteWVhci1pbi1yZXZpZXctMjAxOA==\" \"=\"\">"
					},
					{
						"html": "<a href=\"https://www.tech.gov.sg/media/corporate-publications/past-ida-corporate-brochures?utm_medium=recommender_2&amp;utm_source=aHR0cHM6Ly93d3cudGVjaC5nb3Yuc2cvY2FyZWVycy90aGUtZ292dGVjaC1uZXR3b3JrLw==&amp;utm_content=aHR0cHM6Ly93d3cudGVjaC5nb3Yuc2cvbWVkaWEvY29ycG9yYXRlLXB1YmxpY2F0aW9ucy9wYXN0LWlkYS1jb3Jwb3JhdGUtYnJvY2h1cmVz\" \"=\"\">"
					},
					{
						"html": "<a href=\"https://www.tech.gov.sg/media/technews/infographics/fast-track-to-5g-in-sg?utm_medium=recommender_3&amp;utm_source=aHR0cHM6Ly93d3cudGVjaC5nb3Yuc2cvY2FyZWVycy90aGUtZ292dGVjaC1uZXR3b3JrLw==&amp;utm_content=aHR0cHM6Ly93d3cudGVjaC5nb3Yuc2cvbWVkaWEvdGVjaG5ld3MvaW5mb2dyYXBoaWNzL2Zhc3QtdHJhY2stdG8tNWctaW4tc2c=\" \"=\"\">"
					},
					{
						"html": "<a href=\"https://www.tech.gov.sg/media/corporate-publications/annual-reports?utm_medium=recommender_4&amp;utm_source=aHR0cHM6Ly93d3cudGVjaC5nb3Yuc2cvY2FyZWVycy90aGUtZ292dGVjaC1uZXR3b3JrLw==&amp;utm_content=aHR0cHM6Ly93d3cudGVjaC5nb3Yuc2cvbWVkaWEvY29ycG9yYXRlLXB1YmxpY2F0aW9ucy9hbm51YWwtcmVwb3J0cw==\" \"=\"\">"
					},
					{
						"html": "<a class=\"has-text-white\" href=\"/digital-government-transformation/\">Digital Gov Transformation</a>"
					},
					{
						"html": "<a href=\"/digital-government-transformation/\">Overview</a>"
					},
					{
						"html": "<a href=\"/digital-government-blueprint/\">Digital Government Blueprint</a>"
					},
					{
						"html": "<a href=\"/singapore-digital-government-journey/\">Singapore Digital Government Journey</a>"
					},
					{
						"html": "<a href=\"/international-partnerships/\">International Partnerships</a>"
					},
					{
						"html": "<a href=\"/products-and-services/\">Products and Services</a>"
					},
					{
						"html": "<a href=\"/digital-standards-and-guides/\">Digital Standards and Guides</a>"
					},
					{
						"html": "<a href=\"/get-involved/\">Get Involved</a>"
					},
					{
						"html": "<a class=\"has-text-white\" href=\"/who-we-are/our-role/\">Who We Are</a>"
					},
					{
						"html": "<a href=\"/who-we-are/our-role/\">Our Role</a>"
					},
					{
						"html": "<a href=\"/who-we-are/our-journey/\">Our Journey</a>"
					},
					{
						"html": "<a href=\"/who-we-are/our-culture-and-values/\">Our Culture and Values</a>"
					},
					{
						"html": "<a href=\"/who-we-are/our-digital-government-rankings/\">Our Digital Government Rankings</a>"
					},
					{
						"html": "<a href=\"/who-we-are/our-statistics/\">Our Statistics</a>"
					},
					{
						"html": "<a href=\"/who-we-are/our-team/\">Our Team</a>"
					},
					{
						"html": "<a class=\"has-text-white\" href=\"/careers/overview\">Careers</a>"
					},
					{
						"html": "<a href=\"/careers/how-we-hire/\">How We Hire</a>"
					},
					{
						"html": "<a href=\"/careers/how-we-work/\">How We Work</a>"
					},
					{
						"html": "<a href=\"/careers/students-and-graduates/\">Students and Graduates</a>"
					},
					{
						"html": "<a href=\"/careers/smart-nation-fellowship-programme/\">Smart Nation Fellowship Programme</a>"
					},
					{
						"html": "<a href=\"/careers/the-govtech-network/\">Our Alumni Network</a>"
					},
					{
						"html": "<a href=\"https://go.gov.sg/govtechjobs\" target=\"_blank\" rel=\"noreferrer\">Apply Now</a>"
					},
					{
						"html": "<a class=\"has-text-white\" href=\"/media/\">Media</a>"
					},
					{
						"html": "<a href=\"/media/\">All</a>"
					},
					{
						"html": "<a href=\"/media/corporate-publications/\">Corporate Publications</a>"
					},
					{
						"html": "<a href=\"/media/events/\">Events</a>"
					},
					{
						"html": "<a href=\"/media/media-releases/\">Media Releases</a>"
					},
					{
						"html": "<a href=\"/media/speeches/\">Speeches</a>"
					},
					{
						"html": "<a href=\"/media/technews/\">TechNews</a>"
					},
					{
						"html": "<a href=\"/media/blogs/listing\">Blogs</a>"
					},
					{
						"html": "<a href=\"/media/advisory/\">Advisory</a>"
					},
					{
						"html": "<a href=\"/media/awards/\">Awards</a>"
					},
					{
						"html": "<a href=\"https://www.facebook.com/GovTechSG\" target=\"_blank\" class=\"social-link padding--right padding--bottom is-inline-block\" rel=\"noreferrer\"><span class=\"sgds-icon sgds-icon-facebook is-size-4\" title=\"Facebook\"></span></a>"
					},
					{
						"html": "<a href=\"https://www.twitter.com/GovTechSG\" target=\"_blank\" class=\"social-link padding--right padding--bottom is-inline-block\" rel=\"noreferrer\"><span class=\"sgds-icon sgds-icon-twitter is-size-4\" title=\"Twitter\"></span></a>"
					},
					{
						"html": "<a href=\"https://www.youtube.com/GovTechSG\" target=\"_blank\" class=\"social-link padding--right padding--bottom is-inline-block\" rel=\"noreferrer\"><span class=\"sgds-icon sgds-icon-youtube is-size-4\" title=\"YouTube\"></span></a>"
					},
					{
						"html": "<a href=\"https://www.instagram.com/govtechsg/?hl=en\" target=\"_blank\" class=\"social-link padding--right padding--bottom is-inline-block\" rel=\"noreferrer\"><span class=\"sgds-icon sgds-icon-instagram is-size-4\" title=\"Instagram\"></span></a>"
					},
					{
						"html": "<a href=\"https://www.linkedin.com/company/GovTech-Singapore\" target=\"_blank\" class=\"social-link padding--bottom is-inline-block\" rel=\"noreferrer\"><span class=\"sgds-icon sgds-icon-linkedin is-size-4\" title=\"LinkedIn\"></span></a>"
					},
					{
						"html": "<a href=\"https://www.tech.gov.sg/report_vulnerability/\">Report Vulnerability</a>"
					},
					{
						"html": "<a href=\"/privacy/\">Privacy Statement</a>"
					},
					{
						"html": "<a href=\"/terms-of-use/\">Terms of Use</a>"
					},
					{
						"html": "<a href=\"/contact-us/\">Contact Us</a>"
					},
					{
						"html": "<a href=\"https://www.isomer.gov.sg/\" target=\"_blank\" rel=\"noreferrer\">Created with <img src=\"https://d33wubrfki0l68.cloudfront.net/7bc26ce7839bcc7a936ec9c308ac45665449bc82/52d82/assets/img/isomer_logo.svg\" alt=\"Isomer Logo\"></a>"
					},
					{
						"html": "<a href=\"https://www.open.gov.sg/\" target=\"_blank\" rel=\"noreferrer\">Built by <img src=\"https://d33wubrfki0l68.cloudfront.net/c2bb36a32e45d17d45480da41cb77ed18a9d0c76/58074/assets/img/ogp_logo.svg\" alt=\"Open Government Products Logo\"></a>"
					}
				]
			},
			"list": {
				"description": "<ul> and <ol> must only directly contain <li>, <script> or <template> elements",
				"helpUrl": "https://dequeuniversity.com/rules/axe/4.7/list?application=purple-hats",
				"conformance": [
					"wcag2a",
					"wcag131"
				],
				"totalItems": 5,
				"items": [
					{
						"html": "<ul>\n        <li><a href=\"/\"><small>HOME</small></a></li><li><a href=\"/careers/overview\"><small>CAREERS</small></a></li><li><a href=\"/careers/the-govtech-network/\"><small>OUR ALUMNI NETWORK</small></a></li></ul>"
					},
					{
						"html": "<ul class=\"bp-menu-list\"></ul>"
					},
					{
						"html": "<ul id=\"related-content-list\">"
					},
					{
						"html": "<ul>"
					},
					{
						"html": "<ul>"
					}
				]
			},
			"listitem": {
				"description": "<li> elements must be contained in a <ul> or <ol>",
				"helpUrl": "https://dequeuniversity.com/rules/axe/4.7/listitem?application=purple-hats",
				"conformance": [
					"wcag2a",
					"wcag131"
				],
				"totalItems": 14,
				"items": [
					{
						"html": "<li><a href=\"/\"><small>HOME</small></a></li>"
					},
					{
						"html": "<li><a href=\"/careers/overview\"><small>CAREERS</small></a></li>"
					},
					{
						"html": "<li><a href=\"/careers/the-govtech-network/\"><small>OUR ALUMNI NETWORK</small></a></li>"
					},
					{
						"html": "<li>"
					},
					{
						"html": "<li>"
					},
					{
						"html": "<li>"
					},
					{
						"html": "<li>"
					},
					{
						"html": "<li>"
					},
					{
						"html": "<li><a href=\"https://www.tech.gov.sg/report_vulnerability/\">Report Vulnerability</a></li>"
					},
					{
						"html": "<li><a href=\"/privacy/\">Privacy Statement</a></li>"
					},
					{
						"html": "<li><a href=\"/terms-of-use/\">Terms of Use</a></li>"
					},
					{
						"html": "<li class=\"is-inline-block-desktop-only\">\n                  <p><a href=\"/contact-us/\">Contact Us</a></p>\n              </li>"
					},
					{
						"html": "<li>"
					},
					{
						"html": "<li>"
					}
				]
			},
			"meta-viewport-large": {
				"description": "Users should be able to zoom and scale the text up to 500%",
				"helpUrl": "https://dequeuniversity.com/rules/axe/4.7/meta-viewport-large?application=purple-hats",
				"conformance": [
					"best-practice"
				],
				"totalItems": 1,
				"items": [
					{
						"html": "<meta name=\"viewport\" content=\"width=device-width, user-scalable=yes, initial-scale=1.0\">"
					}
				]
			},
			"meta-viewport": {
				"description": "Zooming and scaling must not be disabled",
				"helpUrl": "https://dequeuniversity.com/rules/axe/4.7/meta-viewport?application=purple-hats",
				"conformance": [
					"wcag2aa",
					"wcag144"
				],
				"totalItems": 1,
				"items": [
					{
						"html": "<meta name=\"viewport\" content=\"width=device-width, user-scalable=yes, initial-scale=1.0\">"
					}
				]
			},
			"nested-interactive": {
				"description": "Interactive controls must not be nested",
				"helpUrl": "https://dequeuniversity.com/rules/axe/4.7/nested-interactive?application=purple-hats",
				"conformance": [
					"wcag2a",
					"wcag412"
				],
				"totalItems": 12,
				"items": [
					{
						"html": "<img src=\"https://d33wubrfki0l68.cloudfront.net/7b7e8b84b8180770131a2838266cc18409b22293/545c3/images/logo_govtech_hort.gif\" alt=\"Homepage\" style=\"max-height:75px;max-width:200px;height:auto;width:auto;\">"
					},
					{
						"html": "<img src=\"https://d33wubrfki0l68.cloudfront.net/e261b63aac8266d200073fd9265e471d44668436/dec92/images/careers/govtech_reconnect.png\" alt=\"GOVTECH ReCONNECT\">"
					},
					{
						"html": "<hr>"
					},
					{
						"html": "<button class=\"bp-button\" id=\"print-button\">\n              <i class=\"sgds-icon sgds-icon-print is-size-4\">\n              </i>\n            </button>"
					},
					{
						"html": "<button class=\"bp-button\" id=\"copy-link\">\n              <i class=\"sgds-icon sgds-icon-link is-size-4\">\n              </i>\n            </button>"
					},
					{
						"html": "<button class=\"bp-button\">\n            <i class=\"sgds-icon sgds-icon-mail is-size-4\">\n            </i>\n            </button>"
					},
					{
						"html": "<button class=\"bp-button\">\n              <i class=\"sgds-icon sgds-icon-facebook-alt is-size-4\">\n              </i>\n            </button>"
					},
					{
						"html": "<button class=\"bp-button\">\n              <i class=\"sgds-icon sgds-icon-linkedin-alt is-size-4\">\n              </i>\n            </button>"
					},
					{
						"html": "<img src=\"https://d33wubrfki0l68.cloudfront.net/7bc26ce7839bcc7a936ec9c308ac45665449bc82/52d82/assets/img/isomer_logo.svg\" alt=\"Isomer Logo\">"
					},
					{
						"html": "<img src=\"https://d33wubrfki0l68.cloudfront.net/c2bb36a32e45d17d45480da41cb77ed18a9d0c76/58074/assets/img/ogp_logo.svg\" alt=\"Open Government Products Logo\">"
					},
					{
						"html": "<img alt=\"Bot Launcher\" src=\"https://www.tech.gov.sg/images/AskGayle-gif.gif\" class=\"sc-htpNat iUqtne\">"
					},
					{
						"html": "<div class=\"wog--flex wog--items-center wog--justify-center wog--inline-flex wog--floating-button wog--float-bottom-left\" tabindex=\"0\" role=\"button\" aria-label=\"Help us improve popup\"><wog-icon-smiley-face></wog-icon-smiley-face></div>"
					}
				]
			},
			"page-has-heading-one": {
				"description": "Page should contain a level-one heading",
				"helpUrl": "https://dequeuniversity.com/rules/axe/4.7/page-has-heading-one?application=purple-hats",
				"conformance": [
					"best-practice"
				],
				"totalItems": 1,
				"items": [
					{
						"html": "<html lang=\"en\" class=\" js flexbox flexboxlegacy canvas canvastext webgl no-touch geolocation postmessage websqldatabase indexeddb hashchange history draganddrop websockets rgba hsla multiplebgs backgroundsize borderimage borderradius boxshadow textshadow opacity cssanimations csscolumns cssgradients cssreflections csstransforms csstransforms3d csstransitions fontface generatedcontent video audio localstorage sessionstorage webworkers no-applicationcache svg inlinesvg smil svgclippaths\">"
					}
				]
			},
			"region": {
				"description": "All page content should be contained by landmarks",
				"helpUrl": "https://dequeuniversity.com/rules/axe/4.7/region?application=purple-hats",
				"conformance": [
					"best-practice"
				],
				"totalItems": 238,
				"items": [
					{
						"html": "<div class=\"masthead-container\" id=\"navbar\" onclick=\"\">"
					},
					{
						"html": "<section class=\"bp-section bp-masthead\">"
					},
					{
						"html": "<div class=\"bp-container\">"
					},
					{
						"html": "<div class=\"row is-multiline is-vcentered masthead-layout-container\">"
					},
					{
						"html": "<div class=\"col is-9-desktop is-12-touch has-text-centered-touch\">"
					},
					{
						"html": "<span class=\"sgds-icon sgds-icon-sg-crest is-size-5\" style=\"color:red\"></span>"
					},
					{
						"html": "<span style=\"display: table-cell; vertical-align: middle\">"
					},
					{
						"html": "<span class=\"banner-text-layout\">"
					},
					{
						"html": "<span class=\"is-text\">\n                                A Singapore Government Agency Website \n                            </span>"
					},
					{
						"html": "<span class=\"bp-masthead-button\" id=\"masthead-dropdown-button\">"
					},
					{
						"html": "<span class=\"is-text bp-masthead-button-text\">\n                                    How to identify\n                                </span>"
					},
					{
						"html": "<span class=\"sgds-icon sgds-icon-chevron-down is-size-7\" id=\"masthead-chevron\"></span>"
					},
					{
						"html": "<nav class=\"navbar is-transparent\">"
					},
					{
						"html": "<div class=\"bp-container\">"
					},
					{
						"html": "<div class=\"navbar-brand\">"
					},
					{
						"html": "<a class=\"navbar-item\" href=\"/\">\n                <img src=\"https://d33wubrfki0l68.cloudfront.net/7b7e8b84b8180770131a2838266cc18409b22293/545c3/images/logo_govtech_hort.gif\" alt=\"Homepage\" style=\"max-height:75px;max-width:200px;height:auto;width:auto;\">\n            </a>"
					},
					{
						"html": "<img src=\"https://d33wubrfki0l68.cloudfront.net/7b7e8b84b8180770131a2838266cc18409b22293/545c3/images/logo_govtech_hort.gif\" alt=\"Homepage\" style=\"max-height:75px;max-width:200px;height:auto;width:auto;\">"
					},
					{
						"html": "<div id=\"navbarExampleTransparentExample\" class=\"bp-container is-fluid margin--none navbar-menu\">"
					},
					{
						"html": "<div class=\"navbar-start\">"
					},
					{
						"html": "<div class=\"navbar-item has-dropdown is-hoverable\">"
					},
					{
						"html": "<a class=\"navbar-link is-uppercase\" href=\"/digital-government-transformation/\">Digital Gov Transformation</a>"
					},
					{
						"html": "<div class=\"selector  is-hidden-touch is-hidden-desktop-only\"></div>"
					},
					{
						"html": "<div class=\"navbar-item has-dropdown is-hoverable\">"
					},
					{
						"html": "<a class=\"navbar-link is-uppercase\" href=\"/who-we-are/our-role/\">Who We Are</a>"
					},
					{
						"html": "<div class=\"selector  is-hidden-touch is-hidden-desktop-only\"></div>"
					},
					{
						"html": "<div class=\"navbar-item has-dropdown is-hoverable\">"
					},
					{
						"html": "<a class=\"navbar-link is-uppercase\" href=\"/careers/overview\">Careers</a>"
					},
					{
						"html": "<div class=\"selector active is-hidden-touch is-hidden-desktop-only\"></div>"
					},
					{
						"html": "<div class=\"navbar-item has-dropdown is-hoverable\">"
					},
					{
						"html": "<a class=\"navbar-link is-uppercase\" href=\"/media/\">Media</a>"
					},
					{
						"html": "<div class=\"selector  is-hidden-touch is-hidden-desktop-only\"></div>"
					},
					{
						"html": "<li class=\"navbar-item\"><a href=\"/contact-us/\" class=\"is-uppercase\">Contact Us</a><div class=\"selector  is-hidden-touch\"></div>\n                    </li>"
					},
					{
						"html": "<a href=\"/contact-us/\" class=\"is-uppercase\">Contact Us</a>"
					},
					{
						"html": "<div class=\"selector  is-hidden-touch\"></div>"
					},
					{
						"html": "<div class=\"navbar-end is-hidden-touch is-hidden-desktop-only\">"
					},
					{
						"html": "<div class=\"navbar-item\"><a class=\"bp-button is-text is-large\" style=\"text-decoration: none\" id=\"search-activate\">\n                        <span class=\"sgds-icon sgds-icon-search is-size-4\"></span>\n                    </a></div>"
					},
					{
						"html": "<a class=\"bp-button is-text is-large\" style=\"text-decoration: none\" id=\"search-activate\">\n                        <span class=\"sgds-icon sgds-icon-search is-size-4\"></span>\n                    </a>"
					},
					{
						"html": "<span class=\"sgds-icon sgds-icon-search is-size-4\"></span>"
					},
					{
						"html": "<div id=\"main-content\" onclick=\"\">"
					},
					{
						"html": "<section class=\"bp-section is-small bp-section-pagetitle\">"
					},
					{
						"html": "<div class=\"bp-container \">"
					},
					{
						"html": "<nav class=\"bp-breadcrumb\" aria-label=\"breadcrumbs\">\n    <ul>\n        <li><a href=\"/\"><small>HOME</small></a></li><li><a href=\"/careers/overview\"><small>CAREERS</small></a></li><li><a href=\"/careers/the-govtech-network/\"><small>OUR ALUMNI NETWORK</small></a></li></ul>\n</nav>"
					},
					{
						"html": "<ul>\n        <li><a href=\"/\"><small>HOME</small></a></li><li><a href=\"/careers/overview\"><small>CAREERS</small></a></li><li><a href=\"/careers/the-govtech-network/\"><small>OUR ALUMNI NETWORK</small></a></li></ul>"
					},
					{
						"html": "<li><a href=\"/\"><small>HOME</small></a></li>"
					},
					{
						"html": "<a href=\"/\"><small>HOME</small></a>"
					},
					{
						"html": "<small>HOME</small>"
					},
					{
						"html": "<li><a href=\"/careers/overview\"><small>CAREERS</small></a></li>"
					},
					{
						"html": "<a href=\"/careers/overview\"><small>CAREERS</small></a>"
					},
					{
						"html": "<small>CAREERS</small>"
					},
					{
						"html": "<li><a href=\"/careers/the-govtech-network/\"><small>OUR ALUMNI NETWORK</small></a></li>"
					},
					{
						"html": "<a href=\"/careers/the-govtech-network/\"><small>OUR ALUMNI NETWORK</small></a>"
					},
					{
						"html": "<small>OUR ALUMNI NETWORK</small>"
					},
					{
						"html": "<div class=\"row\">\n            <div class=\"col\">\n                <h1 class=\"has-text-white\"><b>Our Alumni Network</b></h1>\n            </div>\n        </div>"
					},
					{
						"html": "<div class=\"col\">\n                <h1 class=\"has-text-white\"><b>Our Alumni Network</b></h1>\n            </div>"
					},
					{
						"html": "<h1 class=\"has-text-white\"><b>Our Alumni Network</b></h1>"
					},
					{
						"html": "<b>Our Alumni Network</b>"
					},
					{
						"html": "<section class=\"bp-section\">"
					},
					{
						"html": "<div class=\"bp-container padding--top--lg padding--bottom--xl\">"
					},
					{
						"html": "<div class=\"row\">"
					},
					{
						"html": "<div class=\"col is-2 is-position-relative has-side-nav is-hidden-touch\">"
					},
					{
						"html": "<div class=\"sidenav\">"
					},
					{
						"html": "<aside class=\"bp-menu is-gt sidebar__inner\" style=\"position: relative;\">"
					},
					{
						"html": "<ul class=\"bp-menu-list\"></ul>"
					},
					{
						"html": "<div class=\"col is-8 is-offset-1-desktop is-12-touch print-content\">"
					},
					{
						"html": "<div class=\"row\">"
					},
					{
						"html": "<div class=\"col\">"
					},
					{
						"html": "<div class=\"content\">"
					},
					{
						"html": "<strong>GovTech ReCONNECT</strong>"
					},
					{
						"html": "<a href=\"https://www.go.gov.sg/govtechreconnect\" target=\"_blank\">Join the GovTech ReCONNECT community</a>"
					},
					{
						"html": "<img src=\"https://d33wubrfki0l68.cloudfront.net/e261b63aac8266d200073fd9265e471d44668436/dec92/images/careers/govtech_reconnect.png\" alt=\"GOVTECH ReCONNECT\">"
					},
					{
						"html": "<hr>"
					},
					{
						"html": "<h5><b>Related Content</b></h5>"
					},
					{
						"html": "<b>Related Content</b>"
					},
					{
						"html": "<ul id=\"related-content-list\">"
					},
					{
						"html": "<li>"
					},
					{
						"html": "<a href=\"https://www.tech.gov.sg/digital-government-perception-survey/?utm_medium=recommender_0&amp;utm_source=aHR0cHM6Ly93d3cudGVjaC5nb3Yuc2cvY2FyZWVycy90aGUtZ292dGVjaC1uZXR3b3JrLw==&amp;utm_content=aHR0cHM6Ly93d3cudGVjaC5nb3Yuc2cvZGlnaXRhbC1nb3Zlcm5tZW50LXBlcmNlcHRpb24tc3VydmV5Lw==\" \"=\"\">"
					},
					{
						"html": "<li>"
					},
					{
						"html": "<a href=\"https://www.tech.gov.sg/media/technews/infographics/govtech-year-in-review-2018?utm_medium=recommender_1&amp;utm_source=aHR0cHM6Ly93d3cudGVjaC5nb3Yuc2cvY2FyZWVycy90aGUtZ292dGVjaC1uZXR3b3JrLw==&amp;utm_content=aHR0cHM6Ly93d3cudGVjaC5nb3Yuc2cvbWVkaWEvdGVjaG5ld3MvaW5mb2dyYXBoaWNzL2dvdnRlY2gteWVhci1pbi1yZXZpZXctMjAxOA==\" \"=\"\">"
					},
					{
						"html": "<li>"
					},
					{
						"html": "<a href=\"https://www.tech.gov.sg/media/corporate-publications/past-ida-corporate-brochures?utm_medium=recommender_2&amp;utm_source=aHR0cHM6Ly93d3cudGVjaC5nb3Yuc2cvY2FyZWVycy90aGUtZ292dGVjaC1uZXR3b3JrLw==&amp;utm_content=aHR0cHM6Ly93d3cudGVjaC5nb3Yuc2cvbWVkaWEvY29ycG9yYXRlLXB1YmxpY2F0aW9ucy9wYXN0LWlkYS1jb3Jwb3JhdGUtYnJvY2h1cmVz\" \"=\"\">"
					},
					{
						"html": "<li>"
					},
					{
						"html": "<a href=\"https://www.tech.gov.sg/media/technews/infographics/fast-track-to-5g-in-sg?utm_medium=recommender_3&amp;utm_source=aHR0cHM6Ly93d3cudGVjaC5nb3Yuc2cvY2FyZWVycy90aGUtZ292dGVjaC1uZXR3b3JrLw==&amp;utm_content=aHR0cHM6Ly93d3cudGVjaC5nb3Yuc2cvbWVkaWEvdGVjaG5ld3MvaW5mb2dyYXBoaWNzL2Zhc3QtdHJhY2stdG8tNWctaW4tc2c=\" \"=\"\">"
					},
					{
						"html": "<li>"
					},
					{
						"html": "<a href=\"https://www.tech.gov.sg/media/corporate-publications/annual-reports?utm_medium=recommender_4&amp;utm_source=aHR0cHM6Ly93d3cudGVjaC5nb3Yuc2cvY2FyZWVycy90aGUtZ292dGVjaC1uZXR3b3JrLw==&amp;utm_content=aHR0cHM6Ly93d3cudGVjaC5nb3Yuc2cvbWVkaWEvY29ycG9yYXRlLXB1YmxpY2F0aW9ucy9hbm51YWwtcmVwb3J0cw==\" \"=\"\">"
					},
					{
						"html": "<div class=\"col is-1 has-float-btns is-position-relative is-hidden-touch\">"
					},
					{
						"html": "<div class=\"float-buttons\">"
					},
					{
						"html": "<div class=\"inner-wrapper-sticky\" style=\"position: relative;\">"
					},
					{
						"html": "<div class=\"actionbar__inner\">\n            <button class=\"bp-button\" id=\"print-button\">\n              <i class=\"sgds-icon sgds-icon-print is-size-4\">\n              </i>\n            </button>\n        </div>"
					},
					{
						"html": "<button class=\"bp-button\" id=\"print-button\">\n              <i class=\"sgds-icon sgds-icon-print is-size-4\">\n              </i>\n            </button>"
					},
					{
						"html": "<i class=\"sgds-icon sgds-icon-print is-size-4\">\n              </i>"
					},
					{
						"html": "<div class=\"actionbar__inner padding--top--sm\">"
					},
					{
						"html": "<button class=\"bp-button\" id=\"copy-link\">\n              <i class=\"sgds-icon sgds-icon-link is-size-4\">\n              </i>\n            </button>"
					},
					{
						"html": "<i class=\"sgds-icon sgds-icon-link is-size-4\">\n              </i>"
					},
					{
						"html": "<div class=\"actionbar__inner padding--top--sm\">"
					},
					{
						"html": "<a href=\"mailto:?Subject=Our Alumni Network&amp;Body= https://www.tech.gov.sg/careers/the-govtech-network/\">\n            <button class=\"bp-button\">\n            <i class=\"sgds-icon sgds-icon-mail is-size-4\">\n            </i>\n            </button>\n            </a>"
					},
					{
						"html": "<button class=\"bp-button\">\n            <i class=\"sgds-icon sgds-icon-mail is-size-4\">\n            </i>\n            </button>"
					},
					{
						"html": "<i class=\"sgds-icon sgds-icon-mail is-size-4\">\n            </i>"
					},
					{
						"html": "<div class=\"actionbar__inner padding--top--sm\">"
					},
					{
						"html": "<a href=\"http://www.facebook.com/sharer.php?u=https://www.tech.gov.sg/careers/the-govtech-network/\" target=\"_blank\">\n            <button class=\"bp-button\">\n              <i class=\"sgds-icon sgds-icon-facebook-alt is-size-4\">\n              </i>\n            </button>\n            </a>"
					},
					{
						"html": "<button class=\"bp-button\">\n              <i class=\"sgds-icon sgds-icon-facebook-alt is-size-4\">\n              </i>\n            </button>"
					},
					{
						"html": "<i class=\"sgds-icon sgds-icon-facebook-alt is-size-4\">\n              </i>"
					},
					{
						"html": "<div class=\"actionbar__inner padding--top--sm\">"
					},
					{
						"html": "<a href=\"https://www.linkedin.com/sharing/share-offsite/?url=https://www.tech.gov.sg/careers/the-govtech-network/&amp;title=Our Alumni Network\" target=\"_blank\">"
					},
					{
						"html": "<button class=\"bp-button\">\n              <i class=\"sgds-icon sgds-icon-linkedin-alt is-size-4\">\n              </i>\n            </button>"
					},
					{
						"html": "<i class=\"sgds-icon sgds-icon-linkedin-alt is-size-4\">\n              </i>"
					},
					{
						"html": "<footer class=\"bp-footer top-section\" onclick=\"\">"
					},
					{
						"html": "<div class=\"bp-container \">"
					},
					{
						"html": "<div class=\"row\">\n            <div class=\"col header padding--top--lg padding--bottom--lg\">\n                <h5 class=\"sub-header has-text-white\"><b>Government Technology Agency</b></h5>\n            </div>\n        </div>"
					},
					{
						"html": "<div class=\"col header padding--top--lg padding--bottom--lg\">\n                <h5 class=\"sub-header has-text-white\"><b>Government Technology Agency</b></h5>\n            </div>"
					},
					{
						"html": "<h5 class=\"sub-header has-text-white\"><b>Government Technology Agency</b></h5>"
					},
					{
						"html": "<b>Government Technology Agency</b>"
					},
					{
						"html": "<div class=\"row is-top\">"
					},
					{
						"html": "<div class=\"row col is-four-fifths is-multiline is-hidden-mobile\">"
					},
					{
						"html": "<div class=\"col is-one-quarter is-hidden-mobile padding--bottom--lg is-left\">"
					},
					{
						"html": "<p class=\"sub-header\"><b><a class=\"has-text-white\" href=\"/digital-government-transformation/\">Digital Gov Transformation</a></b></p>"
					},
					{
						"html": "<b><a class=\"has-text-white\" href=\"/digital-government-transformation/\">Digital Gov Transformation</a></b>"
					},
					{
						"html": "<a class=\"has-text-white\" href=\"/digital-government-transformation/\">Digital Gov Transformation</a>"
					},
					{
						"html": "<p class=\"is-hidden-mobile\"><a href=\"/digital-government-transformation/\">Overview</a></p>"
					},
					{
						"html": "<a href=\"/digital-government-transformation/\">Overview</a>"
					},
					{
						"html": "<p class=\"is-hidden-mobile\"><a href=\"/digital-government-blueprint/\">Digital Government Blueprint</a></p>"
					},
					{
						"html": "<a href=\"/digital-government-blueprint/\">Digital Government Blueprint</a>"
					},
					{
						"html": "<p class=\"is-hidden-mobile\"><a href=\"/singapore-digital-government-journey/\">Singapore Digital Government Journey</a></p>"
					},
					{
						"html": "<a href=\"/singapore-digital-government-journey/\">Singapore Digital Government Journey</a>"
					},
					{
						"html": "<p class=\"is-hidden-mobile\"><a href=\"/international-partnerships/\">International Partnerships</a></p>"
					},
					{
						"html": "<a href=\"/international-partnerships/\">International Partnerships</a>"
					},
					{
						"html": "<p class=\"is-hidden-mobile\"><a href=\"/products-and-services/\">Products and Services</a></p>"
					},
					{
						"html": "<a href=\"/products-and-services/\">Products and Services</a>"
					},
					{
						"html": "<p class=\"is-hidden-mobile\"><a href=\"/digital-standards-and-guides/\">Digital Standards and Guides</a></p>"
					},
					{
						"html": "<a href=\"/digital-standards-and-guides/\">Digital Standards and Guides</a>"
					},
					{
						"html": "<p class=\"is-hidden-mobile\"><a href=\"/get-involved/\">Get Involved</a></p>"
					},
					{
						"html": "<a href=\"/get-involved/\">Get Involved</a>"
					},
					{
						"html": "<div class=\"col is-one-quarter is-hidden-mobile padding--bottom--lg is-left\">"
					},
					{
						"html": "<p class=\"sub-header\"><b><a class=\"has-text-white\" href=\"/who-we-are/our-role/\">Who We Are</a></b></p>"
					},
					{
						"html": "<b><a class=\"has-text-white\" href=\"/who-we-are/our-role/\">Who We Are</a></b>"
					},
					{
						"html": "<a class=\"has-text-white\" href=\"/who-we-are/our-role/\">Who We Are</a>"
					},
					{
						"html": "<p class=\"is-hidden-mobile\"><a href=\"/who-we-are/our-role/\">Our Role</a></p>"
					},
					{
						"html": "<a href=\"/who-we-are/our-role/\">Our Role</a>"
					},
					{
						"html": "<p class=\"is-hidden-mobile\"><a href=\"/who-we-are/our-journey/\">Our Journey</a></p>"
					},
					{
						"html": "<a href=\"/who-we-are/our-journey/\">Our Journey</a>"
					},
					{
						"html": "<p class=\"is-hidden-mobile\"><a href=\"/who-we-are/our-culture-and-values/\">Our Culture and Values</a></p>"
					},
					{
						"html": "<a href=\"/who-we-are/our-culture-and-values/\">Our Culture and Values</a>"
					},
					{
						"html": "<p class=\"is-hidden-mobile\"><a href=\"/who-we-are/our-digital-government-rankings/\">Our Digital Government Rankings</a></p>"
					},
					{
						"html": "<a href=\"/who-we-are/our-digital-government-rankings/\">Our Digital Government Rankings</a>"
					},
					{
						"html": "<p class=\"is-hidden-mobile\"><a href=\"/who-we-are/our-statistics/\">Our Statistics</a></p>"
					},
					{
						"html": "<a href=\"/who-we-are/our-statistics/\">Our Statistics</a>"
					},
					{
						"html": "<p class=\"is-hidden-mobile\"><a href=\"/who-we-are/our-team/\">Our Team</a></p>"
					},
					{
						"html": "<a href=\"/who-we-are/our-team/\">Our Team</a>"
					},
					{
						"html": "<div class=\"col is-one-quarter is-hidden-mobile padding--bottom--lg is-left\">"
					},
					{
						"html": "<p class=\"sub-header\"><b><a class=\"has-text-white\" href=\"/careers/overview\">Careers</a></b></p>"
					},
					{
						"html": "<b><a class=\"has-text-white\" href=\"/careers/overview\">Careers</a></b>"
					},
					{
						"html": "<a class=\"has-text-white\" href=\"/careers/overview\">Careers</a>"
					},
					{
						"html": "<p class=\"is-hidden-mobile\"><a href=\"/careers/how-we-hire/\">How We Hire</a></p>"
					},
					{
						"html": "<a href=\"/careers/how-we-hire/\">How We Hire</a>"
					},
					{
						"html": "<p class=\"is-hidden-mobile\"><a href=\"/careers/how-we-work/\">How We Work</a></p>"
					},
					{
						"html": "<a href=\"/careers/how-we-work/\">How We Work</a>"
					},
					{
						"html": "<p class=\"is-hidden-mobile\"><a href=\"/careers/students-and-graduates/\">Students and Graduates</a></p>"
					},
					{
						"html": "<a href=\"/careers/students-and-graduates/\">Students and Graduates</a>"
					},
					{
						"html": "<p class=\"is-hidden-mobile\"><a href=\"/careers/smart-nation-fellowship-programme/\">Smart Nation Fellowship Programme</a></p>"
					},
					{
						"html": "<a href=\"/careers/smart-nation-fellowship-programme/\">Smart Nation Fellowship Programme</a>"
					},
					{
						"html": "<p class=\"is-hidden-mobile\"><a href=\"/careers/the-govtech-network/\">Our Alumni Network</a></p>"
					},
					{
						"html": "<a href=\"/careers/the-govtech-network/\">Our Alumni Network</a>"
					},
					{
						"html": "<p class=\"is-hidden-mobile\"><a href=\"https://go.gov.sg/govtechjobs\" target=\"_blank\" rel=\"noreferrer\">Apply Now</a></p>"
					},
					{
						"html": "<a href=\"https://go.gov.sg/govtechjobs\" target=\"_blank\" rel=\"noreferrer\">Apply Now</a>"
					},
					{
						"html": "<div class=\"col is-one-quarter is-hidden-mobile padding--bottom--lg is-left\">"
					},
					{
						"html": "<p class=\"sub-header\"><b><a class=\"has-text-white\" href=\"/media/\">Media</a></b></p>"
					},
					{
						"html": "<b><a class=\"has-text-white\" href=\"/media/\">Media</a></b>"
					},
					{
						"html": "<a class=\"has-text-white\" href=\"/media/\">Media</a>"
					},
					{
						"html": "<p class=\"is-hidden-mobile\"><a href=\"/media/\">All</a></p>"
					},
					{
						"html": "<a href=\"/media/\">All</a>"
					},
					{
						"html": "<p class=\"is-hidden-mobile\"><a href=\"/media/corporate-publications/\">Corporate Publications</a></p>"
					},
					{
						"html": "<a href=\"/media/corporate-publications/\">Corporate Publications</a>"
					},
					{
						"html": "<p class=\"is-hidden-mobile\"><a href=\"/media/events/\">Events</a></p>"
					},
					{
						"html": "<a href=\"/media/events/\">Events</a>"
					},
					{
						"html": "<p class=\"is-hidden-mobile\"><a href=\"/media/media-releases/\">Media Releases</a></p>"
					},
					{
						"html": "<a href=\"/media/media-releases/\">Media Releases</a>"
					},
					{
						"html": "<p class=\"is-hidden-mobile\"><a href=\"/media/speeches/\">Speeches</a></p>"
					},
					{
						"html": "<a href=\"/media/speeches/\">Speeches</a>"
					},
					{
						"html": "<p class=\"is-hidden-mobile\"><a href=\"/media/technews/\">TechNews</a></p>"
					},
					{
						"html": "<a href=\"/media/technews/\">TechNews</a>"
					},
					{
						"html": "<p class=\"is-hidden-mobile\"><a href=\"/media/blogs/listing\">Blogs</a></p>"
					},
					{
						"html": "<a href=\"/media/blogs/listing\">Blogs</a>"
					},
					{
						"html": "<p class=\"is-hidden-mobile\"><a href=\"/media/advisory/\">Advisory</a></p>"
					},
					{
						"html": "<a href=\"/media/advisory/\">Advisory</a>"
					},
					{
						"html": "<p class=\"is-hidden-mobile\"><a href=\"/media/awards/\">Awards</a></p>"
					},
					{
						"html": "<a href=\"/media/awards/\">Awards</a>"
					},
					{
						"html": "<div class=\"col is-one-fifth is-hidden-mobile is-hidden-tablet-only\" id=\"social-link-desktop\">"
					},
					{
						"html": "<a href=\"https://www.facebook.com/GovTechSG\" target=\"_blank\" class=\"social-link padding--right padding--bottom is-inline-block\" rel=\"noreferrer\"><span class=\"sgds-icon sgds-icon-facebook is-size-4\" title=\"Facebook\"></span></a>"
					},
					{
						"html": "<span class=\"sgds-icon sgds-icon-facebook is-size-4\" title=\"Facebook\"></span>"
					},
					{
						"html": "<a href=\"https://www.twitter.com/GovTechSG\" target=\"_blank\" class=\"social-link padding--right padding--bottom is-inline-block\" rel=\"noreferrer\"><span class=\"sgds-icon sgds-icon-twitter is-size-4\" title=\"Twitter\"></span></a>"
					},
					{
						"html": "<span class=\"sgds-icon sgds-icon-twitter is-size-4\" title=\"Twitter\"></span>"
					},
					{
						"html": "<a href=\"https://www.youtube.com/GovTechSG\" target=\"_blank\" class=\"social-link padding--right padding--bottom is-inline-block\" rel=\"noreferrer\"><span class=\"sgds-icon sgds-icon-youtube is-size-4\" title=\"YouTube\"></span></a>"
					},
					{
						"html": "<span class=\"sgds-icon sgds-icon-youtube is-size-4\" title=\"YouTube\"></span>"
					},
					{
						"html": "<a href=\"https://www.instagram.com/govtechsg/?hl=en\" target=\"_blank\" class=\"social-link padding--right padding--bottom is-inline-block\" rel=\"noreferrer\"><span class=\"sgds-icon sgds-icon-instagram is-size-4\" title=\"Instagram\"></span></a>"
					},
					{
						"html": "<span class=\"sgds-icon sgds-icon-instagram is-size-4\" title=\"Instagram\"></span>"
					},
					{
						"html": "<a href=\"https://www.linkedin.com/company/GovTech-Singapore\" target=\"_blank\" class=\"social-link padding--bottom is-inline-block\" rel=\"noreferrer\"><span class=\"sgds-icon sgds-icon-linkedin is-size-4\" title=\"LinkedIn\"></span></a>"
					},
					{
						"html": "<span class=\"sgds-icon sgds-icon-linkedin is-size-4\" title=\"LinkedIn\"></span>"
					},
					{
						"html": "<div class=\"row\">"
					},
					{
						"html": "<div class=\"col padding--top--sm padding--bottom--sm is-right-desktop-only\">"
					},
					{
						"html": "<ul>"
					},
					{
						"html": "<li><a href=\"https://www.tech.gov.sg/report_vulnerability/\">Report Vulnerability</a></li>"
					},
					{
						"html": "<a href=\"https://www.tech.gov.sg/report_vulnerability/\">Report Vulnerability</a>"
					},
					{
						"html": "<li><a href=\"/privacy/\">Privacy Statement</a></li>"
					},
					{
						"html": "<a href=\"/privacy/\">Privacy Statement</a>"
					},
					{
						"html": "<li><a href=\"/terms-of-use/\">Terms of Use</a></li>"
					},
					{
						"html": "<a href=\"/terms-of-use/\">Terms of Use</a>"
					},
					{
						"html": "<li class=\"is-inline-block-desktop-only\">\n                  <p><a href=\"/contact-us/\">Contact Us</a></p>\n              </li>"
					},
					{
						"html": "<p><a href=\"/contact-us/\">Contact Us</a></p>"
					},
					{
						"html": "<a href=\"/contact-us/\">Contact Us</a>"
					},
					{
						"html": "<footer class=\"bp-footer bottom-section\" onclick=\"\">"
					},
					{
						"html": "<div class=\"bp-container\">"
					},
					{
						"html": "<div class=\"row is-vcentered\">\n              <div class=\"col padding--top--md padding--bottom--md\">\n                  <div class=\"col divider padding--top--none padding--bottom--none\"></div>\n              </div>\n          </div>"
					},
					{
						"html": "<div class=\"col padding--top--md padding--bottom--md\">\n                  <div class=\"col divider padding--top--none padding--bottom--none\"></div>\n              </div>"
					},
					{
						"html": "<div class=\"col divider padding--top--none padding--bottom--none\"></div>"
					},
					{
						"html": "<div class=\"row is-vcentered\">"
					},
					{
						"html": "<div class=\"col has-text-left-desktop has-text-left-tablet has-text-left-mobile\">"
					},
					{
						"html": "<ul>"
					},
					{
						"html": "<li>"
					},
					{
						"html": "<p class=\"footer-credits\">"
					},
					{
						"html": "<a href=\"https://www.isomer.gov.sg/\" target=\"_blank\" rel=\"noreferrer\">Created with <img src=\"https://d33wubrfki0l68.cloudfront.net/7bc26ce7839bcc7a936ec9c308ac45665449bc82/52d82/assets/img/isomer_logo.svg\" alt=\"Isomer Logo\"></a>"
					},
					{
						"html": "<img src=\"https://d33wubrfki0l68.cloudfront.net/7bc26ce7839bcc7a936ec9c308ac45665449bc82/52d82/assets/img/isomer_logo.svg\" alt=\"Isomer Logo\">"
					},
					{
						"html": "<li>"
					},
					{
						"html": "<p class=\"footer-credits\">"
					},
					{
						"html": "<a href=\"https://www.open.gov.sg/\" target=\"_blank\" rel=\"noreferrer\">Built by <img src=\"https://d33wubrfki0l68.cloudfront.net/c2bb36a32e45d17d45480da41cb77ed18a9d0c76/58074/assets/img/ogp_logo.svg\" alt=\"Open Government Products Logo\"></a>"
					},
					{
						"html": "<img src=\"https://d33wubrfki0l68.cloudfront.net/c2bb36a32e45d17d45480da41cb77ed18a9d0c76/58074/assets/img/ogp_logo.svg\" alt=\"Open Government Products Logo\">"
					},
					{
						"html": "<div class=\"col has-text-right-desktop is-hidden-mobile is-hidden-tablet-only\">\n                  <p class=\"footer-credits\">\n                      © 2023\n                          Government Technology Agency, Last Updated 08 Aug 2023</p>\n              </div>"
					},
					{
						"html": "<p class=\"footer-credits\">\n                      © 2023\n                          Government Technology Agency, Last Updated 08 Aug 2023</p>"
					},
					{
						"html": "<div class=\"row is-vcentered padding--top--sm\">"
					},
					{
						"html": "<div id=\"webchat\" app-id=\"gt-ask-gayle\" app-name=\"AskGayle\" app-color=\"#B41E8E\" app-icon=\"https://www.tech.gov.sg/images/AskGayle-gif.gif\" app-subtitle=\"\" app-welcome-message=\"Chat with Gayle!\" app-base-font-size=\"16\" app-position-right=\"40\" app-position-bottom=\"40\" app-enable-auto-complete=\"true\" app-enable-recommendations=\"false\" app-auto-launch=\"false\" app-bot-response-trigger-event=\"false\" app-quick-launch-event=\"welcome\" app-foreground-color1=\"#F5F5F5\" app-foreground-color-2=\"#4D4D4F\" app-background-color2=\"#F5F5F5\" app-canvas-background-color=\"#E3E3E3\" app-button-border-color=\"#B41E8E\" app-quick-reply-button-background-color=\"#F5F5F5\" app-auto-complete-background-color=\"#E5CFE0\" app-auto-complete-foreground-color=\"#4D4D4F\" app-auto-complete-hover-color=\"#E2ABD4\" app-auto-complete-divider-color=\"#B41E8E\" app-recommendations-background-color=\"#E5CFE0\" app-recommendations-foreground-color=\"#4D4D4F\" app-recommendations-hover-color=\"#E2ABD4\" app-launcher-animation-iteration=\"0\" app-orchestrator-timeout=\"8000\" app-font-family=\"Lato\">"
					},
					{
						"html": "<div id=\"webchat-container\">"
					},
					{
						"html": "<div class=\"sc-bdVaJa jQBDtH\">"
					},
					{
						"html": "<div class=\"sc-bxivhb guHdZc\">"
					},
					{
						"html": "<div class=\"sc-ifAKCX exDVjZ\"><svg class=\"webchat-MuiSvgIcon-root webchat-MuiSvgIcon-fontSizeInherit\" focusable=\"false\" viewBox=\"0 0 24 24\" aria-hidden=\"true\"><path d=\"M19 6.41L17.59 5 12 10.59 6.41 5 5 6.41 10.59 12 5 17.59 6.41 19 12 13.41 17.59 19 19 17.59 13.41 12z\"></path></svg></div>"
					},
					{
						"html": "<img alt=\"Bot Launcher\" src=\"https://www.tech.gov.sg/images/AskGayle-gif.gif\" class=\"sc-htpNat iUqtne\">"
					},
					{
						"html": "<wog-sentiments class=\"needsclick\"></wog-sentiments>"
					},
					{
						"html": "<div id=\"wog--sentiments-content\">"
					},
					{
						"html": "<wog-floating-action-button><div class=\"wog--flex wog--items-center wog--justify-center wog--inline-flex wog--floating-button wog--float-bottom-left\" tabindex=\"0\" role=\"button\" aria-label=\"Help us improve popup\"><wog-icon-smiley-face></wog-icon-smiley-face></div></wog-floating-action-button>"
					},
					{
						"html": "<div class=\"wog--flex wog--items-center wog--justify-center wog--inline-flex wog--floating-button wog--float-bottom-left\" tabindex=\"0\" role=\"button\" aria-label=\"Help us improve popup\"><wog-icon-smiley-face></wog-icon-smiley-face></div>"
					},
					{
						"html": "<wog-icon-smiley-face></wog-icon-smiley-face>"
					}
				]
			},
			"scrollable-region-focusable": {
				"description": "Scrollable region must have keyboard access",
				"helpUrl": "https://dequeuniversity.com/rules/axe/4.7/scrollable-region-focusable?application=purple-hats",
				"conformance": [
					"wcag2a",
					"wcag211"
				],
				"totalItems": 1,
				"items": [
					{
						"html": "<html lang=\"en\" class=\" js flexbox flexboxlegacy canvas canvastext webgl no-touch geolocation postmessage websqldatabase indexeddb hashchange history draganddrop websockets rgba hsla multiplebgs backgroundsize borderimage borderradius boxshadow textshadow opacity cssanimations csscolumns cssgradients cssreflections csstransforms csstransforms3d csstransitions fontface generatedcontent video audio localstorage sessionstorage webworkers no-applicationcache svg inlinesvg smil svgclippaths\">"
					}
				]
			},
			"tabindex": {
				"description": "Elements should not have tabindex greater than zero",
				"helpUrl": "https://dequeuniversity.com/rules/axe/4.7/tabindex?application=purple-hats",
				"conformance": [
					"best-practice"
				],
				"totalItems": 1,
				"items": [
					{
						"html": "<div class=\"wog--flex wog--items-center wog--justify-center wog--inline-flex wog--floating-button wog--float-bottom-left\" tabindex=\"0\" role=\"button\" aria-label=\"Help us improve popup\"><wog-icon-smiley-face></wog-icon-smiley-face></div>"
					}
				]
			}
		}
	}
}