{
    "startTime": "21 Jul 2023, 3:29 pm",
    "urlScanned": "http://localhost:3000/",
    "scanType": "Website",
    "viewport": "Desktop",
    "pagesScanned": [
        {
            "url": "http://localhost:3000/",
            "pageTitle": "My Website"
        }
    ],
    "totalPagesScanned": 1,
    "totalItems": 42,
    "topFiveMostIssues": [
        {
            "url": "http://localhost:3000/",
            "pageTitle": "My Website",
            "totalIssues": 3
        }
    ],
    "wcagViolations": [],
    "items": {
        "mustFix": {
            "description": "Issues that need to be addressed promptly, as they create significant barriers for persons with disabilities and can prevent them from accessing essential content or features.",
            "totalItems": 0,
            "rules": []
        },
        "goodToFix": {
            "description": "Issues that could pose certain challenges for persons with disabilities (PWDs), but are unlikely to completely hinder their access to essential content or features.",
            "totalItems": 10,
            "rules": [
                {
                    "rule": "region",
                    "description": "All page content should be contained by landmarks",
                    "helpUrl": "https://dequeuniversity.com/rules/axe/4.6/region?application=purple-hats",
                    "conformance": [
                        "best-practice"
                    ],
                    "totalItems": 8,
                    "pagesAffected": [
                        {
                            "url": "http://localhost:3000/",
                            "pageTitle": "My Website",
                            "items": [
                                {
                                    "html": "<p>Click the link below to go to the 404 page:</p>",
                                    "message": "Fix any of the following:\n  Some page content is not contained by landmarks"
                                },
                                {
                                    "html": "<a href=\"nonexistent_page.html\">Go to 404 Page</a>",
                                    "message": "Fix any of the following:\n  Some page content is not contained by landmarks"
                                },
                                {
                                    "html": "<a href=\"test.txt\">Go to text file</a>",
                                    "message": "Fix any of the following:\n  Some page content is not contained by landmarks"
                                },
                                {
                                    "html": "<a href=\"https://file-examples.com/storage/fee472ce6e64b122ba0c8b3/2017/04/file_example_MP4_480_1_5MG.mp4\">Go to mp4</a>",
                                    "message": "Fix any of the following:\n  Some page content is not contained by landmarks"
                                },
                                {
                                    "html": "<a href=\"KFOiCnqEu92Fr1Mu51QrEzQdL_nz.woff2\">Go to woff</a>",
                                    "message": "Fix any of the following:\n  Some page content is not contained by landmarks"
                                },
                                {
                                    "html": "<a href=\"SOMEPDF.pdf\">Go PDF page</a>",
                                    "message": "Fix any of the following:\n  Some page content is not contained by landmarks"
                                },
                                {
                                    "html": "<a href=\"IMG_1851.jpg\">Go JPG page</a>",
                                    "message": "Fix any of the following:\n  Some page content is not contained by landmarks"
                                },
                                {
                                    "html": "<a href=\"purple-hats-logo.svg\">Go svg page</a>",
                                    "message": "Fix any of the following:\n  Some page content is not contained by landmarks"
                                }
                            ]
                        }
                    ]
                },
                {
                    "rule": "landmark-one-main",
                    "description": "Document should have one main landmark",
                    "helpUrl": "https://dequeuniversity.com/rules/axe/4.6/landmark-one-main?application=purple-hats",
                    "conformance": [
                        "best-practice"
                    ],
                    "totalItems": 1,
                    "pagesAffected": [
                        {
                            "url": "http://localhost:3000/",
                            "pageTitle": "My Website",
                            "items": [
                                {
                                    "html": "<html lang=\"en\">",
                                    "message": "Fix all of the following:\n  Document does not have a main landmark"
                                }
                            ]
                        }
                    ]
                },
                {
                    "rule": "page-has-heading-one",
                    "description": "Page should contain a level-one heading",
                    "helpUrl": "https://dequeuniversity.com/rules/axe/4.6/page-has-heading-one?application=purple-hats",
                    "conformance": [
                        "best-practice"
                    ],
                    "totalItems": 1,
                    "pagesAffected": [
                        {
                            "url": "http://localhost:3000/",
                            "pageTitle": "My Website",
                            "items": [
                                {
                                    "html": "<html lang=\"en\">",
                                    "message": "Fix all of the following:\n  Page must have a level-one heading"
                                }
                            ]
                        }
                    ]
                }
            ]
        },
        "passed": {
            "description": "Occurrences that passed the automated checks.",
            "totalItems": 32,
            "rules": [
                {
                    "rule": "region",
                    "description": "All page content should be contained by landmarks",
                    "helpUrl": "https://dequeuniversity.com/rules/axe/4.6/region?application=purple-hats",
                    "conformance": [
                        "best-practice"
                    ],
                    "totalItems": 10,
                    "pagesAffected": [
                        {
                            "url": "http://localhost:3000/",
                            "pageTitle": "My Website",
                            "items": [
                                {
                                    "html": "<br>"
                                },
                                {
                                    "html": "<br>"
                                },
                                {
                                    "html": "<br>"
                                },
                                {
                                    "html": "<br>"
                                },
                                {
                                    "html": "<br>"
                                },
                                {
                                    "html": "<br>"
                                },
                                {
                                    "html": "<br>"
                                },
                                {
                                    "html": "<br>"
                                },
                                {
                                    "html": "<br>"
                                },
                                {
                                    "html": "<br>"
                                }
                            ]
                        }
                    ]
                },
                {
                    "rule": "color-contrast",
                    "description": "Elements must have sufficient color contrast",
                    "helpUrl": "https://dequeuniversity.com/rules/axe/4.6/color-contrast?application=purple-hats",
                    "conformance": [
                        "wcag2aa",
                        "wcag143"
                    ],
                    "totalItems": 8,
                    "pagesAffected": [
                        {
                            "url": "http://localhost:3000/",
                            "pageTitle": "My Website",
                            "items": [
                                {
                                    "html": "<p>Click the link below to go to the 404 page:</p>"
                                },
                                {
                                    "html": "<a href=\"nonexistent_page.html\">Go to 404 Page</a>"
                                },
                                {
                                    "html": "<a href=\"test.txt\">Go to text file</a>"
                                },
                                {
                                    "html": "<a href=\"https://file-examples.com/storage/fee472ce6e64b122ba0c8b3/2017/04/file_example_MP4_480_1_5MG.mp4\">Go to mp4</a>"
                                },
                                {
                                    "html": "<a href=\"KFOiCnqEu92Fr1Mu51QrEzQdL_nz.woff2\">Go to woff</a>"
                                },
                                {
                                    "html": "<a href=\"SOMEPDF.pdf\">Go PDF page</a>"
                                },
                                {
                                    "html": "<a href=\"IMG_1851.jpg\">Go JPG page</a>"
                                },
                                {
                                    "html": "<a href=\"purple-hats-logo.svg\">Go svg page</a>"
                                }
                            ]
                        }
                    ]
                },
                {
                    "rule": "link-name",
                    "description": "Links must have discernible text",
                    "helpUrl": "https://dequeuniversity.com/rules/axe/4.6/link-name?application=purple-hats",
                    "conformance": [
                        "wcag2a",
                        "wcag412",
                        "wcag244"
                    ],
                    "totalItems": 7,
                    "pagesAffected": [
                        {
                            "url": "http://localhost:3000/",
                            "pageTitle": "My Website",
                            "items": [
                                {
                                    "html": "<a href=\"nonexistent_page.html\">Go to 404 Page</a>"
                                },
                                {
                                    "html": "<a href=\"test.txt\">Go to text file</a>"
                                },
                                {
                                    "html": "<a href=\"https://file-examples.com/storage/fee472ce6e64b122ba0c8b3/2017/04/file_example_MP4_480_1_5MG.mp4\">Go to mp4</a>"
                                },
                                {
                                    "html": "<a href=\"KFOiCnqEu92Fr1Mu51QrEzQdL_nz.woff2\">Go to woff</a>"
                                },
                                {
                                    "html": "<a href=\"SOMEPDF.pdf\">Go PDF page</a>"
                                },
                                {
                                    "html": "<a href=\"IMG_1851.jpg\">Go JPG page</a>"
                                },
                                {
                                    "html": "<a href=\"purple-hats-logo.svg\">Go svg page</a>"
                                }
                            ]
                        }
                    ]
                },
                {
                    "rule": "aria-hidden-body",
                    "description": "aria-hidden='true' must not be present on the document body",
                    "helpUrl": "https://dequeuniversity.com/rules/axe/4.6/aria-hidden-body?application=purple-hats",
                    "conformance": [
                        "wcag2a",
                        "wcag412"
                    ],
                    "totalItems": 1,
                    "pagesAffected": [
                        {
                            "url": "http://localhost:3000/",
                            "pageTitle": "My Website",
                            "items": [
                                {
                                    "html": "<body>"
                                }
                            ]
                        }
                    ]
                },
                {
                    "rule": "document-title",
                    "description": "Documents must have <title> element to aid in navigation",
                    "helpUrl": "https://dequeuniversity.com/rules/axe/4.6/document-title?application=purple-hats",
                    "conformance": [
                        "wcag2a",
                        "wcag242"
                    ],
                    "totalItems": 1,
                    "pagesAffected": [
                        {
                            "url": "http://localhost:3000/",
                            "pageTitle": "My Website",
                            "items": [
                                {
                                    "html": "<html lang=\"en\">"
                                }
                            ]
                        }
                    ]
                },
                {
                    "rule": "html-has-lang",
                    "description": "<html> element must have a lang attribute",
                    "helpUrl": "https://dequeuniversity.com/rules/axe/4.6/html-has-lang?application=purple-hats",
                    "conformance": [
                        "wcag2a",
                        "wcag311"
                    ],
                    "totalItems": 1,
                    "pagesAffected": [
                        {
                            "url": "http://localhost:3000/",
                            "pageTitle": "My Website",
                            "items": [
                                {
                                    "html": "<html lang=\"en\">"
                                }
                            ]
                        }
                    ]
                },
                {
                    "rule": "html-lang-valid",
                    "description": "<html> element must have a valid value for the lang attribute",
                    "helpUrl": "https://dequeuniversity.com/rules/axe/4.6/html-lang-valid?application=purple-hats",
                    "conformance": [
                        "wcag2a",
                        "wcag311"
                    ],
                    "totalItems": 1,
                    "pagesAffected": [
                        {
                            "url": "http://localhost:3000/",
                            "pageTitle": "My Website",
                            "items": [
                                {
                                    "html": "<html lang=\"en\">"
                                }
                            ]
                        }
                    ]
                },
                {
                    "rule": "link-in-text-block",
                    "description": "Links must be distinguishable without relying on color",
                    "helpUrl": "https://dequeuniversity.com/rules/axe/4.6/link-in-text-block?application=purple-hats",
                    "conformance": [
                        "wcag2a",
                        "wcag141"
                    ],
                    "totalItems": 1,
                    "pagesAffected": [
                        {
                            "url": "http://localhost:3000/",
                            "pageTitle": "My Website",
                            "items": [
                                {
                                    "html": "<a href=\"nonexistent_page.html\">Go to 404 Page</a>"
                                }
                            ]
                        }
                    ]
                },
                {
                    "rule": "meta-viewport-large",
                    "description": "Users should be able to zoom and scale the text up to 500%",
                    "helpUrl": "https://dequeuniversity.com/rules/axe/4.6/meta-viewport-large?application=purple-hats",
                    "conformance": [
                        "best-practice"
                    ],
                    "totalItems": 1,
                    "pagesAffected": [
                        {
                            "url": "http://localhost:3000/",
                            "pageTitle": "My Website",
                            "items": [
                                {
                                    "html": "<meta name=\"viewport\" content=\"width=device-width, initial-scale=1.0\">"
                                }
                            ]
                        }
                    ]
                },
                {
                    "rule": "meta-viewport",
                    "description": "Zooming and scaling must not be disabled",
                    "helpUrl": "https://dequeuniversity.com/rules/axe/4.6/meta-viewport?application=purple-hats",
                    "conformance": [
                        "wcag2aa",
                        "wcag144"
                    ],
                    "totalItems": 1,
                    "pagesAffected": [
                        {
                            "url": "http://localhost:3000/",
                            "pageTitle": "My Website",
                            "items": [
                                {
                                    "html": "<meta name=\"viewport\" content=\"width=device-width, initial-scale=1.0\">"
                                }
                            ]
                        }
                    ]
                }
            ]
        }
    }
}