{
  "startTime": 1692675322088,
  "crawlType": "Custom Flow",
  "requestUrl": "https://www.tech.gov.sg/",
  "endTime": 1692675337525,
  "urlsCrawled": {
    "toScan": [],
    "scanned": [
      {
        "url": "https://www.tech.gov.sg/",
        "pageTitle": "Government Technology Agency"
      },
      {
        "url": "https://careers.tech.gov.sg/",
        "pageTitle": "Home"
      }
    ],
    "invalid": [],
    "scannedRedirects": [],
    "notScannedRedirects": [],
    "outOfDomain": [],
    "blacklisted": [],
    "exceededRequests": [],
    "forbidden": []
  }
}