{
  "startTime": 1689307251778,
  "crawlType": "Website",
  "requestUrl": "https://www.tech.gov.sg/",
  "endTime": 1689307376266,
  "urlsCrawled": {
    "toScan": [],
    "scanned": [
      {
        "url": "https://www.tech.gov.sg/",
        "pageTitle": "Government Technology Agency"
      },
      {
        "url": "https://www.tech.gov.sg/digital-government-transformation/",
        "pageTitle": "Digital Government Transformation"
      },
      {
        "url": "https://www.tech.gov.sg/digital-government-blueprint/",
        "pageTitle": "Digital Government Blueprint"
      },
      {
        "url": "https://www.tech.gov.sg/international-partnerships/",
        "pageTitle": "International Partnerships"
      },
      {
        "url": "https://www.tech.gov.sg/singapore-digital-government-journey/",
        "pageTitle": "Singapore Digital Government Journey"
      },
      {
        "url": "https://www.tech.gov.sg/digital-standards-and-guides/",
        "pageTitle": "Digital Standards and Guides"
      },
      {
        "url": "https://www.tech.gov.sg/get-involved/",
        "pageTitle": "Get Involved"
      },
      {
        "url": "https://www.tech.gov.sg/who-we-are/our-culture-and-values/",
        "pageTitle": "Our Culture and Values"
      },
      {
        "url": "https://www.tech.gov.sg/who-we-are/our-journey/",
        "pageTitle": "Our Journey"
      },
      {
        "url": "https://www.tech.gov.sg/who-we-are/our-digital-government-rankings/",
        "pageTitle": "Our Digital Government Rankings"
      }
    ],
    "invalid": [],
    "outOfDomain": []
  }
}