{
  "startTime": 1692255019385,
  "crawlType": "Website",
  "requestUrl": "https://www.tech.gov.sg/",
  "endTime": 1692255599699,
  "urlsCrawled": {
    "toScan": [],
    "scanned": [
      {
        "url": "https://www.tech.gov.sg/",
        "pageTitle": "Government Technology Agency"
      },
      {
        "url": "https://www.tech.gov.sg/digital-government-transformation/",
        "pageTitle": "Digital Government Transformation"
      },
      {
        "url": "https://www.tech.gov.sg/digital-government-blueprint/",
        "pageTitle": "Digital Government Blueprint"
      },
      {
        "url": "https://www.tech.gov.sg/international-partnerships/",
        "pageTitle": "International Partnerships"
      },
      {
        "url": "https://www.tech.gov.sg/products-and-services/",
        "pageTitle": "Products and Services"
      },
      {
        "url": "https://www.tech.gov.sg/singapore-digital-government-journey/",
        "pageTitle": "Singapore Digital Government Journey"
      },
      {
        "url": "https://www.tech.gov.sg/digital-standards-and-guides/",
        "pageTitle": "Digital Standards and Guides"
      },
      {
        "url": "https://www.tech.gov.sg/get-involved/",
        "pageTitle": "Get Involved"
      },
      {
        "url": "https://www.tech.gov.sg/who-we-are/our-role/",
        "pageTitle": "Our Role"
      },
      {
        "url": "https://www.tech.gov.sg/who-we-are/our-journey/",
        "pageTitle": "Our Journey"
      },
      {
        "url": "https://www.tech.gov.sg/who-we-are/our-culture-and-values/",
        "pageTitle": "Our Culture and Values"
      },
      {
        "url": "https://www.tech.gov.sg/who-we-are/our-digital-government-rankings/",
        "pageTitle": "Our Digital Government Rankings"
      },
      {
        "url": "https://www.tech.gov.sg/who-we-are/our-statistics/",
        "pageTitle": "Our Statistics"
      },
      {
        "url": "https://www.tech.gov.sg/who-we-are/our-team/",
        "pageTitle": "Our Team"
      },
      {
        "url": "https://www.tech.gov.sg/careers/overview",
        "pageTitle": "Careers",
        "actualUrl": "https://www.tech.gov.sg/careers/overview/"
      },
      {
        "url": "https://www.tech.gov.sg/careers/how-we-hire/",
        "pageTitle": "How We Hire"
      },
      {
        "url": "https://www.tech.gov.sg/careers/how-we-work/",
        "pageTitle": "How We Work"
      },
      {
        "url": "https://www.tech.gov.sg/careers/students-and-graduates/",
        "pageTitle": "Students and Graduates"
      },
      {
        "url": "https://www.tech.gov.sg/careers/smart-nation-fellowship-programme/",
        "pageTitle": "Smart Nation Fellowship Programme"
      },
      {
        "url": "https://www.tech.gov.sg/careers/the-govtech-network/",
        "pageTitle": "Our Alumni Network"
      },
      {
        "url": "https://www.tech.gov.sg/media/corporate-publications/",
        "pageTitle": "Media"
      },
      {
        "url": "https://www.tech.gov.sg/media/events/",
        "pageTitle": "Media"
      },
      {
        "url": "https://www.tech.gov.sg/media/media-releases/",
        "pageTitle": "Media"
      },
      {
        "url": "https://www.tech.gov.sg/media/advisory/",
        "pageTitle": "Advisory"
      },
      {
        "url": "https://www.tech.gov.sg/media/awards/",
        "pageTitle": "Awards"
      },
      {
        "url": "https://www.tech.gov.sg/media/blogs/listing",
        "pageTitle": "GovTech Medium Blogs"
      },
      {
        "url": "https://www.tech.gov.sg/media/speeches/",
        "pageTitle": "Media"
      },
      {
        "url": "https://www.tech.gov.sg/media/",
        "pageTitle": "Media"
      },
      {
        "url": "https://www.tech.gov.sg/contact-us/",
        "pageTitle": "Contact Us"
      },
      {
        "url": "https://www.tech.gov.sg/media/technews/",
        "pageTitle": "Media"
      },
      {
        "url": "https://www.tech.gov.sg/media/technews/subscribe/?",
        "pageTitle": "TechNews Newsletter",
        "actualUrl": "https://www.tech.gov.sg/media/technews/subscribe"
      },
      {
        "url": "https://www.tech.gov.sg/products-and-services/lifesg/?",
        "pageTitle": "LifeSG"
      },
      {
        "url": "https://www.tech.gov.sg/media/technews/homegrown-intiatives-to-beat-plastic-pollution",
        "pageTitle": "Homegrown Initiatives to #BeatPlasticPollution"
      },
      {
        "url": "https://www.tech.gov.sg/media/technews/international-self-care-day",
        "pageTitle": "International Self-Care Day – tips for wellness through mindful tech use"
      },
      {
        "url": "https://www.tech.gov.sg/products-and-services/singpass/?",
        "pageTitle": "Singpass"
      },
      {
        "url": "https://www.tech.gov.sg/products-and-services/gobusiness/?",
        "pageTitle": "GoBusiness Portal"
      },
      {
        "url": "https://www.tech.gov.sg/privacy/",
        "pageTitle": "Privacy"
      },
      {
        "url": "https://www.tech.gov.sg/report_vulnerability/",
        "pageTitle": "Vulnerability Disclosure Programme",
        "actualUrl": "https://www.tech.gov.sg/report_vulnerability"
      },
      {
        "url": "https://www.tech.gov.sg/media/technews/this-national-day-lets-work-towards-a-more-digitally-inclusive-singapore",
        "pageTitle": "This National Day, let’s work towards a more digitally inclusive Singapore"
      },
      {
        "url": "https://www.tech.gov.sg/terms-of-use/",
        "pageTitle": "Terms of Use"
      },
      {
        "url": "https://www.tech.gov.sg/capability-centre-gds",
        "pageTitle": "Application Design, Development & Deployment"
      },
      {
        "url": "https://www.tech.gov.sg/capability-centre-csg",
        "pageTitle": "Cybersecurity"
      },
      {
        "url": "https://www.tech.gov.sg/capability-centre-dsaid",
        "pageTitle": "Data Science and Artificial Intelligence"
      },
      {
        "url": "https://www.tech.gov.sg/capability-centre-gig",
        "pageTitle": "Government ICT Infrastructure"
      },
      {
        "url": "https://www.tech.gov.sg/capability-centre-sctd",
        "pageTitle": "Smart City Technology"
      },
      {
        "url": "https://www.tech.gov.sg/media/media-releases/government-to-partner-industry-to-spark-innovation-and-build-capabilities-in-a-smart-nation?",
        "pageTitle": "Government to Partner Industry to Spark Innovation and Build Capabilities in a Smart Nation"
      },
      {
        "url": "https://www.tech.gov.sg/digital-service-standards/?",
        "pageTitle": "Digital Service Standards"
      },
      {
        "url": "https://www.tech.gov.sg/media/technews/6-things-you-need-to-know-about-the-digital-government-blueprint?",
        "pageTitle": "6 things you need to know about the Digital Government Blueprint"
      },
      {
        "url": "https://www.tech.gov.sg/media/media-releases/newly-launched-govtech-to-transform-public-service-delivery-with-citizen-centric-digital-services-and-products?",
        "pageTitle": "Newly-launched GovTech to Transform Public Service Delivery with Citizen-centric Digital Services and Products"
      },
      {
        "url": "https://www.tech.gov.sg/media/technews/digital-government-blueprint?",
        "pageTitle": "Digital Government Blueprint"
      },
      {
        "url": "https://www.tech.gov.sg/media/technews/how-measuring-digital-maturity-can-improve-e-services?",
        "pageTitle": "How measuring digital maturity can help improve e-services"
      },
      {
        "url": "https://www.tech.gov.sg/singapore-digital-government-journey/tech-for-public-good",
        "pageTitle": "Tech For Public Good"
      },
      {
        "url": "https://www.tech.gov.sg/singapore-digital-government-journey/citizen-engagement-and-cocreation",
        "pageTitle": "Citizen Engagement and Co-creation"
      },
      {
        "url": "https://www.tech.gov.sg/singapore-digital-government-journey/user-and-business-journeys",
        "pageTitle": "User and Business Journeys"
      },
      {
        "url": "https://www.tech.gov.sg/singapore-digital-government-journey/ai-and-data-driven-government",
        "pageTitle": "Artificial Intelligence (AI) and Data Driven Government"
      },
      {
        "url": "https://www.tech.gov.sg/singapore-digital-government-journey/wog-platforms-and-tools",
        "pageTitle": "Whole of Government (WOG) Platforms and Tools"
      },
      {
        "url": "https://www.tech.gov.sg/singapore-digital-government-journey/digital-identity",
        "pageTitle": "Digital Identity"
      },
      {
        "url": "https://www.tech.gov.sg/singapore-digital-government-journey/diversity-and-inclusion",
        "pageTitle": "Diversity and Inclusion"
      },
      {
        "url": "https://www.tech.gov.sg/products-and-services/ask-jamie/",
        "pageTitle": "'Ask Jamie' Virtual Assistant"
      },
      {
        "url": "https://www.tech.gov.sg/products-and-services/building-products-and-services-for-everyone/",
        "pageTitle": "We build for everyone"
      },
      {
        "url": "https://www.tech.gov.sg/products-and-services/data-gov-sg/",
        "pageTitle": "Data.gov.sg"
      },
      {
        "url": "https://www.tech.gov.sg/products-and-services/government-qr-payment/",
        "pageTitle": "Government QR Payment"
      },
      {
        "url": "https://www.tech.gov.sg/products-and-services/business-grants-portal/",
        "pageTitle": "Business Grants Portal"
      },
      {
        "url": "https://www.tech.gov.sg/products-and-services/parents-gateway/",
        "pageTitle": "Parents Gateway"
      },
      {
        "url": "https://www.tech.gov.sg/products-and-services/parking-sg/",
        "pageTitle": "Parking.sg"
      },
      {
        "url": "https://www.tech.gov.sg/products-and-services/student-learning-space/",
        "pageTitle": "Student Learning Space"
      },
      {
        "url": "https://www.tech.gov.sg/products-and-services/crowdtasksg/",
        "pageTitle": "CrowdTaskSG"
      },
      {
        "url": "https://www.tech.gov.sg/singapore-digital-government-journey/cybersecurity",
        "pageTitle": "Cybersecurity"
      },
      {
        "url": "https://www.tech.gov.sg/products-and-services/tech-kaki-community/",
        "pageTitle": "Tech Kaki Community"
      },
      {
        "url": "https://www.tech.gov.sg/products-and-services/sgfindex/",
        "pageTitle": "SGFinDex"
      },
      {
        "url": "https://www.tech.gov.sg/products-and-services/vica/",
        "pageTitle": "VICA – Virtual Intelligent Chat Assistant"
      },
      {
        "url": "https://www.tech.gov.sg/products-and-services/smart-nation-showcases/",
        "pageTitle": "Smart Nation Showcases"
      },
      {
        "url": "https://www.tech.gov.sg/products-and-services/responding-to-covid-19-with-tech/",
        "pageTitle": "Responding to COVID-19 With Tech"
      },
      {
        "url": "https://www.tech.gov.sg/products-and-services/corppass/",
        "pageTitle": "Corppass"
      },
      {
        "url": "https://www.tech.gov.sg/products-and-services/government-on-commercial-cloud/",
        "pageTitle": "Government on Commercial Cloud"
      },
      {
        "url": "https://www.tech.gov.sg/products-and-services/Networked-trade-platform/",
        "pageTitle": "Networked Trade Platform",
        "actualUrl": "https://www.tech.gov.sg/products-and-services/networked-trade-platform/"
      },
      {
        "url": "https://www.tech.gov.sg/products-and-services/unique-entity-number/",
        "pageTitle": "Unique Entity Number"
      },
      {
        "url": "https://www.tech.gov.sg/products-and-services/cyber-security-group/",
        "pageTitle": "Cyber Security Group (CSG)"
      },
      {
        "url": "https://www.tech.gov.sg/products-and-services/gitsir/",
        "pageTitle": "Government IT Security Incident Response (GITSIR) Team"
      },
      {
        "url": "https://www.tech.gov.sg/products-and-services/developer-portal/",
        "pageTitle": "Singapore Government Developer Portal"
      },
      {
        "url": "https://www.tech.gov.sg/products-and-services/digital-workplace/",
        "pageTitle": "Digital Workplace"
      },
      {
        "url": "https://www.tech.gov.sg/products-and-services/opendoc/",
        "pageTitle": "OpenDoc"
      },
      {
        "url": "https://www.tech.gov.sg/products-and-services/govtech-digital-academy/",
        "pageTitle": "GovTech Digital Academy"
      },
      {
        "url": "https://www.tech.gov.sg/products-and-services/smart-nation-sensor-platform/",
        "pageTitle": "Smart Nation Sensor Platform"
      },
      {
        "url": "https://www.tech.gov.sg/products-and-services/formsg/",
        "pageTitle": "FormSG"
      },
      {
        "url": "https://www.tech.gov.sg/products-and-services/singapore-government-tech-stack/",
        "pageTitle": "Singapore Government Tech Stack"
      },
      {
        "url": "https://www.tech.gov.sg/get-involved/tech-kaki-confirmation?",
        "pageTitle": "Tech Kaki Confirmation"
      },
      {
        "url": "https://www.tech.gov.sg/get-involved/tech-kaki-newsletter?",
        "pageTitle": "Tech Kaki Newsletter"
      },
      {
        "url": "https://www.tech.gov.sg/media/technews/be-our-tech-kaki?",
        "pageTitle": "Be Our Tech Kaki!"
      },
      {
        "url": "https://www.tech.gov.sg/media/technews/getting-to-know-you?",
        "pageTitle": "Getting to know you"
      },
      {
        "url": "https://www.tech.gov.sg/media/media-releases/strategic-national-projects-to-build-a-smart-nation?",
        "pageTitle": "Strategic National Projects to build a Smart Nation"
      },
      {
        "url": "https://www.tech.gov.sg/media/technews/making-tech-talk-exciting?",
        "pageTitle": "Making Tech Talk Exciting - Lessons from the GovTech's marketing team"
      },
      {
        "url": "https://www.tech.gov.sg/media/technews/history-of-the-internet?",
        "pageTitle": "History of internet in Singapore – from niche toy to must-have essential"
      },
      {
        "url": "https://www.tech.gov.sg/media/technews/infographics/govtech-year-in-review-2018?",
        "pageTitle": "GovTech 2018 Year in Review"
      },
      {
        "url": "https://www.tech.gov.sg/media/technews/government-tech-for-the-people?",
        "pageTitle": "Government Tech for the People"
      },
      {
        "url": "https://www.tech.gov.sg/media/speeches/transcript-of-prime-minister-lee-hsien-loong-speech-at-smart-nation-launch-on-24-november?",
        "pageTitle": "Transcript of Prime Minister Lee Hsien Loong's Speech at Smart Nation Launch on 24 November"
      },
      {
        "url": "https://www.tech.gov.sg/media/speeches/speech-by-mr-peter-ong-head-civil-service-at-the-inaugural-egov-excellence-awards-2013?",
        "pageTitle": "Speech by Mr Peter Ong, Head Civil Service, at the Inaugural eGov Excellence Awards 2013 (eGEA)"
      },
      {
        "url": "https://www.tech.gov.sg/media/technews/agile-innovator?",
        "pageTitle": "Agile Innovator"
      },
      {
        "url": "https://www.tech.gov.sg/media/speeches/keynote-address-by-deputy-prime-minister-minister-for-finance-tharman-shanmugaratnam-at-the-egov-global-exchange-2013?",
        "pageTitle": "Keynote Address By Deputy Prime Minister Minister for Finance Tharman Shanmugaratnam at the eGov Global Exchange 2013"
      },
      {
        "url": "https://www.tech.gov.sg/media/technews/smart-nation-starts-with-disrupting-ourselves?",
        "pageTitle": "Smart Nation Starts With Disrupting Ourselves"
      },
      {
        "url": "https://www.tech.gov.sg/digital-government-perception-survey-business-2019?",
        "pageTitle": "Annual Digital Government Perception Survey (Business) Conducted in 2019"
      },
      {
        "url": "https://www.tech.gov.sg/digital-government-perception-survey/",
        "pageTitle": "Surveys on Satisfaction with Government Digital Services for Citizens and Businesses"
      },
      {
        "url": "https://www.tech.gov.sg/media/technews/looking-back-on-govtechs-fifth-birthday?",
        "pageTitle": "Looking back on GovTech's 5th Birthday"
      },
      {
        "url": "https://www.tech.gov.sg/media/technews/supercharging-innovation-in-singapore-and-sweden?",
        "pageTitle": "Supercharging innovation in Singapore and Sweden"
      },
      {
        "url": "https://www.tech.gov.sg/media/events/techhunt-at-govtech?",
        "pageTitle": "TechHunt @ GovTech (27 November)"
      },
      {
        "url": "https://www.tech.gov.sg/media/technews/tech-talent-for-the-people?",
        "pageTitle": "Tech talent for the people"
      },
      {
        "url": "https://www.tech.gov.sg/media/technews/non-tech-students-share-internship-takeaways?",
        "pageTitle": "Non-tech students share their summer internship takeaways"
      },
      {
        "url": "https://www.tech.gov.sg/media/technews/never-fail-to-innovate?",
        "pageTitle": "Never Fail to Innovate"
      },
      {
        "url": "https://www.tech.gov.sg/digital-government-perception-survey-citizen-2017?",
        "pageTitle": "Annual Digital Government Perception Survey (Citizen) Conducted in 2017"
      },
      {
        "url": "https://www.tech.gov.sg/media/corporate-publications/in2015-reports?",
        "pageTitle": "iN2015 Reports"
      },
      {
        "url": "https://www.tech.gov.sg/digital-government-perception-survey-business-2018?",
        "pageTitle": "Annual Digital Government Perception Survey (Business) Conducted in 2018"
      },
      {
        "url": "https://www.tech.gov.sg/media/corporate-publications/annual-reports?",
        "pageTitle": "Annual Reports"
      },
      {
        "url": "https://www.tech.gov.sg/media/speeches/opening-remarks-by-dr-yaacob-ibrahim-minister-for-communications-and-information-at-the-9th-ministerial-forum-on-ict?",
        "pageTitle": "Opening Remarks By Dr Yaacob IBRAHIM, Minister for Communications and Information, at the 9th Ministerial Forum on ICT"
      },
      {
        "url": "https://www.tech.gov.sg/digital-government-perception-survey-citizen-2018?",
        "pageTitle": "Annual Digital Government Perception Survey (Citizen) Conducted in 2018"
      },
      {
        "url": "https://www.tech.gov.sg/digital-government-perception-survey-citizen-2019?",
        "pageTitle": "Annual Digital Government Perception Survey (Citizen) Conducted in 2019"
      },
      {
        "url": "https://www.tech.gov.sg/media/technews/hacks-to-land-a-great-job-via-mycareersfuture?",
        "pageTitle": "6 hacks to land a great job via MyCareersFuture.sg"
      },
      {
        "url": "https://www.tech.gov.sg/whistleblowing-line/?",
        "pageTitle": "GovTech Whistleblowing Line"
      },
      {
        "url": "https://www.tech.gov.sg/media/corporate-publications/egov-masterplans?",
        "pageTitle": "eGov Masterplans"
      },
      {
        "url": "https://www.tech.gov.sg/media/technews/a-day-in-the-life-of-a-data-scientist-in-tap?",
        "pageTitle": "A day in the life of a Data Scientist in the Technology Associate Programme"
      },
      {
        "url": "https://www.tech.gov.sg/media/events/stack-2020",
        "pageTitle": "STACK Developer Conference 2020"
      },
      {
        "url": "https://www.tech.gov.sg/media/technews/digital-government-smart-nation-pursuing%20singapore-tech-imperative?",
        "pageTitle": "Digital Government, Smart Nation: Pursuing Singapore’s Tech Imperative"
      },
      {
        "url": "https://www.tech.gov.sg/careers/students-and-graduates/geekout",
        "pageTitle": "GeekOut"
      },
      {
        "url": "https://www.tech.gov.sg/careers/students-and-graduates/internships",
        "pageTitle": "Internships"
      },
      {
        "url": "https://www.tech.gov.sg/media/technews/the-learning-workplace?",
        "pageTitle": "The Learning Workplace"
      },
      {
        "url": "https://www.tech.gov.sg/careers/students-and-graduates/smart-nation-scholarship",
        "pageTitle": "Smart Nation Scholarship"
      },
      {
        "url": "https://www.tech.gov.sg/careers/students-and-graduates/technology-associate-programme",
        "pageTitle": "Technology Associate Programme"
      },
      {
        "url": "https://www.tech.gov.sg/media/technews/questions-for-scholars?",
        "pageTitle": "‘Tech sector booming – why you work for gahmen?’ and other questions you always wanted to ask a Smart Nation scholar"
      },
      {
        "url": "https://www.tech.gov.sg/media/media-releases/ida-launches-smart-nation-fellowship-programme-to-foster-a-network-of-top-data-science-and-tech-talents-for-singapore?",
        "pageTitle": "IDA Launches Smart Nation Fellowship Programme to Foster a Network of Top Data Science and Tech Talents for Singapore"
      },
      {
        "url": "https://www.tech.gov.sg/media/media-releases/pioneer-batch-of-smart-nation-scholars?",
        "pageTitle": "Pioneer Batch of Smart Nation Scholars"
      },
      {
        "url": "https://www.tech.gov.sg/media/corporate-publications/past-ida-corporate-brochures?",
        "pageTitle": "Past IDA Corporate Brochures"
      },
      {
        "url": "https://www.tech.gov.sg/media/corporate-publications/digital-government-exchange-reports",
        "pageTitle": "Digital Government Exchange (DGX) Reports"
      },
      {
        "url": "https://www.tech.gov.sg/media/corporate-publications/infocomm-media-2025",
        "pageTitle": "Infocomm Media 2025"
      },
      {
        "url": "https://www.tech.gov.sg/media/technews/infographics/fast-track-to-5g-in-sg?",
        "pageTitle": "Fast track to 5G in SG"
      },
      {
        "url": "https://www.tech.gov.sg/media/technews/from-silicon-valley-to-govtechie?",
        "pageTitle": "From Silicon Valley to GovTechie - Why one Smart Nation Fellow joined the Public Service"
      },
      {
        "url": "https://www.tech.gov.sg/media/events/stackx-data-and-ai-2023",
        "pageTitle": "GovTech STACKx Data & AI 2023"
      },
      {
        "url": "https://www.tech.gov.sg/media/corporate-publications/past-infocomm-plans",
        "pageTitle": "Past Infocomm Plans"
      },
      {
        "url": "https://www.tech.gov.sg/media/events/techhunt2022",
        "pageTitle": "TechHunt 2022"
      },
      {
        "url": "https://www.tech.gov.sg/media/media-releases/2023-05-24-Government-projected-to-spend-on-ICT-in-FY23",
        "pageTitle": "Government projected to spend $3.3 billion on ICT in FY23",
        "actualUrl": "https://www.tech.gov.sg/media/media-releases/2023-05-24-government-projected-to-spend-on-ict-in-fy23"
      },
      {
        "url": "https://www.tech.gov.sg/media/events/industry-briefing-2023",
        "pageTitle": "Smart Nation & Digital Government Industry Briefing 2023"
      },
      {
        "url": "https://www.tech.gov.sg/media/events/stack-developer-conference-2022",
        "pageTitle": "GovTech STACK Developer Conference 2022"
      },
      {
        "url": "https://www.tech.gov.sg/media/media-releases/2022-06-10-government-fy22-ict-spending",
        "pageTitle": "Government’s FY22 ICT spending to hold steady at $3.8 billion"
      },
      {
        "url": "https://www.tech.gov.sg/media/media-releases/2021-10-28-all-government-agencies-to-accept-singpass-digital-ic-from-1-november-2021",
        "pageTitle": "All Government Agencies to Accept Singpass Digital IC from 1 November 2021"
      },
      {
        "url": "https://www.tech.gov.sg/media/events/smart-nation-and-digital-government-industry-briefing",
        "pageTitle": "Smart Nation and Digital Government Industry Briefing"
      },
      {
        "url": "https://www.tech.gov.sg/media/media-releases/2021-10-20-first-batch-of-public-sector-5G-trials-at-sentosa-underway",
        "pageTitle": "First batch of public sector 5G trials at Sentosa underway",
        "actualUrl": "https://www.tech.gov.sg/media/media-releases/2021-10-20-first-batch-of-public-sector-5g-trials-at-sentosa-underway"
      },
      {
        "url": "https://www.tech.gov.sg/media/events/cxo-breakfast-talk-with-mr-ng-chee-khern",
        "pageTitle": "CXO Breakfast Talk with Mr. Ng Chee Khern"
      },
      {
        "url": "https://www.tech.gov.sg/media/media-releases/2021-06-23-increased-ict-spending-in-fy2021-to-accelerate-government-digitalisation",
        "pageTitle": "Increased ICT spending in FY2021 to accelerate Government digitalisation"
      },
      {
        "url": "https://www.tech.gov.sg/media/media-releases/2020-08-21-tracetogether-token-media-statement-2",
        "pageTitle": "TraceTogether Token Limited Tender Award: Media Statement"
      },
      {
        "url": "https://www.tech.gov.sg/media/events/stack-2018-developer-conference",
        "pageTitle": "STACK 2018 Developer Conference"
      },
      {
        "url": "https://www.tech.gov.sg/media/media-releases/2020-06-16-tracetogether-token-media-statement",
        "pageTitle": "TraceTogether Token: Media Statement"
      },
      {
        "url": "https://www.tech.gov.sg/media/media-releases/thirty-percent-increase-FY2020-ICT-spend-to-accelerate-digitalisation-and-support-businesses",
        "pageTitle": "30% increase in FY2020 ICT spend to accelerate digitalisation & support businesses",
        "actualUrl": "https://www.tech.gov.sg/media/media-releases/thirty-percent-increase-fy2020-ict-spend-to-accelerate-digitalisation-and-support-businesses"
      },
      {
        "url": "https://www.tech.gov.sg/media/media-releases/spot-robot-trial-for-safe-distancing-operations",
        "pageTitle": "NParks and SNDGG trial SPOT robot for safe distancing operations at Bishan-Ang Mo Kio Park"
      },
      {
        "url": "https://www.tech.gov.sg/media/media-releases/SingPass-Mobile-hits-one-million-users",
        "pageTitle": "SingPass Mobile hits one million users",
        "actualUrl": "https://www.tech.gov.sg/media/media-releases/singpass-mobile-hits-one-million-users"
      },
      {
        "url": "https://www.tech.gov.sg/media/media-releases/third-govt-bug-bounty-programme-offers-bonus-payouts-for-mobile-applications",
        "pageTitle": "Third Government Bug Bounty Programme offers bonus payouts for mobile applications"
      },
      {
        "url": "https://www.tech.gov.sg/media/media-releases/govtech-singapore-uk-gds-sign-mou-deepen-collaboration-and-exchange-development-digital-government-services",
        "pageTitle": "GovTech Singapore and the UK’s GDS sign MoU to deepen collaboration and exchange in the development of Digital Government Services"
      },
      {
        "url": "https://www.tech.gov.sg/media/media-releases/govtech-sla-caas-to-trial-TV-whitespace-connectivity",
        "pageTitle": "GovTech, SLA and CAAS to trial TV whitespace connectivity to Singapore’s Southern Islands",
        "actualUrl": "https://www.tech.gov.sg/media/media-releases/govtech-sla-caas-to-trial-tv-whitespace-connectivity"
      },
      {
        "url": "https://www.tech.gov.sg/media/media-releases/Second-Government-Bug-Bounty-Programme-expanded-to-cover-more-systems-and-digital-services",
        "pageTitle": "Second Government Bug Bounty Programme expanded to cover more systems and digital services",
        "actualUrl": "https://www.tech.gov.sg/media/media-releases/second-government-bug-bounty-programme-expanded-to-cover-more-systems-and-digital-services"
      },
      {
        "url": "https://www.tech.gov.sg/media/media-releases/31-vulnerabilities-remediated-in-second-Government-Bug-Bounty-Programme",
        "pageTitle": "31 vulnerabilities remediated in second Government Bug Bounty Programme",
        "actualUrl": "https://www.tech.gov.sg/media/media-releases/31-vulnerabilities-remediated-in-second-government-bug-bounty-programme"
      },
      {
        "url": "https://www.tech.gov.sg/media/technews/",
        "pageTitle": "Media"
      },
      {
        "url": "https://www.tech.gov.sg/media/",
        "pageTitle": "Media"
      },
      {
        "url": "https://www.tech.gov.sg/media/media-releases/govtech-and-csa-partner-cybersecurity-community-on-government-bug-bounty-programme",
        "pageTitle": "GovTech and CSA partner cybersecurity community on Government Bug Bounty Programme"
      },
      {
        "url": "https://www.tech.gov.sg/media/media-releases/more-citizens-and-businesses-satisfied-with-government-digital-services",
        "pageTitle": "More Citizens and Businesses Satisfied with Government Digital Services"
      },
      {
        "url": "https://www.tech.gov.sg/media/media-releases/easier-and-more-secure-logins-with-the-new-singpass-mobile-app",
        "pageTitle": "Easier and more Secure Logins with the New SingPass Mobile App"
      },
      {
        "url": "https://www.tech.gov.sg/media/media-releases/new-board-members-appointed-to-the-government-technology-agency",
        "pageTitle": "New Board Members Appointed to The Government Technology Agency"
      },
      {
        "url": "https://www.tech.gov.sg/media/media-releases/corppass-to-be-single-login-method",
        "pageTitle": "CorpPass to be single login method for businesses from 1 September 2018"
      },
      {
        "url": "https://www.tech.gov.sg/media/more-opportunities-for-Industry-to-support-digital-government-blueprint",
        "pageTitle": "More Opportunities for Industry to Support Digital Government Blueprint Implementation",
        "actualUrl": "https://www.tech.gov.sg/media/more-opportunities-for-industry-to-support-digital-government-blueprint"
      },
      {
        "url": "https://www.tech.gov.sg/media/media-releases/businesses-can-tap-on-myinfo",
        "pageTitle": "Businesses can tap on MyInfo to offer faster transactions for citizens"
      },
      {
        "url": "https://www.tech.gov.sg/media/smart-nation-and-digital-government-group-appoints-new-chief-executive-of-government-technology-agency",
        "pageTitle": "Smart Nation and Digital Government Group appoints new Chief Executive of Government Technology Agency"
      },
      {
        "url": "https://www.tech.gov.sg/media/media-releases/corppass-to-be-the-only-login-method",
        "pageTitle": "CorpPass to be the only login method for businesses to transact with the Government from Q3 2018"
      },
      {
        "url": "https://www.tech.gov.sg/media/media-releases/government-to-open-source-beeline-platform-code-to-catalyse-industry-and-public-innovation",
        "pageTitle": "Government to open-source Beeline platform code to catalyse industry and public innovation"
      },
      {
        "url": "https://www.tech.gov.sg/media/media-releases/1st-data-visualisation-video-challenge",
        "pageTitle": "82 Projects, 200 Students, 1st Data Visualisation Video Challenge: Who will best use open government data to improve lives?"
      },
      {
        "url": "https://www.tech.gov.sg/media/media-releases/more-convenience-with-parkingsg-app-when-it-is-available-for-download-on-1-october-2017",
        "pageTitle": "More convenience with Parking.sg app when it is available for download on 1 October 2017"
      },
      {
        "url": "https://www.tech.gov.sg/media/media-releases/no-more-repetitive-form-filling-after-you-tell-us-once-for-government-services",
        "pageTitle": "No more repetitive form filling after you “Tell Us Once” for government services"
      },
      {
        "url": "https://www.tech.gov.sg/media/media-releases/singapore-national-trade-platform-wins-international-award-for-best-e-business-digital-initiative",
        "pageTitle": "Singapore's National Trade Platform wins International Award for best e-Business Digital Initiative"
      },
      {
        "url": "https://www.tech.gov.sg/media/media-releases/government-agencies-to-conduct-trials-on-digital-payment-of-parking-charges",
        "pageTitle": "Government Agencies to Conduct Trials on Digital Payment of Parking Charges"
      },
      {
        "url": "https://www.tech.gov.sg/media/media-releases/opening-bank-accounts-becomes-more-seamless-and-convenient-for-myinfo-users",
        "pageTitle": "Opening Bank Accounts Becomes More Seamless and Convenient for MyInfo Users"
      },
      {
        "url": "https://www.tech.gov.sg/media/media-releases/govtech-and-nus-team-up-to-boost-skills-and-innovation-in-public-sector",
        "pageTitle": "GovTech and NUS Team Up to Boost Skills and Innovation in Public Sector"
      },
      {
        "url": "https://www.tech.gov.sg/media/media-releases/formation-of-the-smart-nation-and-digital-government-group-in-the-prime-minister-office",
        "pageTitle": "Formation of the Smart Nation and Digital Government Group in the Prime Minister's office"
      },
      {
        "url": "https://www.tech.gov.sg/media/media-releases/grab-launches-grabShuttle-an-affordable-shuttle-service-for-commuters",
        "pageTitle": "Grab Launches GrabShuttle, An Affordable Shuttle Service for Commuters",
        "actualUrl": "https://www.tech.gov.sg/media/media-releases/grab-launches-grabshuttle-an-affordable-shuttle-service-for-commuters"
      },
      {
        "url": "https://www.tech.gov.sg/media/media-releases/govtech-partners-with-eight-institutes-of-higher-learning-to-develop-deep-technical-capabilities",
        "pageTitle": "GovTech Partners with Eight Institutes of Higher Learning to Develop Deep Technical Capabilities in Students to Help Build a Smart Nation"
      },
      {
        "url": "https://www.tech.gov.sg/media/media-releases/over-2-point-3-million-singpass-users-now-2fa-ready",
        "pageTitle": "Over 2.3 Million SingPass Users now 2FA-ready"
      },
      {
        "url": "https://www.tech.gov.sg/media/media-releases/introducing-corppass-for-businesses-and-other-entities-to-transact-online-with-the-government",
        "pageTitle": "Introducing CorpPass for Businesses and other Entities to Transact online with the Government"
      },
      {
        "url": "https://www.tech.gov.sg/media/media-releases/eight-out-of-10-regular-singpass-users-have-set-up-2fa",
        "pageTitle": "Eight Out of 10 Regular SingPass Users have Set Up 2FA"
      },
      {
        "url": "https://www.tech.gov.sg/media/media-releases/government-and-industry-to-build-a-smart-nation-together",
        "pageTitle": "Government and Industry to build a Smart Nation Together"
      },
      {
        "url": "https://www.tech.gov.sg/media/media-releases/simplified-2-step-verification-setup-process-for-singPass-users",
        "pageTitle": "Simplified 2-Step Verification Setup Process for SingPass Users",
        "actualUrl": "https://www.tech.gov.sg/media/media-releases/simplified-2-step-verification-setup-process-for-singpass-users"
      },
      {
        "url": "https://www.tech.gov.sg/media/media-releases/improving-lives-through-data-science-and-analytics",
        "pageTitle": "Improving Lives Through Data Science and Analytics"
      },
      {
        "url": "https://www.tech.gov.sg/media/media-releases/beeline-experiment-goes-live-with-a-mobile-app-to-enable-smart-pre-booked-express-bus-rides",
        "pageTitle": "Beeline Experiment Goes Live with a Mobile App to Enable Smart, Pre-booked Express Bus Rides"
      },
      {
        "url": "https://www.tech.gov.sg/media/media-releases/singpass-now-easier-more-convenient-and-extra-secure",
        "pageTitle": "SingPass - Now Easier, More Convenient and Extra Secure"
      },
      {
        "url": "https://www.tech.gov.sg/media/media-releases/combine-and-win-ida-data-discovery-challenge-focuses-on-discovery-and-mashing-of-private-and-public-data-for-new-value",
        "pageTitle": "Combine and Win! IDA’s Data Discovery Challenge Focuses on Discovery and Mashing of Private and Public Data for New Value"
      },
      {
        "url": "https://www.tech.gov.sg/media/media-releases/opportunities-abound-for-industry-and-government-to-collaborate-in-effort-to-becoming-a-smart-nation",
        "pageTitle": "Opportunities Abound for Industry and Government to Collaborate in Effort to Becoming a Smart Nation"
      },
      {
        "url": "https://www.tech.gov.sg/media/media-releases/singpass-users-urged-to-use-stronger-passwords-to-enhance-their-cyber-security",
        "pageTitle": "SingPass Users Urged to Use Stronger Passwords to Enhance Their Cyber Security"
      },
      {
        "url": "https://www.tech.gov.sg/media/media-releases/enhancing-singpass-to-better-serve-and-protect-users",
        "pageTitle": "Enhancing SingPass to Better Serve and Protect Users"
      },
      {
        "url": "https://www.tech.gov.sg/media/media-releases/ida-appoints-new-government-chief-information-officer",
        "pageTitle": "IDA Appoints New Government Chief Information Officer / Assistant Chief Executive (Government Chief Information Office)"
      },
      {
        "url": "https://www.tech.gov.sg/media/media-releases/tenders-called-for-government-ict-infrastructure-services",
        "pageTitle": "Tenders Called for Government ICT Infrastructure Services"
      },
      {
        "url": "https://www.tech.gov.sg/media/media-releases/singapore-continues-to-enhance-cyber-security-with-a-five-year-national-cyber-security-masterplan-2018",
        "pageTitle": "Singapore Continues to Enhance Cyber Security with a Five-Year National Cyber Security Masterplan 2018"
      }
    ],
    "invalid": [],
    "scannedRedirects": [
      {
        "fromUrl": "https://www.tech.gov.sg/careers/overview",
        "toUrl": "https://www.tech.gov.sg/careers/overview/"
      },
      {
        "fromUrl": "https://www.tech.gov.sg/media/technews/subscribe/?",
        "toUrl": "https://www.tech.gov.sg/media/technews/subscribe"
      },
      {
        "fromUrl": "https://www.tech.gov.sg/report_vulnerability/",
        "toUrl": "https://www.tech.gov.sg/report_vulnerability"
      },
      {
        "fromUrl": "https://www.tech.gov.sg/products-and-services/Networked-trade-platform/",
        "toUrl": "https://www.tech.gov.sg/products-and-services/networked-trade-platform/"
      },
      {
        "fromUrl": "https://www.tech.gov.sg/media/media-releases/2023-05-24-Government-projected-to-spend-on-ICT-in-FY23",
        "toUrl": "https://www.tech.gov.sg/media/media-releases/2023-05-24-government-projected-to-spend-on-ict-in-fy23"
      },
      {
        "fromUrl": "https://www.tech.gov.sg/media/media-releases/2021-10-20-first-batch-of-public-sector-5G-trials-at-sentosa-underway",
        "toUrl": "https://www.tech.gov.sg/media/media-releases/2021-10-20-first-batch-of-public-sector-5g-trials-at-sentosa-underway"
      },
      {
        "fromUrl": "https://www.tech.gov.sg/media/media-releases/thirty-percent-increase-FY2020-ICT-spend-to-accelerate-digitalisation-and-support-businesses",
        "toUrl": "https://www.tech.gov.sg/media/media-releases/thirty-percent-increase-fy2020-ict-spend-to-accelerate-digitalisation-and-support-businesses"
      },
      {
        "fromUrl": "https://www.tech.gov.sg/media/media-releases/SingPass-Mobile-hits-one-million-users",
        "toUrl": "https://www.tech.gov.sg/media/media-releases/singpass-mobile-hits-one-million-users"
      },
      {
        "fromUrl": "https://www.tech.gov.sg/media/media-releases/govtech-sla-caas-to-trial-TV-whitespace-connectivity",
        "toUrl": "https://www.tech.gov.sg/media/media-releases/govtech-sla-caas-to-trial-tv-whitespace-connectivity"
      },
      {
        "fromUrl": "https://www.tech.gov.sg/media/media-releases/Second-Government-Bug-Bounty-Programme-expanded-to-cover-more-systems-and-digital-services",
        "toUrl": "https://www.tech.gov.sg/media/media-releases/second-government-bug-bounty-programme-expanded-to-cover-more-systems-and-digital-services"
      },
      {
        "fromUrl": "https://www.tech.gov.sg/media/media-releases/31-vulnerabilities-remediated-in-second-Government-Bug-Bounty-Programme",
        "toUrl": "https://www.tech.gov.sg/media/media-releases/31-vulnerabilities-remediated-in-second-government-bug-bounty-programme"
      },
      {
        "fromUrl": "https://www.tech.gov.sg/media/more-opportunities-for-Industry-to-support-digital-government-blueprint",
        "toUrl": "https://www.tech.gov.sg/media/more-opportunities-for-industry-to-support-digital-government-blueprint"
      },
      {
        "fromUrl": "https://www.tech.gov.sg/media/media-releases/grab-launches-grabShuttle-an-affordable-shuttle-service-for-commuters",
        "toUrl": "https://www.tech.gov.sg/media/media-releases/grab-launches-grabshuttle-an-affordable-shuttle-service-for-commuters"
      },
      {
        "fromUrl": "https://www.tech.gov.sg/media/media-releases/simplified-2-step-verification-setup-process-for-singPass-users",
        "toUrl": "https://www.tech.gov.sg/media/media-releases/simplified-2-step-verification-setup-process-for-singpass-users"
      }
    ],
    "notScannedRedirects": [],
    "outOfDomain": [
      "https://careers.tech.gov.sg/",
      "https://www.developer.tech.gov.sg/our-digital-journey/digital-government-exchange/overview.html",
      "https://www.developer.tech.gov.sg/our-digital-journey/international-partnerships",
      "https://www.thedigitalacademy.tech.gov.sg/",
      "https://www.developer.tech.gov.sg/communities/events/overview",
      "https://www.developer.tech.gov.sg/communities/stack-x-meetups/overview.html"
    ],
    "blacklisted": [
      "https://www.tech.gov.sg/files/media/corporate-publications/dgb-public-document_30dec20.pdf",
      "https://www.tech.gov.sg/files/digital-transformation/ministry-family-digitalisation-guide.pdf",
      "https://www.tech.gov.sg/files/GovTech-Subscription-Terms-Conditions-2021.pdf",
      "https://www.tech.gov.sg/files/products-and-services/Factsheet%20-%20Singpass%20(National%20Digital%20Identity).pdf",
      "https://www.tech.gov.sg/files/GovTech-Subscription-Terms-Conditions-2021.pdf",
      "https://www.tech.gov.sg/files/digital-transformation/DSS%20for%20Public%202020.pdf",
      "https://www.tech.gov.sg/files/digital-transformation/GovTech_DSS_Summary_Infographic_2Oct2018.pdf",
      "https://www.tech.gov.sg/files/media/media-releases/2016/10/1%20GovTech%20Factsheet.pdf",
      "https://www.tech.gov.sg/files/media/media-releases/2016/10/2%20MyInfo%20Factsheet.pdf",
      "https://www.tech.gov.sg/files/media/media-releases/2016/10/3%20CorpPass%20Factsheet.pdf",
      "https://www.tech.gov.sg/files/media/media-releases/2016/10/4%20National%20Trade%20Platform%20Factsheet.pdf",
      "https://www.tech.gov.sg/files/media/media-releases/2016/10/5%20Smart%20Nation%20Platform%20Factsheet.pdf",
      "https://www.tech.gov.sg/files/media/media-releases/2016/10/7%20Pulse%20of%20the%20Economy%20Factsheet.pdf",
      "https://www.tech.gov.sg/files/media/media-releases/2016/10/8%20Smart%20Nation%20Fellowship%20Programme%20Factsheet.pdf",
      "https://www.tech.gov.sg/files/media/media-releases/2016/10/9%20Datagovsg%20Factsheet.pdf",
      "https://www.tech.gov.sg/files/media/media-releases/2016/10/10%20GovTech%20Exhibits%20Factsheet.pdf",
      "https://www.tech.gov.sg/files/products-and-services/Datagovsg-Factsheet-0319.pdf",
      "https://resource.fpdsapim.myinfo.gov.sg/SGFinDex_Frequently%20Asked%20Questions.pdf",
      "https://www.tech.gov.sg/files/products-and-services/smart_nation_cityscape_visitor_guide.pdf",
      "https://www.tech.gov.sg/files/products-and-services/playscape_visitor_guide.pdf",
      "https://www.tech.gov.sg/images/programmes/products-and-services/sgts-infographic-28-Sep.jpg",
      "https://www.tech.gov.sg/files/products-and-services/sg-tech-stack-media-factsheet-sep-2018.pdf",
      "https://www.tech.gov.sg/files/GovTech-Subscription-Terms-Conditions-2021.pdf",
      "https://www.tech.gov.sg/files/media/media-releases/2017/08/Annex%20A%20StrategicNationalProjectsforaSmartNation.pdf",
      "https://www.tech.gov.sg/files/media/media-releases/2017/08/Annex%20B%20BackgroundInformationonDigitalParkingAppbyURAHDBandGovTech.pdf",
      "https://www.tech.gov.sg/files/media/corporate-publications/2015/01/realisingthevisionin2015.pdf",
      "https://www.tech.gov.sg/files/media/corporate-publications/2015/01/07_iGov2010.pdf",
      "https://www.tech.gov.sg/files/media/corporate-publications/2015/01/05_Financial_Services.pdf",
      "https://www.tech.gov.sg/files/media/corporate-publications/2015/01/06_Healthcare_and_Biomedical_Sciences.pdf",
      "https://www.tech.gov.sg/files/media/corporate-publications/2015/01/11_Tourism_Hospitality_and_Retail.pdf",
      "https://www.tech.gov.sg/files/media/corporate-publications/2015/01/10_Manufacturing_and_Logistics.pdf",
      "https://www.tech.gov.sg/files/media/corporate-publications/2015/01/03_Education_and_Learning.pdf",
      "https://www.tech.gov.sg/files/media/corporate-publications/2015/01/09_Infocomm_Infrastructure_Services_and_Technology_Devt.pdf",
      "https://www.tech.gov.sg/files/media/corporate-publications/2015/01/01_iN2015_Main_Report.pdf",
      "https://www.tech.gov.sg/files/media/corporate-publications/2015/01/04_Enterprise_Devt_for_Singapore_based_Infocomm_Companies.pdf",
      "https://www.tech.gov.sg/files/media/corporate-publications/2015/01/02_Digital_Media_and_Entertainment.pdf",
      "https://www.tech.gov.sg/files/media/corporate-publications/2015/01/08_Infocomm_Competency_Council.pdf",
      "https://www.itu.int/en/ITU-D/Statistics/Documents/facts/ICTFactsFigures2013-e.pdf",
      "http://siteresources.worldbank.org/EXTINFORMATIONANDCOMMUNICATIONANDTECHNOLOGIES/Resources/WBG_ICT_Strategy-2012.pdf",
      "https://www.tech.gov.sg/files/media/corporate-publications/2021_GovTech_Annual_Report_Main.pdf",
      "https://www.tech.gov.sg/files/media/corporate-publications/2021_GovTech_AR_FinancialReport.pdf",
      "https://www.tech.gov.sg/files/media/corporate-publications/2020_GovTech%20AR_Main.pdf",
      "https://www.tech.gov.sg/files/media/corporate-publications/2020_GovTech%20AR_Financials.pdf",
      "https://www.tech.gov.sg/files/media/corporate-publications/GovTech%20AR%202019_MAIN.pdf",
      "https://www.tech.gov.sg/files/media/corporate-publications/GovTech%20AR%202019_Financials.pdf",
      "https://www.tech.gov.sg/files/media/corporate-publications/FY2019/GovTech-AR-2019-Main-min.pdf",
      "https://www.tech.gov.sg/files/media/corporate-publications/FY2019/govtech-ar-2019-financials-updated.pdf",
      "https://www.tech.gov.sg/files/media/corporate-publications/FY2017/govtech-ar-2017-18-review.pdf",
      "https://www.tech.gov.sg/files/media/corporate-publications/FY2017/govtech-ar-2017-18-financial.pdf",
      "https://www.tech.gov.sg/files/media/corporate-publications/2018/01/annual-report-fy-2016-2017.pdf",
      "https://www.tech.gov.sg/files/media/corporate-publications/2018/01/financial-statements-fy-2016-2017.pdf",
      "https://www.tech.gov.sg/files/media/corporate-publications/2018/01/annual-report-fy-2015-2016.pdf",
      "https://www.tech.gov.sg/files/media/corporate-publications/2018/01/financial-statements-fy-2015-2016.pdf",
      "https://www.tech.gov.sg/files/media/corporate-publications/2018/01/annual-report-fy-2014-2015.pdf",
      "https://www.tech.gov.sg/files/media/corporate-publications/2018/01/financial-statements-fy-2014-2015.pdf",
      "https://www.tech.gov.sg/files/media/corporate-publications/2018/01/annual-report-fy-2013-2014.pdf",
      "https://www.tech.gov.sg/files/media/corporate-publications/2018/01/financial-statements-fy-2013-2014.pdf",
      "https://www.tech.gov.sg/files/media/corporate-publications/2018/01/annual-report-fy-2012-2013.pdf",
      "https://www.tech.gov.sg/files/media/corporate-publications/2018/01/financial-statements-fy-2012-2013.pdf",
      "https://www.tech.gov.sg/files/media/corporate-publications/2018/01/annual-report-fy-2011-2012.pdf",
      "https://www.tech.gov.sg/files/media/corporate-publications/2018/01/financial-statements-fy-2011-2012.pdf",
      "https://www.tech.gov.sg/files/media/corporate-publications/2018/01/annual-report-fy-2010-2011.pdf",
      "https://www.tech.gov.sg/files/media/corporate-publications/2018/01/financial-statements-fy-2010-2011.pdf",
      "https://www.tech.gov.sg/files/media/corporate-publications/2018/01/annual-report-fy-2009-2010.pdf",
      "https://www.tech.gov.sg/files/media/corporate-publications/2018/01/financial-statements-fy-2009-2010.pdf",
      "https://www.tech.gov.sg/files/media/corporate-publications/2016/01/eGovBOOK1115.pdf",
      "https://www.tech.gov.sg/files/media/corporate-publications/2016/01/iGov-2010.pdf",
      "https://www.tech.gov.sg/files/media/corporate-publications/2016/01/eGap_II.pdf",
      "https://www.tech.gov.sg/files/media/corporate-publications/2016/01/eGap_I.pdf",
      "https://www.tech.gov.sg/files/media/media-releases/2016/03/Annex%20ASmart%20Nation%20Fellowship%20Prog%20Factsheetpdf.pdf",
      "https://www.tech.gov.sg/files/media/media-releases/2018/08/Annex%20-%20SN%20Scholarship%20Awardees.pdf",
      "https://www.tech.gov.sg/files/media/corporate-publications/2018/01/IDA_CorpBrochure_2012.pdf",
      "https://www.tech.gov.sg/files/media/corporate-publications/2018/01/IDA_CorpBro2010.pdf",
      "https://www.tech.gov.sg/files/media/corporate-publications/2018/01/IDABrochureEN.pdf",
      "https://www.tech.gov.sg/files/media/corporate-publications/2018/01/IDABrochureCN.pdf",
      "https://www.tech.gov.sg/files/media/corporate-publications/2018/01/InfocommMedia2025Report.pdf",
      "http://www3.weforum.org/docs/WEF_ASEAN_Youth_Survey_2019_Report.pdf",
      "https://www.tech.gov.sg/files/media/corporate-publications/2015/01/connected-singapore.pdf",
      "https://www.tech.gov.sg/files/media/corporate-publications/2015/01/I212000.zip",
      "https://www.tech.gov.sg/files/media/corporate-publications/2015/01/I21RptUpdate.pdf",
      "https://www.tech.gov.sg/files/media/corporate-publications/IB2023-Towards-the-Next-Bound-of-Digital-Government-GovTech-CE.pdf",
      "https://www.tech.gov.sg/files/media/corporate-publications/IB2023-Accelerate-WOG-digital-transformation-through-Singapore-Government-Tech-Stack.pdf",
      "https://www.tech.gov.sg/files/media/corporate-publications/IB2023-Geospatial-data-powering-Smart-City-Operations.pdf",
      "https://www.tech.gov.sg/files/media/corporate-publications/IB2023-Sustainable-Digitalisation-Opportunities-and-Challenges.pdf",
      "https://www.tech.gov.sg/files/media/media-releases/Media%20Factsheet%20on%20Singpass%20(National%20Digital%20Identity)_28%20October%202021.pdf",
      "https://www.tech.gov.sg/files/media/media-releases/Annex%20A%20-%20Factsheet%20on%205G@Sentosa%20and%20Smart%20Nation%20Sensor%20Platform.pdf",
      "https://www.tech.gov.sg/files/media/media-releases/Annex%20B%20-%20Singtel's%20Multi-Access%20Edge%20Compute%20(MEC).pdf",
      "https://www.tech.gov.sg/files/media/media-releases/Annex%20C%20-%20Factsheet%20on%20SDC%E2%80%99S%205G%20trials.pdf",
      "https://www.tech.gov.sg/files/media/media-releases/Annex%20D%20-%20Factsehet%20on%20BCA-Gammon's%205G%20trial%20at%20Sentosa.pdf",
      "https://www.tech.gov.sg/files/media/media-releases/Annex%20E%20-%20Factsheet%20on%20NTU%20Teleoperation%20System.pdf",
      "https://www.tech.gov.sg/files/media/media-releases/Annex%20F%20-%20Factsheet%20%E2%80%93%20The%20Centre%20For%20Healthcare%20Assistive%20And%20Robotics%20Technology%20At%20Changi%20General%20Hospital.pdf",
      "https://www.tech.gov.sg/files/media/media-releases/Annex%20G%20-%20ASTAR-I2R%20Media%20Factsheet.pdf",
      "https://www.tech.gov.sg/files/media/media-releases/Annex%20H%20-%20Factsheet%20on%20NYP%20APEX5G%20@%20Sentosa.pdf",
      "https://www.tech.gov.sg/files/media/media-releases/2019/May/Annex%20-%20Factsheet%20on%20Vulnerability%20Disclosure%20Programme.pdf",
      "https://www.tech.gov.sg/files/media/media-releases/2019/May/Annex%20A%20Factsheet%20-%20Annual%20Digital%20Government%20Perception%20Surveys.pdf",
      "https://www.tech.gov.sg/files/media/media-releases/2019/May/Annex%20B%20Factsheet%20-%20SG%20Tech%20Stack.pdf",
      "https://www.tech.gov.sg/files/media/media-releases/2019/May/Annex%20C%20Factsheet%20-%20National%20Digital%20Identity.pdf",
      "https://www.tech.gov.sg/files/media/media-releases/2019/May/Annex%20D%20Factsheet%20-%20Smart%20Nation%20Sensor%20Platform.pdf",
      "https://www.tech.gov.sg/files/media/media-releases/2019/May/Annex%20E%20Factsheet%20-%20Moments%20of%20Life.pdf",
      "https://www.tech.gov.sg/files/media/media-releases/2019/May/Annex%20F%20Factsheet%20-%20Adaptive%20Digital%20Workplace%20Programme.pdf",
      "https://www.tech.gov.sg/files/media/media-releases/2017/11/Annex%20A.pdf",
      "https://www.tech.gov.sg/files/media/media-releases/2018/04/Annex%20A%20-%20Biography%20of%20Mr%20Kok%20Ping%20Soon.pdf",
      "https://www.tech.gov.sg/files/media/media-releases/2018/04/Annex%20B%20-%20Biography%20of%20Ms%20Jacqueline%20Poh.pdf",
      "https://www.tech.gov.sg/files/media/media-releases/2017/12/Annex%20A%20-%20CorpPass%20Factsheet_18%20Dec%202017.pdf",
      "https://www.tech.gov.sg/files/media/media-releases/2017/12/Annex%20B%20-%20Government%20digital%20services%20using%20CorpPass_18%20Dec%202017.pdf",
      "https://www.tech.gov.sg/files/media/media-releases/2017/09/Beeline%20Factsheet%20October%202017.pdf",
      "https://www.tech.gov.sg/files/2017-09-30/Annex%201.pdf",
      "https://www.tech.gov.sg/files/media/media-releases/2017/09/2%2012%20Finalists%20Project%20Writeups%20Annex%201.pdf",
      "https://www.tech.gov.sg/files/media/media-releases/2017/09/3%20Factsheet%20%20National%20Data%20Viz%20Video%20Challenge%20Annex%202.pdf",
      "https://www.tech.gov.sg/files/media/media-releases/2017/09/4%20Factsheet%20%20Datagovsg%20Annex%203.pdf",
      "https://www.tech.gov.sg/files/media/media-releases/2017/06/Annex%20A%20CEOFounderCommGate.pdf",
      "https://www.tech.gov.sg/files/media/media-releases/2017/05/Annex%20A-List%20of%20participating%20car%20parks.pdf",
      "https://www.tech.gov.sg/files/media/media-releases/2017/05/Annex-A%20-%20What%20is%20MyInfo.pdf",
      "https://www.tech.gov.sg/files/media/media-releases/2017/05/Annex-B%20-%20Quotes%20from%20participating%20banks.pdf",
      "https://www.tech.gov.sg/files/media/media-releases/2017/03/Ministerial-Quotes.pdf",
      "https://www.tech.gov.sg/files/media/media-releases/2017/03/Supplementary_Information.pdf",
      "https://www.tech.gov.sg/files/media/media-releases/2017/03/Beeline%20Factsheet.pdf",
      "https://www.tech.gov.sg/files/media/media-releases/2017/02/Annex%20A%20MOU%20Factsheet.pdf",
      "https://www.tech.gov.sg/files/media/media-releases/2017/02/Annex%20B%20InnoLeap%20Factsheet.pdf",
      "https://www.tech.gov.sg/files/media/media-releases/2017/02/Annex%20C%20Quotes%20From%20IHLs.pdf",
      "https://www.tech.gov.sg/files/media/media-releases/2016/12/SingPass%20Media%20Statement%20Grace%20Period%20Provision%20to%20end%20on%2015%20Jan%202017.pdf",
      "https://www.tech.gov.sg/files/media/media-releases/2016/09/Annex_1_-_List_of_Government_agencies_and_digital_services_available_from_15_September_2016.pdf",
      "https://www.tech.gov.sg/files/media/media-releases/2016/09/CorpPass%20-%20Factsheet_1%20Sep%202016%20(1).pdf",
      "https://www.tech.gov.sg/files/media/media-releases/2016/07/Annex%201%20%20How%20do%20users%20check%20if%20they%20have%20set%20up%20their%202FAdocxpdf.pdf",
      "https://www.tech.gov.sg/files/media/media-releases/2016/07/Annex%202%20%20How%20do%20users%20set%20up%20their%202FApdf.pdf",
      "https://www.tech.gov.sg/files/media/media-releases/2016/07/Annex%203%20%20What%20should%20users%20do%20if%20they%20have%20misplaced%20or%20did%20not%20receive%20their%202FA%20PIN%20mailerpdf.pdf",
      "https://www.tech.gov.sg/files/media/media-releases/2016/07/Annex%204%20%20How%20does%20the%20grace%20period%20workpdf.pdf",
      "https://www.tech.gov.sg/files/media/media-releases/2016/05/1%20GovTech%20%20Factsheet%2026%20Aprpdf.pdf",
      "https://www.tech.gov.sg/files/media/media-releases/2016/05/2%20National%20Environment%20Agency%20%20Factsheet%2019%20Maypdf.pdf",
      "https://www.tech.gov.sg/files/media/media-releases/2016/05/3%20Ministry%20of%20Health%20%20Factsheet%2016%20Maypdf.pdf",
      "https://www.tech.gov.sg/files/media/media-releases/2016/01/SingPass%20Factsheet%20%20Updated%2029%20Janpdf.pdf",
      "https://www.tech.gov.sg/files/media/media-releases/2015/10/IDA%20Hive%20Factsheetpdf.pdf",
      "https://www.tech.gov.sg/files/media/media-releases/2015/10/MyResponder%20Factsheetpdf.pdf",
      "https://www.tech.gov.sg/files/media/media-releases/2015/10/Beeline%20Factsheetpdf.pdf",
      "https://www.tech.gov.sg/files/media/media-releases/2015/10/Data%20gov%20Factsheetpdf.pdf",
      "https://www.tech.gov.sg/files/media/media-releases/2015/08/Annex1pdf.pdf",
      "https://www.tech.gov.sg/files/media/media-releases/2015/08/Annex2pdf.pdf",
      "https://www.tech.gov.sg/files/media/media-releases/2015/07/SingPass%20Factsheet%20%20Briefing%202%20Julypdf.pdf",
      "https://www.tech.gov.sg/files/media/media-releases/2014/12/Data%20Discovery%20Challenge%20%20Annex%20Apdf.pdf",
      "https://www.tech.gov.sg/files/media/media-releases/2014/12/Data%20Discovery%20Challenge%20%20Annex%20Bpdf.pdf",
      "https://www.tech.gov.sg/files/media/media-releases/2014/12/Data%20Discovery%20Challenge%20%20Annex%20Cpdf.pdf",
      "https://www.tech.gov.sg/files/media/media-releases/2015/05/Annex1pdf.pdf",
      "https://www.tech.gov.sg/files/media/media-releases/2015/05/Annex2pdf.pdf",
      "https://www.tech.gov.sg/files/media/media-releases/2015/05/Annex3pdf.pdf",
      "https://www.tech.gov.sg/files/media/media-releases/2015/05/Annex4pdf.pdf",
      "https://www.tech.gov.sg/files/media/media-releases/2015/05/Annex5pdf.pdf",
      "https://www.tech.gov.sg/files/media/media-releases/2015/05/Annex6pdf.pdf",
      "https://www.tech.gov.sg/files/media/media-releases/2015/05/Annex7pdf.pdf",
      "https://www.tech.gov.sg/files/media/media-releases/2015/05/Annex8pdf.pdf",
      "https://www.tech.gov.sg/files/media/media-releases/2015/05/Annex9pdf.pdf",
      "https://www.tech.gov.sg/files/media/media-releases/2015/05/Annex10pdf.pdf",
      "https://www.tech.gov.sg/files/media/media-releases/2015/05/Annex11pdf.pdf",
      "https://www.tech.gov.sg/files/media/media-releases/2013/07/AnnexApdf.pdf",
      "https://www.tech.gov.sg/files/media/media-releases/2013/07/AnnexBpdf.pdf"
    ],
    "exceededRequests": [
      "https://www.tech.gov.sg/media/media-releases/more-government-data-to-be-made-available-to-spur-social-innovation-and-create-greater-public-value",
      "https://www.tech.gov.sg/media/media-releases/eighteen-government-services-score-e-government-excellence-awards",
      "https://www.tech.gov.sg/media/media-releases/singapore-government-projected-to-invest-1-point-2-billion-in-infocomm-technologies-to-enhance-operational-efficiency-and-public-service-delivery",
      "https://www.tech.gov.sg/media/advisory/2021-03-25-beware-of-scam-letter-bearing-govtech-logo-and-forged-signatures",
      "https://www.tech.gov.sg/media/blogs/",
      "https://www.tech.gov.sg/media/technews/five-apps-to-download-this-fathers-day",
      "https://www.tech.gov.sg/media/speeches/opening-goh-address-by-dr-janil-puthucheary",
      "https://www.tech.gov.sg/media/speeches/opening-keynote-address-by-minister-josephine-teo-at-gsma-mobile-360",
      "https://www.tech.gov.sg/media/awards/2022-04-01-sgfindex-wins-most-innovative-use-of-data-for-digital-transformation-at-the-inspire-tech-awards-2021",
      "https://www.tech.gov.sg/cyber-security-group?",
      "https://www.tech.gov.sg/media/technews/look-forward-to-fresh-new-experiences-at-smart-nation-builder",
      "https://www.tech.gov.sg/media/speeches/2021-06-21-speech-by-dr-janil-puthucheary-at-the-digital-academy-virtual-launch",
      "https://www.tech.gov.sg/media/technews/generative-ai-where-can-it-go-wrong",
      "https://www.tech.gov.sg/capability-centre-siot?"
    ],
    "forbidden": []
  }
}