{
  "startTime": 1692758751087,
  "crawlType": "Website",
  "requestUrl": "https://www.tech.gov.sg/",
  "endTime": 1692758780398,
  "urlsCrawled": {
    "toScan": [],
    "scanned": [
      {
        "url": "https://www.tech.gov.sg/",
        "pageTitle": "Government Technology Agency"
      },
      {
        "url": "https://www.tech.gov.sg/digital-government-transformation/",
        "pageTitle": "Digital Government Transformation"
      },
      {
        "url": "https://www.tech.gov.sg/digital-government-blueprint/",
        "pageTitle": "Digital Government Blueprint"
      },
      {
        "url": "https://www.tech.gov.sg/international-partnerships/",
        "pageTitle": "International Partnerships"
      },
      {
        "url": "https://www.tech.gov.sg/products-and-services/",
        "pageTitle": "Products and Services"
      },
      {
        "url": "https://www.tech.gov.sg/singapore-digital-government-journey/",
        "pageTitle": "Singapore Digital Government Journey"
      },
      {
        "url": "https://www.tech.gov.sg/digital-standards-and-guides/",
        "pageTitle": "Digital Standards and Guides"
      },
      {
        "url": "https://www.tech.gov.sg/get-involved/",
        "pageTitle": "Get Involved"
      },
      {
        "url": "https://www.tech.gov.sg/who-we-are/our-role/",
        "pageTitle": "Our Role"
      },
      {
        "url": "https://www.tech.gov.sg/who-we-are/our-journey/",
        "pageTitle": "Our Journey"
      }
    ],
    "invalid": [],
    "scannedRedirects": [],
    "notScannedRedirects": [],
    "outOfDomain": [],
    "blacklisted": [
      "https://www.tech.gov.sg/files/media/corporate-publications/dgb-public-document_30dec20.pdf",
      "https://www.tech.gov.sg/files/digital-transformation/ministry-family-digitalisation-guide.pdf"
    ],
    "exceededRequests": [
      "https://www.tech.gov.sg/who-we-are/our-culture-and-values/",
      "https://www.tech.gov.sg/who-we-are/our-digital-government-rankings/",
      "https://www.tech.gov.sg/who-we-are/our-statistics/"
    ],
    "forbidden": []
  }
}