{
  "startTime": 1693210970434,
  "crawlType": "Sitemap",
  "requestUrl": "https://www.tech.gov.sg/sitemap.xml",
  "endTime": 1693210988938,
  "urlsCrawled": {
    "toScan": [],
    "scanned": [
      {
        "url": "https://www.tech.gov.sg/careers/overview/",
        "pageTitle": "Careers"
      },
      {
        "url": "https://www.tech.gov.sg/careers/how-we-hire/",
        "pageTitle": "How We Hire"
      },
      {
        "url": "https://www.tech.gov.sg/careers/how-we-work/",
        "pageTitle": "How We Work"
      },
      {
        "url": "https://www.tech.gov.sg/careers/students-and-graduates/",
        "pageTitle": "Students and Graduates"
      },
      {
        "url": "https://www.tech.gov.sg/careers/smart-nation-fellowship-programme/",
        "pageTitle": "Smart Nation Fellowship Programme"
      },
      {
        "url": "https://www.tech.gov.sg/careers/the-govtech-network/",
        "pageTitle": "Our Alumni Network"
      },
      {
        "url": "https://www.tech.gov.sg/media/technews/singapore-entities-to-get-one-identification-number-for-all-government-interaction",
        "pageTitle": "Singapore entities to get one identification number for all government interaction"
      },
      {
        "url": "https://www.tech.gov.sg/media/technews/reentry-permits-go-electronic",
        "pageTitle": "Re-Entry Permits go electronic"
      },
      {
        "url": "https://www.tech.gov.sg/media/media-releases/eighteen-government-services-score-e-government-excellence-awards",
        "pageTitle": "Eighteen Government Services Score e-Government Excellence Awards"
      },
      {
        "url": "https://www.tech.gov.sg/media/speeches/speech-by-mr-peter-ong-head-civil-service-at-the-inaugural-egov-excellence-awards-2013",
        "pageTitle": "Speech by Mr Peter Ong, Head Civil Service, at the Inaugural eGov Excellence Awards 2013 (eGEA)"
      }
    ],
    "invalid": [],
    "scannedRedirects": [],
    "notScannedRedirects": [],
    "outOfDomain": [],
    "blacklisted": [],
    "exceededRequests": [],
    "forbidden": []
  }
}