{
  "startTime": 1694749310949,
  "crawlType": "Website",
  "requestUrl": "https://www.tech.gov.sg/",
  "endTime": 1694749318546,
  "urlsCrawled": {
    "toScan": [],
    "scanned": [
      {
        "url": "https://www.tech.gov.sg/",
        "pageTitle": "Government Technology Agency"
      }
    ],
    "invalid": [],
    "scannedRedirects": [],
    "notScannedRedirects": [],
    "outOfDomain": [],
    "blacklisted": [],
    "error": [],
    "exceededRequests": [
      "https://www.tech.gov.sg/digital-government-transformation/"
    ],
    "forbidden": [],
    "userExcluded": []
  }
}