{
  "startTime": 1693378355732,
  "crawlType": "Sitemap",
  "requestUrl": "https://rss.nytimes.com/services/xml/rss/nyt/AsiaPacific.xml",
  "endTime": 1693378414678,
  "urlsCrawled": {
    "toScan": [],
    "scanned": [
      {
        "url": "https://www.nytimes.com/section/world/asia",
        "pageTitle": "Asia Pacific - The New York Times"
      },
      {
        "url": "\nhttps://www.nytimes.com/2023/08/30/world/asia/typhoon-saola-hong-kong-taiwan-china.html\n",
        "pageTitle": "Typhoon Saola Nears Taiwan, China and Hong Kong - The New York Times"
      },
      {
        "url": "\nhttps://www.nytimes.com/2023/08/29/world/australia/voice-aboriginal-indigenous.html\n",
        "pageTitle": "Will a Bitterly Divided Australia Elevate the Aboriginal Voice? - The New York Times"
      },
      {
        "url": "\nhttps://www.nytimes.com/2023/08/29/briefing/china-imran-khan-ukraine.html\n",
        "pageTitle": "Wednesday Briefing: U.S. Businesses Say China Is ‘Uninvestable’ - The New York Times"
      },
      {
        "url": "\nhttps://www.nytimes.com/2023/08/29/business/economy/china-us-trade-supply-chain.html\n",
        "pageTitle": "Factories May Be Leaving China, but Trade Ties Are Stronger Than They Seem - The New York Times"
      },
      {
        "url": "\nhttps://www.nytimes.com/2023/08/29/technology/meta-china-influence-campaign.html\n",
        "pageTitle": "Meta’s ‘Biggest Single Takedown’ Removes Chinese Influence Campaign - The New York Times"
      },
      {
        "url": "\nhttps://www.nytimes.com/2023/08/29/travel/japan-rail-pass-price-increase.html\n",
        "pageTitle": "Price of Japan Rail Pass to Increase - The New York Times"
      },
      {
        "url": "\nhttps://www.nytimes.com/2023/08/29/world/asia/pakistan-imran-khan-appeal.html\n",
        "pageTitle": "Imran Khan’s 3-Year Sentence Is Suspended by Pakistan Appeals Court - The New York Times"
      },
      {
        "url": "\nhttps://www.nytimes.com/2023/08/29/business/us-china-raimondo-decouple-he-lifeng.html\n",
        "pageTitle": "U.S. Does Not Want to ‘Decouple’ From China, Raimondo Says - The New York Times"
      },
      {
        "url": "\nhttps://www.nytimes.com/2023/08/29/world/asia/china-economic-gloom.html\n",
        "pageTitle": "China’s Economic Outlook: Pep Talks Up Top, Gloom on the Ground - The New York Times"
      }
    ],
    "invalid": [],
    "scannedRedirects": [],
    "notScannedRedirects": [],
    "outOfDomain": [],
    "blacklisted": [],
    "exceededRequests": [],
    "forbidden": []
  }
}