"severity","issueId","issueDescription","wcagConformance","url","context","howToFix","axeImpact","xpath","learnMore"
"needsReview","aria-prohibited-attr","Elements must only use permitted ARIA attributes","wcag412","https://www.tech.gov.sg/about-us/our-achievements/our-kpis/","<a class=""third-level-nav-header "" aria-label=""What We Do"">What We Do<i class=""sgds-icon sgds-icon-chevron-down is-pulled-right is-size-4"" aria-hidden=""true""></i>                                                </a>","aria-label attribute is not well supported on a a with no valid role attribute.","serious","a[aria-label=""What We Do""]","https://dequeuniversity.com/rules/axe/4.10/aria-prohibited-attr?application=purple-a11y"
"needsReview","aria-prohibited-attr","Elements must only use permitted ARIA attributes","wcag412","https://www.tech.gov.sg/about-us/our-achievements/our-kpis/","<a class=""third-level-nav-header "" aria-label=""Our Journey"">Our Journey<i class=""sgds-icon sgds-icon-chevron-down is-pulled-right is-size-4"" aria-hidden=""true""></i>                                                </a>","aria-label attribute is not well supported on a a with no valid role attribute.","serious","a[aria-label=""Our Journey""]","https://dequeuniversity.com/rules/axe/4.10/aria-prohibited-attr?application=purple-a11y"
"needsReview","aria-prohibited-attr","Elements must only use permitted ARIA attributes","wcag412","https://www.tech.gov.sg/about-us/our-achievements/our-kpis/","<a class=""third-level-nav-header is-active"" aria-label=""Our Achievements"">Our Achievements<i class=""sgds-icon sgds-icon-chevron-up is-pulled-right is-size-4"" aria-hidden=""true""></i>                                                </a>","aria-label attribute is not well supported on a a with no valid role attribute.","serious",".is-active","https://dequeuniversity.com/rules/axe/4.10/aria-prohibited-attr?application=purple-a11y"
"needsReview","aria-prohibited-attr","Elements must only use permitted ARIA attributes","wcag412","https://www.tech.gov.sg/about-us/our-journey/our-story/","<a class=""third-level-nav-header "" aria-label=""What We Do"">What We Do<i class=""sgds-icon sgds-icon-chevron-down is-pulled-right is-size-4"" aria-hidden=""true""></i>                                                </a>","aria-label attribute is not well supported on a a with no valid role attribute.","serious","a[aria-label=""What We Do""]","https://dequeuniversity.com/rules/axe/4.10/aria-prohibited-attr?application=purple-a11y"
"needsReview","aria-prohibited-attr","Elements must only use permitted ARIA attributes","wcag412","https://www.tech.gov.sg/about-us/our-journey/our-story/","<a class=""third-level-nav-header is-active"" aria-label=""Our Journey"">Our Journey<i class=""sgds-icon sgds-icon-chevron-up is-pulled-right is-size-4"" aria-hidden=""true""></i>                                                </a>","aria-label attribute is not well supported on a a with no valid role attribute.","serious",".is-active","https://dequeuniversity.com/rules/axe/4.10/aria-prohibited-attr?application=purple-a11y"
"needsReview","aria-prohibited-attr","Elements must only use permitted ARIA attributes","wcag412","https://www.tech.gov.sg/about-us/our-journey/our-story/","<a class=""third-level-nav-header "" aria-label=""Our Achievements"">Our Achievements<i class=""sgds-icon sgds-icon-chevron-down is-pulled-right is-size-4"" aria-hidden=""true""></i>                                                </a>","aria-label attribute is not well supported on a a with no valid role attribute.","serious","a[aria-label=""Our Achievements""]","https://dequeuniversity.com/rules/axe/4.10/aria-prohibited-attr?application=purple-a11y"
"needsReview","aria-prohibited-attr","Elements must only use permitted ARIA attributes","wcag412","https://www.tech.gov.sg/about-us/what-we-do/our-role/","<a class=""third-level-nav-header is-active"" aria-label=""What We Do"">What We Do<i class=""sgds-icon sgds-icon-chevron-up is-pulled-right is-size-4"" aria-hidden=""true""></i>                                                </a>","aria-label attribute is not well supported on a a with no valid role attribute.","serious",".is-active","https://dequeuniversity.com/rules/axe/4.10/aria-prohibited-attr?application=purple-a11y"
"needsReview","aria-prohibited-attr","Elements must only use permitted ARIA attributes","wcag412","https://www.tech.gov.sg/about-us/what-we-do/our-role/","<a class=""third-level-nav-header "" aria-label=""Our Journey"">Our Journey<i class=""sgds-icon sgds-icon-chevron-down is-pulled-right is-size-4"" aria-hidden=""true""></i>                                                </a>","aria-label attribute is not well supported on a a with no valid role attribute.","serious","a[aria-label=""Our Journey""]","https://dequeuniversity.com/rules/axe/4.10/aria-prohibited-attr?application=purple-a11y"
"needsReview","aria-prohibited-attr","Elements must only use permitted ARIA attributes","wcag412","https://www.tech.gov.sg/about-us/what-we-do/our-role/","<a class=""third-level-nav-header "" aria-label=""Our Achievements"">Our Achievements<i class=""sgds-icon sgds-icon-chevron-down is-pulled-right is-size-4"" aria-hidden=""true""></i>                                                </a>","aria-label attribute is not well supported on a a with no valid role attribute.","serious","a[aria-label=""Our Achievements""]","https://dequeuniversity.com/rules/axe/4.10/aria-prohibited-attr?application=purple-a11y"
"needsReview","aria-prohibited-attr","Elements must only use permitted ARIA attributes","wcag412","https://www.tech.gov.sg/about-us/who-we-are/","<a class=""third-level-nav-header "" aria-label=""What We Do"">What We Do<i class=""sgds-icon sgds-icon-chevron-down is-pulled-right is-size-4"" aria-hidden=""true""></i>                                                </a>","aria-label attribute is not well supported on a a with no valid role attribute.","serious","a[aria-label=""What We Do""]","https://dequeuniversity.com/rules/axe/4.10/aria-prohibited-attr?application=purple-a11y"
"needsReview","aria-prohibited-attr","Elements must only use permitted ARIA attributes","wcag412","https://www.tech.gov.sg/about-us/who-we-are/","<a class=""third-level-nav-header "" aria-label=""Our Journey"">Our Journey<i class=""sgds-icon sgds-icon-chevron-down is-pulled-right is-size-4"" aria-hidden=""true""></i>                                                </a>","aria-label attribute is not well supported on a a with no valid role attribute.","serious","a[aria-label=""Our Journey""]","https://dequeuniversity.com/rules/axe/4.10/aria-prohibited-attr?application=purple-a11y"
"needsReview","aria-prohibited-attr","Elements must only use permitted ARIA attributes","wcag412","https://www.tech.gov.sg/about-us/who-we-are/","<a class=""third-level-nav-header "" aria-label=""Our Achievements"">Our Achievements<i class=""sgds-icon sgds-icon-chevron-down is-pulled-right is-size-4"" aria-hidden=""true""></i>                                                </a>","aria-label attribute is not well supported on a a with no valid role attribute.","serious","a[aria-label=""Our Achievements""]","https://dequeuniversity.com/rules/axe/4.10/aria-prohibited-attr?application=purple-a11y"
"needsReview","color-contrast","Elements must meet minimum color contrast ratio thresholds","wcag143","https://www.tech.gov.sg/","<b>Singapore AI CTF 2024</b>","Element's background color could not be determined due to a background image","serious",".mb-4 > b","https://dequeuniversity.com/rules/axe/4.10/color-contrast?application=purple-a11y"
"needsReview","color-contrast","Elements must meet minimum color contrast ratio thresholds","wcag143","https://www.tech.gov.sg/","<p class=""has-text-weight-semibold has-text-white key-highlight-title is-uppercase padding--top--xs"">For Government Agencies</p>","Element's background color could not be determined because it is overlapped by another element","serious","a[href$=""for-government-agencies""] > .key-highlights-text > .has-text-weight-semibold.key-highlight-title.padding--top--xs","https://dequeuniversity.com/rules/axe/4.10/color-contrast?application=purple-a11y"
"needsReview","color-contrast","Elements must meet minimum color contrast ratio thresholds","wcag143","https://www.tech.gov.sg/","<p class=""has-text-white-trans padding--bottom--sm"">Productivity and collaboration</p>","Element's background color could not be determined because it is overlapped by another element","serious","a[href$=""for-government-agencies""] > .key-highlights-text > .has-text-white-trans.padding--bottom--sm","https://dequeuniversity.com/rules/axe/4.10/color-contrast?application=purple-a11y"
"needsReview","color-contrast","Elements must meet minimum color contrast ratio thresholds","wcag143","https://www.tech.gov.sg/","<div class=""sc-EHOje hclKXJ"">Chat with Gayle!</div>","Element's background color could not be determined because it partially overlaps other elements","serious",".sc-EHOje","https://dequeuniversity.com/rules/axe/4.10/color-contrast?application=purple-a11y"
"needsReview","color-contrast","Elements must meet minimum color contrast ratio thresholds","wcag143","https://www.tech.gov.sg/about-us/what-we-do/our-role/","<div class=""sc-EHOje hclKXJ"">Chat with Gayle!</div>","Element's background color could not be determined because it partially overlaps other elements","serious",".sc-EHOje","https://dequeuniversity.com/rules/axe/4.10/color-contrast?application=purple-a11y"
"needsReview","color-contrast","Elements must meet minimum color contrast ratio thresholds","wcag143","https://www.tech.gov.sg/about-us/who-we-are/","<p class=""is-hidden-mobile"">Our Role</p>","Element's background color could not be determined because it is overlapped by another element","serious",".is-full > .is-hidden-mobile","https://dequeuniversity.com/rules/axe/4.10/color-contrast?application=purple-a11y"
"mustFix","button-name","Buttons must have discernible text","wcag412","https://www.tech.gov.sg/about-us/our-achievements/our-kpis/","<button class=""bp-button"">            <i class=""sgds-icon sgds-icon-mail is-size-4"">            </i>            </button>","Fix any of the following:   Element does not have inner text that is visible to screen readers   aria-label attribute does not exist or is empty   aria-labelledby attribute does not exist, references elements that do not exist or references elements that are empty   Element has no title attribute   Element's default semantics were not overridden with role=""none"" or role=""presentation""","critical","#mail-anchor > button","https://dequeuniversity.com/rules/axe/4.10/button-name?application=purple-a11y"
"mustFix","button-name","Buttons must have discernible text","wcag412","https://www.tech.gov.sg/about-us/our-achievements/our-kpis/","<button class=""bp-button"">              <i class=""sgds-icon sgds-icon-facebook-alt is-size-4"">              </i>            </button>","Fix any of the following:   Element does not have inner text that is visible to screen readers   aria-label attribute does not exist or is empty   aria-labelledby attribute does not exist, references elements that do not exist or references elements that are empty   Element has no title attribute   Element's default semantics were not overridden with role=""none"" or role=""presentation""","critical","#fb-anchor > button","https://dequeuniversity.com/rules/axe/4.10/button-name?application=purple-a11y"
"mustFix","button-name","Buttons must have discernible text","wcag412","https://www.tech.gov.sg/about-us/our-achievements/our-kpis/","<button class=""bp-button"">              <i class=""sgds-icon sgds-icon-linkedin-alt is-size-4"">              </i>            </button>","Fix any of the following:   Element does not have inner text that is visible to screen readers   aria-label attribute does not exist or is empty   aria-labelledby attribute does not exist, references elements that do not exist or references elements that are empty   Element has no title attribute   Element's default semantics were not overridden with role=""none"" or role=""presentation""","critical","#li-anchor > button","https://dequeuniversity.com/rules/axe/4.10/button-name?application=purple-a11y"
"mustFix","button-name","Buttons must have discernible text","wcag412","https://www.tech.gov.sg/about-us/our-journey/our-story/","<button class=""bp-button"">            <i class=""sgds-icon sgds-icon-mail is-size-4"">            </i>            </button>","Fix any of the following:   Element does not have inner text that is visible to screen readers   aria-label attribute does not exist or is empty   aria-labelledby attribute does not exist, references elements that do not exist or references elements that are empty   Element has no title attribute   Element's default semantics were not overridden with role=""none"" or role=""presentation""","critical","#mail-anchor > button","https://dequeuniversity.com/rules/axe/4.10/button-name?application=purple-a11y"
"mustFix","button-name","Buttons must have discernible text","wcag412","https://www.tech.gov.sg/about-us/our-journey/our-story/","<button class=""bp-button"">              <i class=""sgds-icon sgds-icon-facebook-alt is-size-4"">              </i>            </button>","Fix any of the following:   Element does not have inner text that is visible to screen readers   aria-label attribute does not exist or is empty   aria-labelledby attribute does not exist, references elements that do not exist or references elements that are empty   Element has no title attribute   Element's default semantics were not overridden with role=""none"" or role=""presentation""","critical","#fb-anchor > button","https://dequeuniversity.com/rules/axe/4.10/button-name?application=purple-a11y"
"mustFix","button-name","Buttons must have discernible text","wcag412","https://www.tech.gov.sg/about-us/our-journey/our-story/","<button class=""bp-button"">              <i class=""sgds-icon sgds-icon-linkedin-alt is-size-4"">              </i>            </button>","Fix any of the following:   Element does not have inner text that is visible to screen readers   aria-label attribute does not exist or is empty   aria-labelledby attribute does not exist, references elements that do not exist or references elements that are empty   Element has no title attribute   Element's default semantics were not overridden with role=""none"" or role=""presentation""","critical","#li-anchor > button","https://dequeuniversity.com/rules/axe/4.10/button-name?application=purple-a11y"
"mustFix","button-name","Buttons must have discernible text","wcag412","https://www.tech.gov.sg/about-us/what-we-do/our-role/","<button class=""bp-button"">            <i class=""sgds-icon sgds-icon-mail is-size-4"">            </i>            </button>","Fix any of the following:   Element does not have inner text that is visible to screen readers   aria-label attribute does not exist or is empty   aria-labelledby attribute does not exist, references elements that do not exist or references elements that are empty   Element has no title attribute   Element's default semantics were not overridden with role=""none"" or role=""presentation""","critical","#mail-anchor > button","https://dequeuniversity.com/rules/axe/4.10/button-name?application=purple-a11y"
"mustFix","button-name","Buttons must have discernible text","wcag412","https://www.tech.gov.sg/about-us/what-we-do/our-role/","<button class=""bp-button"">              <i class=""sgds-icon sgds-icon-facebook-alt is-size-4"">              </i>            </button>","Fix any of the following:   Element does not have inner text that is visible to screen readers   aria-label attribute does not exist or is empty   aria-labelledby attribute does not exist, references elements that do not exist or references elements that are empty   Element has no title attribute   Element's default semantics were not overridden with role=""none"" or role=""presentation""","critical","#fb-anchor > button","https://dequeuniversity.com/rules/axe/4.10/button-name?application=purple-a11y"
"mustFix","button-name","Buttons must have discernible text","wcag412","https://www.tech.gov.sg/about-us/what-we-do/our-role/","<button class=""bp-button"">              <i class=""sgds-icon sgds-icon-linkedin-alt is-size-4"">              </i>            </button>","Fix any of the following:   Element does not have inner text that is visible to screen readers   aria-label attribute does not exist or is empty   aria-labelledby attribute does not exist, references elements that do not exist or references elements that are empty   Element has no title attribute   Element's default semantics were not overridden with role=""none"" or role=""presentation""","critical","#li-anchor > button","https://dequeuniversity.com/rules/axe/4.10/button-name?application=purple-a11y"
"mustFix","button-name","Buttons must have discernible text","wcag412","https://www.tech.gov.sg/about-us/who-we-are/","<button class=""bp-button"">            <i class=""sgds-icon sgds-icon-mail is-size-4"">            </i>            </button>","Fix any of the following:   Element does not have inner text that is visible to screen readers   aria-label attribute does not exist or is empty   aria-labelledby attribute does not exist, references elements that do not exist or references elements that are empty   Element has no title attribute   Element's default semantics were not overridden with role=""none"" or role=""presentation""","critical","#mail-anchor > button","https://dequeuniversity.com/rules/axe/4.10/button-name?application=purple-a11y"
"mustFix","button-name","Buttons must have discernible text","wcag412","https://www.tech.gov.sg/about-us/who-we-are/","<button class=""bp-button"">              <i class=""sgds-icon sgds-icon-facebook-alt is-size-4"">              </i>            </button>","Fix any of the following:   Element does not have inner text that is visible to screen readers   aria-label attribute does not exist or is empty   aria-labelledby attribute does not exist, references elements that do not exist or references elements that are empty   Element has no title attribute   Element's default semantics were not overridden with role=""none"" or role=""presentation""","critical","#fb-anchor > button","https://dequeuniversity.com/rules/axe/4.10/button-name?application=purple-a11y"
"mustFix","button-name","Buttons must have discernible text","wcag412","https://www.tech.gov.sg/about-us/who-we-are/","<button class=""bp-button"">              <i class=""sgds-icon sgds-icon-linkedin-alt is-size-4"">              </i>            </button>","Fix any of the following:   Element does not have inner text that is visible to screen readers   aria-label attribute does not exist or is empty   aria-labelledby attribute does not exist, references elements that do not exist or references elements that are empty   Element has no title attribute   Element's default semantics were not overridden with role=""none"" or role=""presentation""","critical","#li-anchor > button","https://dequeuniversity.com/rules/axe/4.10/button-name?application=purple-a11y"
"mustFix","color-contrast","Elements must meet minimum color contrast ratio thresholds","wcag143","https://www.tech.gov.sg/","<p class=""has-text-white-trans padding--bottom--sm"">Tips, events and stories</p>","Fix any of the following:   Element has insufficient color contrast of 3.61 (foreground color: #e9bcdd, background color: #b41e8e, font size: 12.0pt (16px), font weight: normal). Expected contrast ratio of 4.5:1","serious","a[href$=""for-citizens""] > .key-highlights-text > .has-text-white-trans.padding--bottom--sm","https://dequeuniversity.com/rules/axe/4.10/color-contrast?application=purple-a11y"
"mustFix","color-contrast","Elements must meet minimum color contrast ratio thresholds","wcag143","https://www.tech.gov.sg/","<p class=""has-text-white-trans padding--bottom--sm"">Tools and resources</p>","Fix any of the following:   Element has insufficient color contrast of 3.61 (foreground color: #e9bcdd, background color: #b41e8e, font size: 12.0pt (16px), font weight: normal). Expected contrast ratio of 4.5:1","serious","a[href$=""for-businesses""] > .key-highlights-text > .has-text-white-trans.padding--bottom--sm","https://dequeuniversity.com/rules/axe/4.10/color-contrast?application=purple-a11y"
"mustFix","color-contrast","Elements must meet minimum color contrast ratio thresholds","wcag143","https://www.tech.gov.sg/","<p class=""has-text-white-trans padding--bottom--sm"">Partnership opportunities</p>","Fix any of the following:   Element has insufficient color contrast of 3.61 (foreground color: #e9bcdd, background color: #b41e8e, font size: 12.0pt (16px), font weight: normal). Expected contrast ratio of 4.5:1","serious","a[href$=""for-vendors""] > .key-highlights-text > .has-text-white-trans.padding--bottom--sm","https://dequeuniversity.com/rules/axe/4.10/color-contrast?application=purple-a11y"
"mustFix","color-contrast","Elements must meet minimum color contrast ratio thresholds","wcag143","https://www.tech.gov.sg/","<small class=""has-text-white padding--bottom"">EVENTS</small>","Fix any of the following:   Element has insufficient color contrast of 2.76 (foreground color: #ffffff, background color: #f47920, font size: 11.3pt (15px), font weight: normal). Expected contrast ratio of 4.5:1","serious",".bg-media-color-1 > div:nth-child(1) > small","https://dequeuniversity.com/rules/axe/4.10/color-contrast?application=purple-a11y"
"mustFix","color-contrast","Elements must meet minimum color contrast ratio thresholds","wcag143","https://www.tech.gov.sg/","<b>Singapore AI CTF (26 Oct 2024)</b>","Fix any of the following:   Element has insufficient color contrast of 2.76 (foreground color: #ffffff, background color: #f47920, font size: 19.5pt (26px), font weight: normal). Expected contrast ratio of 3:1","serious",".bg-media-color-1 > div:nth-child(1) > h4 > b","https://dequeuniversity.com/rules/axe/4.10/color-contrast?application=purple-a11y"
"mustFix","color-contrast","Elements must meet minimum color contrast ratio thresholds","wcag143","https://www.tech.gov.sg/","<small class=""has-text-white"">02 OCT 2024</small>","Fix any of the following:   Element has insufficient color contrast of 2.76 (foreground color: #ffffff, background color: #f47920, font size: 11.3pt (15px), font weight: normal). Expected contrast ratio of 4.5:1","serious",".bg-media-color-1 > .description.is-fluid.padding--top--md > small","https://dequeuniversity.com/rules/axe/4.10/color-contrast?application=purple-a11y"
"mustFix","list","<ul> and <ol> must only directly contain <li>, <script> or <template> elements","wcag131","https://www.tech.gov.sg/about-us/our-achievements/our-kpis/","<ul class=""bp-menu-list"">","Fix all of the following:   List element has direct children that are not allowed: div","serious",".bp-menu-list","https://dequeuniversity.com/rules/axe/4.10/list?application=purple-a11y"
"mustFix","list","<ul> and <ol> must only directly contain <li>, <script> or <template> elements","wcag131","https://www.tech.gov.sg/about-us/our-journey/our-story/","<ul class=""bp-menu-list"">","Fix all of the following:   List element has direct children that are not allowed: div","serious",".bp-menu-list","https://dequeuniversity.com/rules/axe/4.10/list?application=purple-a11y"
"mustFix","list","<ul> and <ol> must only directly contain <li>, <script> or <template> elements","wcag131","https://www.tech.gov.sg/about-us/what-we-do/our-role/","<ul class=""bp-menu-list"">","Fix all of the following:   List element has direct children that are not allowed: div","serious",".bp-menu-list","https://dequeuniversity.com/rules/axe/4.10/list?application=purple-a11y"
"mustFix","listitem","<li> elements must be contained in a <ul> or <ol>","wcag131","https://www.tech.gov.sg/about-us/our-achievements/our-kpis/","<li><a class=""third-level-nav-item padding--top--none has-text-secondary has-text-weight-bold"" href=""/about-us/our-achievements/our-kpis/"">Our KPIs</a></li>","Fix any of the following:   List item does not have a <ul>, <ol> parent element","serious",".third-level-nav-div:nth-child(7) > li:nth-child(1)","https://dequeuniversity.com/rules/axe/4.10/listitem?application=purple-a11y"
"mustFix","listitem","<li> elements must be contained in a <ul> or <ol>","wcag131","https://www.tech.gov.sg/about-us/our-achievements/our-kpis/","<li><a class=""third-level-nav-item padding--top--none "" href=""/about-us/our-achievements/our-digital-government-rankings/"">Our Digital Government Rankings</a></li>","Fix any of the following:   List item does not have a <ul>, <ol> parent element","serious",".third-level-nav-div:nth-child(7) > li:nth-child(2)","https://dequeuniversity.com/rules/axe/4.10/listitem?application=purple-a11y"
"mustFix","listitem","<li> elements must be contained in a <ul> or <ol>","wcag131","https://www.tech.gov.sg/about-us/our-achievements/our-kpis/","<li><a class=""third-level-nav-item padding--top--none "" href=""/about-us/our-achievements/our-awards-and-recognitions/"">Our Awards and Recognition</a></li>","Fix any of the following:   List item does not have a <ul>, <ol> parent element","serious",".third-level-nav-div:nth-child(7) > li:nth-child(3)","https://dequeuniversity.com/rules/axe/4.10/listitem?application=purple-a11y"
"mustFix","listitem","<li> elements must be contained in a <ul> or <ol>","wcag131","https://www.tech.gov.sg/about-us/our-journey/our-story/","<li><a class=""third-level-nav-item padding--top--none has-text-secondary has-text-weight-bold"" href=""/about-us/our-journey/our-story/"">Our Story</a></li>","Fix any of the following:   List item does not have a <ul>, <ol> parent element","serious",".third-level-nav-div:nth-child(5) > li:nth-child(1)","https://dequeuniversity.com/rules/axe/4.10/listitem?application=purple-a11y"
"mustFix","listitem","<li> elements must be contained in a <ul> or <ol>","wcag131","https://www.tech.gov.sg/about-us/our-journey/our-story/","<li><a class=""third-level-nav-item padding--top--none "" href=""/about-us/our-journey/our-focus-areas/"">Our Focus Areas</a></li>","Fix any of the following:   List item does not have a <ul>, <ol> parent element","serious",".third-level-nav-div:nth-child(5) > li:nth-child(2)","https://dequeuniversity.com/rules/axe/4.10/listitem?application=purple-a11y"
"mustFix","listitem","<li> elements must be contained in a <ul> or <ol>","wcag131","https://www.tech.gov.sg/about-us/what-we-do/our-role/","<li><a class=""third-level-nav-item padding--top--none has-text-secondary has-text-weight-bold"" href=""/about-us/what-we-do/our-role/"">Our Role</a></li>","Fix any of the following:   List item does not have a <ul>, <ol> parent element","serious",".third-level-nav-div:nth-child(3) > li:nth-child(1)","https://dequeuniversity.com/rules/axe/4.10/listitem?application=purple-a11y"
"mustFix","listitem","<li> elements must be contained in a <ul> or <ol>","wcag131","https://www.tech.gov.sg/about-us/what-we-do/our-role/","<li><a class=""third-level-nav-item padding--top--none "" href=""/our-capabilities/"">Our Capabilities</a></li>","Fix any of the following:   List item does not have a <ul>, <ol> parent element","serious",".third-level-nav-div:nth-child(3) > li:nth-child(2)","https://dequeuniversity.com/rules/axe/4.10/listitem?application=purple-a11y"
"mustFix","listitem","<li> elements must be contained in a <ul> or <ol>","wcag131","https://www.tech.gov.sg/about-us/what-we-do/our-role/","<li><a class=""third-level-nav-item padding--top--none "" href=""/our-digital-government-efforts/"">Our Digital Government Efforts</a></li>","Fix any of the following:   List item does not have a <ul>, <ol> parent element","serious",".third-level-nav-div:nth-child(3) > li:nth-child(3)","https://dequeuniversity.com/rules/axe/4.10/listitem?application=purple-a11y"
"goodToFix","heading-order","Heading levels should only increase by one","best-practice","https://www.tech.gov.sg/","<h4 class=""has-text-white padding--bottom--lg"" style=""line-height: 2.25rem""><b>GovTech Annual Report FY 2023–2024</b></h4>","Fix any of the following:   Heading order invalid","moderate",".col:nth-child(1) > .is-media-card[rel=""noreferrer""][target=""_blank""] > .bg-media-color-5.media-card-plain.padding--lg > div:nth-child(1) > h4","https://dequeuniversity.com/rules/axe/4.10/heading-order?application=purple-a11y"
"goodToFix","heading-order","Heading levels should only increase by one","best-practice","https://www.tech.gov.sg/","<h3 class=""h3"">          Subscribe to TechNews        </h3>","Fix any of the following:   Heading order invalid","moderate",".textcards-card-body.p-6.remove-after:nth-child(1) > h3","https://dequeuniversity.com/rules/axe/4.10/heading-order?application=purple-a11y"
"goodToFix","heading-order","Heading levels should only increase by one","best-practice","https://www.tech.gov.sg/","<h3 class=""h3 mb-2 mb-lg-4"">STACK Developer Conference</h3>","Fix any of the following:   Heading order invalid","moderate",".is-desktop.px-0.py-6:nth-child(2) > .is-4-desktop.mb-6.mb-lg-0 > .mb-lg-4.mb-2","https://dequeuniversity.com/rules/axe/4.10/heading-order?application=purple-a11y"
"goodToFix","heading-order","Heading levels should only increase by one","best-practice","https://www.tech.gov.sg/","<h5 class=""sub-header has-text-white"">                    <b>Government Technology Agency of Singapore | GovTech</b>                </h5>","Fix any of the following:   Heading order invalid","moderate","h5","https://dequeuniversity.com/rules/axe/4.10/heading-order?application=purple-a11y"
"goodToFix","heading-order","Heading levels should only increase by one","best-practice","https://www.tech.gov.sg/about-us/our-journey/our-story/","<h3>GovTech's story at a glance</h3>","Fix any of the following:   Heading order invalid","moderate","h3:nth-child(1)","https://dequeuniversity.com/rules/axe/4.10/heading-order?application=purple-a11y"
"goodToFix","heading-order","Heading levels should only increase by one","best-practice","https://www.tech.gov.sg/about-us/our-journey/our-story/","<h5 class=""sub-header has-text-white"">                    <b>Government Technology Agency of Singapore | GovTech</b>                </h5>","Fix any of the following:   Heading order invalid","moderate","h5","https://dequeuniversity.com/rules/axe/4.10/heading-order?application=purple-a11y"
"goodToFix","heading-order","Heading levels should only increase by one","best-practice","https://www.tech.gov.sg/about-us/what-we-do/our-role/","<h5 class=""sub-header has-text-white"">                    <b>Government Technology Agency of Singapore | GovTech</b>                </h5>","Fix any of the following:   Heading order invalid","moderate","h5","https://dequeuniversity.com/rules/axe/4.10/heading-order?application=purple-a11y"
"goodToFix","heading-order","Heading levels should only increase by one","best-practice","https://www.tech.gov.sg/about-us/who-we-are/","<h5 class=""sub-header has-text-white"">                    <b>Government Technology Agency of Singapore | GovTech</b>                </h5>","Fix any of the following:   Heading order invalid","moderate","h5","https://dequeuniversity.com/rules/axe/4.10/heading-order?application=purple-a11y"
"goodToFix","landmark-complementary-is-top-level","Aside should not be contained in another landmark","best-practice","https://www.tech.gov.sg/about-us/our-achievements/our-kpis/","<aside class=""bp-menu is-gt sidebar__inner"" style=""position: relative;"">","Fix any of the following:   The null landmark is contained in another landmark.","moderate","aside","https://dequeuniversity.com/rules/axe/4.10/landmark-complementary-is-top-level?application=purple-a11y"
"goodToFix","landmark-complementary-is-top-level","Aside should not be contained in another landmark","best-practice","https://www.tech.gov.sg/about-us/our-journey/our-story/","<aside class=""bp-menu is-gt sidebar__inner"" style=""position: relative;"">","Fix any of the following:   The null landmark is contained in another landmark.","moderate","aside","https://dequeuniversity.com/rules/axe/4.10/landmark-complementary-is-top-level?application=purple-a11y"
"goodToFix","landmark-complementary-is-top-level","Aside should not be contained in another landmark","best-practice","https://www.tech.gov.sg/about-us/what-we-do/our-role/","<aside class=""bp-menu is-gt sidebar__inner"" style=""position: relative;"">","Fix any of the following:   The null landmark is contained in another landmark.","moderate","aside","https://dequeuniversity.com/rules/axe/4.10/landmark-complementary-is-top-level?application=purple-a11y"
"goodToFix","landmark-complementary-is-top-level","Aside should not be contained in another landmark","best-practice","https://www.tech.gov.sg/about-us/who-we-are/","<aside class=""bp-menu is-gt sidebar__inner"" style=""position: relative;"">","Fix any of the following:   The null landmark is contained in another landmark.","moderate","aside","https://dequeuniversity.com/rules/axe/4.10/landmark-complementary-is-top-level?application=purple-a11y"
"goodToFix","landmark-no-duplicate-contentinfo","Document should not have more than one contentinfo landmark","best-practice","https://www.tech.gov.sg/","<footer class=""bp-footer top-section"" onclick="""">","Fix any of the following:   Document has more than one contentinfo landmark","moderate",".top-section","https://dequeuniversity.com/rules/axe/4.10/landmark-no-duplicate-contentinfo?application=purple-a11y"
"goodToFix","landmark-no-duplicate-contentinfo","Document should not have more than one contentinfo landmark","best-practice","https://www.tech.gov.sg/about-us/our-achievements/our-kpis/","<footer class=""bp-footer top-section"" onclick="""">","Fix any of the following:   Document has more than one contentinfo landmark","moderate",".top-section","https://dequeuniversity.com/rules/axe/4.10/landmark-no-duplicate-contentinfo?application=purple-a11y"
"goodToFix","landmark-no-duplicate-contentinfo","Document should not have more than one contentinfo landmark","best-practice","https://www.tech.gov.sg/about-us/our-journey/our-story/","<footer class=""bp-footer top-section"" onclick="""">","Fix any of the following:   Document has more than one contentinfo landmark","moderate",".top-section","https://dequeuniversity.com/rules/axe/4.10/landmark-no-duplicate-contentinfo?application=purple-a11y"
"goodToFix","landmark-no-duplicate-contentinfo","Document should not have more than one contentinfo landmark","best-practice","https://www.tech.gov.sg/about-us/what-we-do/our-role/","<footer class=""bp-footer top-section"" onclick="""">","Fix any of the following:   Document has more than one contentinfo landmark","moderate",".top-section","https://dequeuniversity.com/rules/axe/4.10/landmark-no-duplicate-contentinfo?application=purple-a11y"
"goodToFix","landmark-no-duplicate-contentinfo","Document should not have more than one contentinfo landmark","best-practice","https://www.tech.gov.sg/about-us/who-we-are/","<footer class=""bp-footer top-section"" onclick="""">","Fix any of the following:   Document has more than one contentinfo landmark","moderate",".top-section","https://dequeuniversity.com/rules/axe/4.10/landmark-no-duplicate-contentinfo?application=purple-a11y"
"goodToFix","landmark-unique","Landmarks should have a unique role or role/label/title (i.e. accessible name) combination","best-practice","https://www.tech.gov.sg/","<footer class=""bp-footer top-section"" onclick="""">","Fix any of the following:   The landmark must have a unique aria-label, aria-labelledby, or title to make landmarks distinguishable","moderate",".top-section","https://dequeuniversity.com/rules/axe/4.10/landmark-unique?application=purple-a11y"
"goodToFix","landmark-unique","Landmarks should have a unique role or role/label/title (i.e. accessible name) combination","best-practice","https://www.tech.gov.sg/about-us/our-achievements/our-kpis/","<footer class=""bp-footer top-section"" onclick="""">","Fix any of the following:   The landmark must have a unique aria-label, aria-labelledby, or title to make landmarks distinguishable","moderate",".top-section","https://dequeuniversity.com/rules/axe/4.10/landmark-unique?application=purple-a11y"
"goodToFix","landmark-unique","Landmarks should have a unique role or role/label/title (i.e. accessible name) combination","best-practice","https://www.tech.gov.sg/about-us/our-journey/our-story/","<footer class=""bp-footer top-section"" onclick="""">","Fix any of the following:   The landmark must have a unique aria-label, aria-labelledby, or title to make landmarks distinguishable","moderate",".top-section","https://dequeuniversity.com/rules/axe/4.10/landmark-unique?application=purple-a11y"
"goodToFix","landmark-unique","Landmarks should have a unique role or role/label/title (i.e. accessible name) combination","best-practice","https://www.tech.gov.sg/about-us/what-we-do/our-role/","<footer class=""bp-footer top-section"" onclick="""">","Fix any of the following:   The landmark must have a unique aria-label, aria-labelledby, or title to make landmarks distinguishable","moderate",".top-section","https://dequeuniversity.com/rules/axe/4.10/landmark-unique?application=purple-a11y"
"goodToFix","landmark-unique","Landmarks should have a unique role or role/label/title (i.e. accessible name) combination","best-practice","https://www.tech.gov.sg/about-us/who-we-are/","<footer class=""bp-footer top-section"" onclick="""">","Fix any of the following:   The landmark must have a unique aria-label, aria-labelledby, or title to make landmarks distinguishable","moderate",".top-section","https://dequeuniversity.com/rules/axe/4.10/landmark-unique?application=purple-a11y"
"goodToFix","region","All page content should be contained by landmarks","best-practice","https://www.tech.gov.sg/","<div class=""masthead-layout"" id=""bp-masthead"">","Fix any of the following:   Some page content is not contained by landmarks","moderate","#bp-masthead","https://dequeuniversity.com/rules/axe/4.10/region?application=purple-a11y"
"goodToFix","region","All page content should be contained by landmarks","best-practice","https://www.tech.gov.sg/","<div class=""sc-EHOje hclKXJ"">Chat with Gayle!</div>","Fix any of the following:   Some page content is not contained by landmarks","moderate",".sc-EHOje","https://dequeuniversity.com/rules/axe/4.10/region?application=purple-a11y"
"goodToFix","region","All page content should be contained by landmarks","best-practice","https://www.tech.gov.sg/","<div class=""sc-bwzfXH cRwaRu""><img alt=""Bot Launcher"" src=""https://www.tech.gov.sg/images/AskGayle-gif.gif"" class=""sc-htpNat iUqtne""></div>","Fix any of the following:   Some page content is not contained by landmarks","moderate",".sc-bwzfXH","https://dequeuniversity.com/rules/axe/4.10/region?application=purple-a11y"
"goodToFix","region","All page content should be contained by landmarks","best-practice","https://www.tech.gov.sg/about-us/our-achievements/our-kpis/","<div class=""masthead-layout"" id=""bp-masthead"">","Fix any of the following:   Some page content is not contained by landmarks","moderate","#bp-masthead","https://dequeuniversity.com/rules/axe/4.10/region?application=purple-a11y"
"goodToFix","region","All page content should be contained by landmarks","best-practice","https://www.tech.gov.sg/about-us/our-achievements/our-kpis/","<div class=""sc-EHOje hclKXJ"">Chat with Gayle!</div>","Fix any of the following:   Some page content is not contained by landmarks","moderate",".sc-EHOje","https://dequeuniversity.com/rules/axe/4.10/region?application=purple-a11y"
"goodToFix","region","All page content should be contained by landmarks","best-practice","https://www.tech.gov.sg/about-us/our-achievements/our-kpis/","<div class=""sc-bwzfXH cRwaRu""><img alt=""Bot Launcher"" src=""https://www.tech.gov.sg/images/AskGayle-gif.gif"" class=""sc-htpNat iUqtne""></div>","Fix any of the following:   Some page content is not contained by landmarks","moderate",".sc-bwzfXH","https://dequeuniversity.com/rules/axe/4.10/region?application=purple-a11y"
"goodToFix","region","All page content should be contained by landmarks","best-practice","https://www.tech.gov.sg/about-us/our-journey/our-story/","<div class=""masthead-layout"" id=""bp-masthead"">","Fix any of the following:   Some page content is not contained by landmarks","moderate","#bp-masthead","https://dequeuniversity.com/rules/axe/4.10/region?application=purple-a11y"
"goodToFix","region","All page content should be contained by landmarks","best-practice","https://www.tech.gov.sg/about-us/our-journey/our-story/","<div class=""sc-EHOje hclKXJ"">Chat with Gayle!</div>","Fix any of the following:   Some page content is not contained by landmarks","moderate",".sc-EHOje","https://dequeuniversity.com/rules/axe/4.10/region?application=purple-a11y"
"goodToFix","region","All page content should be contained by landmarks","best-practice","https://www.tech.gov.sg/about-us/our-journey/our-story/","<div class=""sc-bwzfXH cRwaRu""><img alt=""Bot Launcher"" src=""https://www.tech.gov.sg/images/AskGayle-gif.gif"" class=""sc-htpNat iUqtne""></div>","Fix any of the following:   Some page content is not contained by landmarks","moderate",".sc-bwzfXH","https://dequeuniversity.com/rules/axe/4.10/region?application=purple-a11y"
"goodToFix","region","All page content should be contained by landmarks","best-practice","https://www.tech.gov.sg/about-us/what-we-do/our-role/","<div class=""masthead-layout"" id=""bp-masthead"">","Fix any of the following:   Some page content is not contained by landmarks","moderate","#bp-masthead","https://dequeuniversity.com/rules/axe/4.10/region?application=purple-a11y"
"goodToFix","region","All page content should be contained by landmarks","best-practice","https://www.tech.gov.sg/about-us/what-we-do/our-role/","<div class=""sc-EHOje hclKXJ"">Chat with Gayle!</div>","Fix any of the following:   Some page content is not contained by landmarks","moderate",".sc-EHOje","https://dequeuniversity.com/rules/axe/4.10/region?application=purple-a11y"
"goodToFix","region","All page content should be contained by landmarks","best-practice","https://www.tech.gov.sg/about-us/what-we-do/our-role/","<div class=""sc-bwzfXH cRwaRu""><img alt=""Bot Launcher"" src=""https://www.tech.gov.sg/images/AskGayle-gif.gif"" class=""sc-htpNat iUqtne""></div>","Fix any of the following:   Some page content is not contained by landmarks","moderate",".sc-bwzfXH","https://dequeuniversity.com/rules/axe/4.10/region?application=purple-a11y"
"goodToFix","region","All page content should be contained by landmarks","best-practice","https://www.tech.gov.sg/about-us/who-we-are/","<div class=""masthead-layout"" id=""bp-masthead"">","Fix any of the following:   Some page content is not contained by landmarks","moderate","#bp-masthead","https://dequeuniversity.com/rules/axe/4.10/region?application=purple-a11y"
"goodToFix","region","All page content should be contained by landmarks","best-practice","https://www.tech.gov.sg/about-us/who-we-are/","<div class=""sc-EHOje hclKXJ"">Chat with Gayle!</div>","Fix any of the following:   Some page content is not contained by landmarks","moderate",".sc-EHOje","https://dequeuniversity.com/rules/axe/4.10/region?application=purple-a11y"
"goodToFix","region","All page content should be contained by landmarks","best-practice","https://www.tech.gov.sg/about-us/who-we-are/","<div class=""sc-bwzfXH cRwaRu""><img alt=""Bot Launcher"" src=""https://www.tech.gov.sg/images/AskGayle-gif.gif"" class=""sc-htpNat iUqtne""></div>","Fix any of the following:   Some page content is not contained by landmarks","moderate",".sc-bwzfXH","https://dequeuniversity.com/rules/axe/4.10/region?application=purple-a11y"