"id","url","severity","ruleId","ruleDescription","helpUrl","clauses","context","howToFix"
"6cab3e0b-8fb0-42ea-8dae-805c66b4150f","https://www.tech.gov.sg/","mustFix","color-contrast","Elements must meet minimum color contrast ratio thresholds","https://dequeuniversity.com/rules/axe/4.7/color-contrast?application=purple-hats","wcag143","<p class=""has-text-white-trans padding--bottom--sm"">Programmes for citizens, businesses and government agencies</p>","Fix any of the following:   Element has insufficient color contrast of 4.05 (foreground color: #ddc4df, background color: #8f3b93, font size: 12.0pt (16px), font weight: normal). Expected contrast ratio of 4.5:1"
"f3be6a1c-7cb7-4eb5-a36b-ca864f1173aa","https://www.tech.gov.sg/","mustFix","color-contrast","Elements must meet minimum color contrast ratio thresholds","https://dequeuniversity.com/rules/axe/4.7/color-contrast?application=purple-hats","wcag143","<p class=""has-text-white-trans padding--bottom--sm"">A Government that is “Digital to the Core, and Serves with Heart""</p>","Fix any of the following:   Element has insufficient color contrast of 4.05 (foreground color: #ddc4df, background color: #8f3b93, font size: 12.0pt (16px), font weight: normal). Expected contrast ratio of 4.5:1"
"2f263ace-3132-43dc-b99b-b7dca20a5196","https://www.tech.gov.sg/","mustFix","color-contrast","Elements must meet minimum color contrast ratio thresholds","https://dequeuniversity.com/rules/axe/4.7/color-contrast?application=purple-hats","wcag143","<p class=""has-text-white-trans padding--bottom--sm"">Get the latest tech stories and updates from GovTech</p>","Fix any of the following:   Element has insufficient color contrast of 4.05 (foreground color: #ddc4df, background color: #8f3b93, font size: 12.0pt (16px), font weight: normal). Expected contrast ratio of 4.5:1"
"4b05be2b-f963-4b57-a76e-8f5dc1e53662","https://www.tech.gov.sg/","mustFix","color-contrast","Elements must meet minimum color contrast ratio thresholds","https://dequeuniversity.com/rules/axe/4.7/color-contrast?application=purple-hats","wcag143","<p class=""has-text-white-trans padding--bottom--sm"">Unleash your passion and potential with us</p>","Fix any of the following:   Element has insufficient color contrast of 4.05 (foreground color: #ddc4df, background color: #8f3b93, font size: 12.0pt (16px), font weight: normal). Expected contrast ratio of 4.5:1"
"1267b7f5-428e-46bf-a056-b9360263d644","https://www.tech.gov.sg/","mustFix","color-contrast","Elements must meet minimum color contrast ratio thresholds","https://dequeuniversity.com/rules/axe/4.7/color-contrast?application=purple-hats","wcag143","<span>Learn More About LifeSG</span>","Fix any of the following:   Element has insufficient color contrast of 4.11 (foreground color: #4372d6, background color: #f0f4f6, font size: 13.5pt (18px), font weight: normal). Expected contrast ratio of 4.5:1"
"d2fc2d4c-e939-4b24-ac1b-fa0cb4a099b1","https://www.tech.gov.sg/","mustFix","color-contrast","Elements must meet minimum color contrast ratio thresholds","https://dequeuniversity.com/rules/axe/4.7/color-contrast?application=purple-hats","wcag143","<span>Read More Stories</span>","Fix any of the following:   Element has insufficient color contrast of 4.11 (foreground color: #4372d6, background color: #f0f4f6, font size: 13.5pt (18px), font weight: normal). Expected contrast ratio of 4.5:1"
"6af60abf-acf6-4c91-baa2-14f69b72a0f7","https://www.tech.gov.sg/","mustFix","listitem","<li> elements must be contained in a <ul> or <ol>","https://dequeuniversity.com/rules/axe/4.7/listitem?application=purple-hats","wcag131","<li class=""navbar-item""><a href=""/contact-us/"" class=""is-uppercase"">Contact Us</a><div class=""selector  is-hidden-touch""></div>                    </li>","Fix any of the following:   List item does not have a <ul>, <ol> parent element"
"7a02184a-c32e-4308-b11b-a4a6c81abac6","https://www.tech.gov.sg/","goodToFix","empty-heading","Headings should not be empty","https://dequeuniversity.com/rules/axe/4.7/empty-heading?application=purple-hats","best-practice","<h1 class=""display padding--bottom--lg margin--none"">                    <b class=""is-hidden-touch""></b>                    <b class=""is-hidden-desktop""></b>                  </h1>","Fix any of the following:   Element does not have text that is visible to screen readers   aria-label attribute does not exist or is empty   aria-labelledby attribute does not exist, references elements that do not exist or references elements that are empty   Element has no title attribute"
"5f6a359f-4fc2-46a8-adc8-38ae2eb16300","https://www.tech.gov.sg/","goodToFix","heading-order","Heading levels should only increase by one","https://dequeuniversity.com/rules/axe/4.7/heading-order?application=purple-hats","best-practice","<h4 class=""has-text-white padding--bottom--lg"" style=""line-height: 2.25rem""><b>Today is world programmer day. Meet one of our own!</b></h4>","Fix any of the following:   Heading order invalid"
"b6318d1f-5a30-48fc-b985-d5fbc2645bb6","https://www.tech.gov.sg/","goodToFix","landmark-no-duplicate-contentinfo","Document should not have more than one contentinfo landmark","https://dequeuniversity.com/rules/axe/4.7/landmark-no-duplicate-contentinfo?application=purple-hats","best-practice","<footer class=""bp-footer top-section"" onclick="""">","Fix any of the following:   Document has more than one contentinfo landmark"
"7f6ac1fb-c95b-4e4a-980d-c109ec6eb152","https://www.tech.gov.sg/","goodToFix","landmark-one-main","Document should have one main landmark","https://dequeuniversity.com/rules/axe/4.7/landmark-one-main?application=purple-hats","best-practice","<html lang=""en"" class=""js flexbox flexboxlegacy canvas canvastext webgl no-touch geolocation postmessage websqldatabase indexeddb hashchange history draganddrop websockets rgba hsla multiplebgs backgroundsize borderimage borderradius boxshadow textshadow opacity cssanimations csscolumns cssgradients cssreflections csstransforms csstransforms3d csstransitions fontface generatedcontent video audio localstorage sessionstorage webworkers no-applicationcache svg inlinesvg smil svgclippaths hydrated"">","Fix all of the following:   Document does not have a main landmark"
"79192557-21d9-4e67-846a-42afeadaf5ea","https://www.tech.gov.sg/","goodToFix","landmark-unique","Ensures landmarks are unique","https://dequeuniversity.com/rules/axe/4.7/landmark-unique?application=purple-hats","best-practice","<footer class=""bp-footer top-section"" onclick="""">","Fix any of the following:   The landmark must have a unique aria-label, aria-labelledby, or title to make landmarks distinguishable"
"9a5c4c55-c3c5-41ae-b2ce-b24cc678fffb","https://www.tech.gov.sg/","goodToFix","region","All page content should be contained by landmarks","https://dequeuniversity.com/rules/axe/4.7/region?application=purple-hats","best-practice","<div class=""masthead-layout"" id=""bp-masthead"">","Fix any of the following:   Some page content is not contained by landmarks"
"b88f0dad-b046-4b33-894c-61d1a558f922","https://www.tech.gov.sg/","goodToFix","region","All page content should be contained by landmarks","https://dequeuniversity.com/rules/axe/4.7/region?application=purple-hats","best-practice","<a href=""https://careers.tech.gov.sg/"" class=""bp-button is-secondary is-uppercase search-button"">Visit Now</a>","Fix any of the following:   Some page content is not contained by landmarks"
"1e4eea67-5726-4e3b-98a3-eee37b955c20","https://www.tech.gov.sg/","goodToFix","region","All page content should be contained by landmarks","https://dequeuniversity.com/rules/axe/4.7/region?application=purple-hats","best-practice","<section id=""key-highlights"" class=""bp-section is-paddingless"">","Fix any of the following:   Some page content is not contained by landmarks"
"4033d0dd-d06e-4e47-a858-128eef2b0178","https://www.tech.gov.sg/","goodToFix","region","All page content should be contained by landmarks","https://dequeuniversity.com/rules/axe/4.7/region?application=purple-hats","best-practice","<p class=""padding--bottom eyebrow is-uppercase"">Singpass</p>","Fix any of the following:   Some page content is not contained by landmarks"
"c61ef98c-f74e-479b-ab01-2bafbbe367f0","https://www.tech.gov.sg/","goodToFix","region","All page content should be contained by landmarks","https://dequeuniversity.com/rules/axe/4.7/region?application=purple-hats","best-practice","<h1 class=""has-text-secondary padding--bottom"">                    <b>Your improved digital identity</b>                </h1>","Fix any of the following:   Some page content is not contained by landmarks"
"7a90fd68-dd21-426a-a187-1ef17c42c5ec","https://www.tech.gov.sg/","goodToFix","region","All page content should be contained by landmarks","https://dequeuniversity.com/rules/axe/4.7/region?application=purple-hats","best-practice","<p>Singpass is Singapore residents' trusted digital identity for convenient and secure access to thousands of government and private sector services, online and in person.</p>","Fix any of the following:   Some page content is not contained by landmarks"
"4fb75c4b-7f9c-4085-8e0c-412f56d66531","https://www.tech.gov.sg/","goodToFix","region","All page content should be contained by landmarks","https://dequeuniversity.com/rules/axe/4.7/region?application=purple-hats","best-practice","<span>Learn More About Singpass</span>","Fix any of the following:   Some page content is not contained by landmarks"
"ac6d24ee-620f-44e9-b8c2-37f0e355b66e","https://www.tech.gov.sg/","goodToFix","region","All page content should be contained by landmarks","https://dequeuniversity.com/rules/axe/4.7/region?application=purple-hats","best-practice","<div class=""col is-half is-half padding--top--xl padding--bottom--xl"">                <img src=""https://d33wubrfki0l68.cloudfront.net/af5ed6bb161e22f55719003120dd9b402fdff18b/45087/images/singpass_homepage_2560.jpg"" alt=""Singpass"">            </div>","Fix any of the following:   Some page content is not contained by landmarks"
"e69331e7-6999-483e-be2e-fda41b907c21","https://www.tech.gov.sg/","goodToFix","region","All page content should be contained by landmarks","https://dequeuniversity.com/rules/axe/4.7/region?application=purple-hats","best-practice","<div class=""col is-half is-half padding--top--xl padding--bottom--xl"">                <img src=""https://d33wubrfki0l68.cloudfront.net/9180bcd0cf77d337727b8ff12636baceacc0b2df/c6124/images/lifesg_homepage_2560.jpg"" alt=""LifeSG"">            </div>","Fix any of the following:   Some page content is not contained by landmarks"
"3df64143-a49f-4583-8746-cfc1331fa23b","https://www.tech.gov.sg/","goodToFix","region","All page content should be contained by landmarks","https://dequeuniversity.com/rules/axe/4.7/region?application=purple-hats","best-practice","<p class=""padding--bottom eyebrow is-uppercase"">LifeSG</p>","Fix any of the following:   Some page content is not contained by landmarks"
"0d14a4d2-20c7-4428-87d5-1ebeb7de5a4e","https://www.tech.gov.sg/","goodToFix","region","All page content should be contained by landmarks","https://dequeuniversity.com/rules/axe/4.7/region?application=purple-hats","best-practice","<h1 class=""has-text-secondary padding--bottom"">                    <b>Simpler services. Better lives.</b>                </h1>","Fix any of the following:   Some page content is not contained by landmarks"
"1dbade0a-17a7-4ea9-b5a6-014f9d56a9cc","https://www.tech.gov.sg/","goodToFix","region","All page content should be contained by landmarks","https://dequeuniversity.com/rules/axe/4.7/region?application=purple-hats","best-practice","<p>LifeSG offers a simplified experience across government services so citizens can save time and focus on the things that matter.</p>","Fix any of the following:   Some page content is not contained by landmarks"
"adbd65b7-9a53-4318-b3fa-3080ace1463b","https://www.tech.gov.sg/","goodToFix","region","All page content should be contained by landmarks","https://dequeuniversity.com/rules/axe/4.7/region?application=purple-hats","best-practice","<span>Learn More About LifeSG</span>","Fix any of the following:   Some page content is not contained by landmarks"
"0409d74a-d68a-4f90-b81e-c7ee3e42677d","https://www.tech.gov.sg/","goodToFix","region","All page content should be contained by landmarks","https://dequeuniversity.com/rules/axe/4.7/region?application=purple-hats","best-practice","<p class=""padding--bottom eyebrow is-uppercase"">GoBusiness</p>","Fix any of the following:   Some page content is not contained by landmarks"
"0ee990ae-5e69-42be-b3c3-8fdb18f61527","https://www.tech.gov.sg/","goodToFix","region","All page content should be contained by landmarks","https://dequeuniversity.com/rules/axe/4.7/region?application=purple-hats","best-practice","<h1 class=""has-text-secondary padding--bottom"">                    <b>Your business partner from the get-go</b>                </h1>","Fix any of the following:   Some page content is not contained by landmarks"
"f8e8348e-62b5-4a4a-87b4-60e660f377b4","https://www.tech.gov.sg/","goodToFix","region","All page content should be contained by landmarks","https://dequeuniversity.com/rules/axe/4.7/region?application=purple-hats","best-practice","<p>GoBusiness provides government resources and e-services all in one place to help businesses in Singapore in their journey.</p>","Fix any of the following:   Some page content is not contained by landmarks"
"b2afa94c-8def-4ddc-949e-b383c864c60f","https://www.tech.gov.sg/","goodToFix","region","All page content should be contained by landmarks","https://dequeuniversity.com/rules/axe/4.7/region?application=purple-hats","best-practice","<span>Learn More About GoBusiness</span>","Fix any of the following:   Some page content is not contained by landmarks"
"085e0932-b7ba-4eeb-a44d-8369f54129c2","https://www.tech.gov.sg/","goodToFix","region","All page content should be contained by landmarks","https://dequeuniversity.com/rules/axe/4.7/region?application=purple-hats","best-practice","<div class=""col is-half is-half padding--top--xl padding--bottom--xl"">                <img src=""https://d33wubrfki0l68.cloudfront.net/f706a5bc55036acb69e5efb04f0d40324efc0261/34070/images/gobiz_homepage_2560.png"" alt=""GoBusiness"">            </div>","Fix any of the following:   Some page content is not contained by landmarks"
"d3a0d617-d92f-4e75-9cfe-a4f76519305f","https://www.tech.gov.sg/","goodToFix","region","All page content should be contained by landmarks","https://dequeuniversity.com/rules/axe/4.7/region?application=purple-hats","best-practice","<div class=""row"">","Fix any of the following:   Some page content is not contained by landmarks"
"108713c4-06ed-4e54-8518-1d270983c559","https://www.tech.gov.sg/","goodToFix","region","All page content should be contained by landmarks","https://dequeuniversity.com/rules/axe/4.7/region?application=purple-hats","best-practice","<div class=""row padding--bottom"">","Fix any of the following:   Some page content is not contained by landmarks"
"b25a0c06-1289-4294-aeaa-5303fd03b5a9","https://www.tech.gov.sg/","goodToFix","region","All page content should be contained by landmarks","https://dequeuniversity.com/rules/axe/4.7/region?application=purple-hats","best-practice","<span>Read More Stories</span>","Fix any of the following:   Some page content is not contained by landmarks"
"700de35e-bc9c-4cc3-bc75-c54a238e2dff","https://www.tech.gov.sg/","goodToFix","region","All page content should be contained by landmarks","https://dequeuniversity.com/rules/axe/4.7/region?application=purple-hats","best-practice","<div class=""sc-EHOje hclKXJ"">Chat with Gayle!</div>","Fix any of the following:   Some page content is not contained by landmarks"
"e74c001f-95aa-445c-b5bb-f42b66140eca","https://www.tech.gov.sg/","goodToFix","region","All page content should be contained by landmarks","https://dequeuniversity.com/rules/axe/4.7/region?application=purple-hats","best-practice","<div class=""sc-bwzfXH cRwaRu""><img alt=""Bot Launcher"" src=""https://www.tech.gov.sg/images/AskGayle-gif.gif"" class=""sc-htpNat iUqtne""></div>","Fix any of the following:   Some page content is not contained by landmarks"